n,m,w,delta,vector,trial,p,jacobian,formula,symmetry
2,0,0,1e-08,0,1,0.5,7.8370457832838e-11,0,0
2,0,0,1e-08,0,1,1,7.8370457832838e-11,0,0
2,0,0,1e-08,0,1,1.5,7.8370457832838e-11,0,0
2,0,0,1e-08,0,2,0.5,7.47499793045444e-11,0,0
2,0,0,1e-08,0,2,1,7.47499793045444e-11,0,0
2,0,0,1e-08,0,2,1.5,7.47499793045444e-11,0,0
2,0,0,1e-08,0,3,0.5,3.86000900577276e-11,0,0
2,0,0,1e-08,0,3,1,3.86000900577276e-11,0,0
2,0,0,1e-08,0,3,1.5,3.86000900577276e-11,0,0
2,0,0,1e-08,0,4,0.5,5.36150134081176e-11,0,0
2,0,0,1e-08,0,4,1,5.36150134081176e-11,0,0
2,0,0,1e-08,0,4,1.5,5.36150134081176e-11,0,0
2,0,0,1e-08,0,5,0.5,8.44034133927995e-11,0,0
2,0,0,1e-08,0,5,1,8.44034133927995e-11,0,0
2,0,0,1e-08,0,5,1.5,8.44034133927995e-11,0,0
2,0,0,0.0001,0,1,0.5,9.38014004528029e-11,0,0
2,0,0,0.0001,0,1,1,9.38014004528029e-11,0,0
2,0,0,0.0001,0,1,1.5,9.38014004528029e-11,0,0
2,0,0,0.0001,0,2,0.5,3.67213826847011e-11,0,0
2,0,0,0.0001,0,2,1,3.67213826847011e-11,0,0
2,0,0,0.0001,0,2,1.5,3.67213826847011e-11,0,0
2,0,0,0.0001,0,3,0.5,1.61253450253884e-11,0,0
2,0,0,0.0001,0,3,1,1.61253450253884e-11,0,0
2,0,0,0.0001,0,3,1.5,1.61253450253884e-11,0,0
2,0,0,0.0001,0,4,0.5,3.86000900577276e-11,0,0
2,0,0,0.0001,0,4,1,3.86000900577276e-11,0,0
2,0,0,0.0001,0,4,1.5,3.86000900577276e-11,0,0
2,0,0,0.0001,0,5,0.5,1.42002721584883e-10,0,0
2,0,0,0.0001,0,5,1,1.42002721584883e-10,0,0
2,0,0,0.0001,0,5,1.5,1.42002721584883e-10,0,0
2,0,0,0.01,0,1,0.5,2.04975401609692e-11,0,0
2,0,0,0.01,0,1,1,2.04975401609692e-11,0,0
2,0,0,0.01,0,1,1.5,2.04975401609692e-11,0,0
2,0,0,0.01,0,2,0.5,7.14402229294026e-11,0,0
2,0,0,0.01,0,2,1,7.14402229294026e-11,0,0
2,0,0,0.01,0,2,1.5,7.14402229294026e-11,0,0
2,0,0,0.01,0,3,0.5,5.40256786739328e-11,0,0
2,0,0,0.01,0,3,1,5.40256786739328e-11,0,0
2,0,0,0.01,0,3,1.5,5.40256786739328e-11,0,0
2,0,0,0.01,0,4,0.5,7.8370457832838e-11,0,0
2,0,0,0.01,0,4,1,7.8370457832838e-11,0,0
2,0,0,0.01,0,4,1.5,7.8370457832838e-11,0,0
2,0,0,0.01,0,5,0.5,6.13947288232252e-11,0,0
2,0,0,0.01,0,5,1,6.13947288232252e-11,0,0
2,0,0,0.01,0,5,1.5,6.13947288232252e-11,0,0
2,0,4,1e-08,0,1,0.5,2.35271192840247e-10,0,0
2,0,4,1e-08,0,1,1,2.35271192840247e-10,0,0
2,0,4,1e-08,0,1,1.5,2.35271192840247e-10,0,0
2,0,4,1e-08,1,2,0.5,1.72261622114191e-10,0,0
2,0,4,1e-08,1,2,1,1.72261622114191e-10,0,0
2,0,4,1e-08,1,2,1.5,1.72261622114191e-10,0,0
2,0,4,1e-08,0,3,0.5,6.19594813435413e-11,0,0
2,0,4,1e-08,0,3,1,6.19594813435413e-11,0,0
2,0,4,1e-08,0,3,1.5,6.19594813435413e-11,0,0
2,0,4,1e-08,1,4,0.5,1.21489240397031e-10,0,0
2,0,4,1e-08,1,4,1,1.21489240397031e-10,0,0
2,0,4,1e-08,1,4,1.5,1.21489240397031e-10,0,0
2,0,4,1e-08,0,5,0.5,2.257583066622e-10,0,0
2,0,4,1e-08,0,5,1,2.257583066622e-10,0,0
2,0,4,1e-08,0,5,1.5,2.257583066622e-10,0,0
2,0,4,0.0001,0,1,0.5,4.25274160526261e-11,0,0
2,0,4,0.0001,0,1,1,4.25274160526261e-11,0,0
2,0,4,0.0001,0,1,1.5,4.25274160526261e-11,0,0
2,0,4,0.0001,1,2,0.5,4.08967276027696e-10,0,0
2,0,4,0.0001,1,2,1,4.08967276027696e-10,0,0
2,0,4,0.0001,1,2,1.5,4.08967276027696e-10,0,0
2,0,4,0.0001,0,3,0.5,9.78513218782104e-11,0,0
2,0,4,0.0001,0,3,1,9.78513218782104e-11,0,0
2,0,4,0.0001,0,3,1.5,9.78513218782104e-11,0,0
2,0,4,0.0001,1,4,0.5,5.05601039876498e-11,0,0
2,0,4,0.0001,1,4,1,5.05601039876498e-11,0,0
2,0,4,0.0001,1,4,1.5,5.05601039876498e-11,0,0
2,0,4,0.0001,0,5,0.5,6.02582142354399e-11,0,0
2,0,4,0.0001,0,5,1,6.02582142354399e-11,0,0
2,0,4,0.0001,0,5,1.5,6.02582142354399e-11,0,0
2,0,4,0.01,0,1,0.5,1.00659521205878e-10,0,0
2,0,4,0.01,0,1,1,1.00659521205878e-10,0,0
2,0,4,0.01,0,1,1.5,1.00659521205878e-10,0,0
2,0,4,0.01,1,2,0.5,1.26596590748007e-10,0,0
2,0,4,0.01,1,2,1,1.26596590748007e-10,0,0
2,0,4,0.01,1,2,1.5,1.26596590748007e-10,0,0
2,0,4,0.01,0,3,0.5,5.66241686552147e-11,0,0
2,0,4,0.01,0,3,1,5.66241686552147e-11,0,0
2,0,4,0.01,0,3,1.5,5.66241686552147e-11,0,0
2,0,4,0.01,1,4,0.5,7.8290942406878e-11,0,0
2,0,4,0.01,1,4,1,7.8290942406878e-11,0,0
2,0,4,0.01,1,4,1.5,7.8290942406878e-11,0,0
2,0,4,0.01,0,5,0.5,6.62555739735804e-11,0,0
2,0,4,0.01,0,5,1,6.62555739735804e-11,0,0
2,0,4,0.01,0,5,1.5,6.62555739735804e-11,0,0
2,1,0,1e-08,0,1,0.5,6.4197897889289e-11,0,0
2,1,0,1e-08,0,1,1,6.4197897889289e-11,0,0
2,1,0,1e-08,0,1,1.5,6.4197897889289e-11,0,0
2,1,0,1e-08,0,2,0.5,8.2252139572132e-11,0,0
2,1,0,1e-08,0,2,1,8.2252139572132e-11,0,0
2,1,0,1e-08,0,2,1.5,8.2252139572132e-11,0,0
2,1,0,1e-08,0,3,0.5,5.19850574496817e-11,0,0
2,1,0,1e-08,0,3,1,5.19850574496817e-11,0,0
2,1,0,1e-08,0,3,1.5,5.19850574496817e-11,0,0
2,1,0,1e-08,0,4,0.5,1.06893762134415e-10,0,0
2,1,0,1e-08,0,4,1,1.06893762134415e-10,0,0
2,1,0,1e-08,0,4,1.5,1.06893762134415e-10,0,0
2,1,0,1e-08,0,5,0.5,7.39709589870718e-11,0,0
2,1,0,1e-08,0,5,1,7.39709589870718e-11,0,0
2,1,0,1e-08,0,5,1.5,7.39709589870718e-11,0,0
2,1,0,0.0001,0,1,0.5,7.76565736179197e-11,0,0
2,1,0,0.0001,0,1,1,7.76565736179197e-11,0,0
2,1,0,0.0001,0,1,1.5,7.76565736179197e-11,0,0
2,1,0,0.0001,0,2,0.5,1.10659600484361e-10,0,0
2,1,0,0.0001,0,2,1,1.10659600484361e-10,0,0
2,1,0,0.0001,0,2,1.5,1.10659600484361e-10,0,0
2,1,0,0.0001,0,3,0.5,6.19771907895384e-11,0,0
2,1,0,0.0001,0,3,1,6.19771907895384e-11,0,0
2,1,0,0.0001,0,3,1.5,6.19771907895384e-11,0,0
2,1,0,0.0001,0,4,0.5,2.89066077335926e-11,0,0
2,1,0,0.0001,0,4,1,2.89066077335926e-11,0,0
2,1,0,0.0001,0,4,1.5,2.89066077335926e-11,0,0
2,1,0,0.0001,0,5,0.5,1.71095464773583e-10,0,0
2,1,0,0.0001,0,5,1,1.71095464773583e-10,0,0
2,1,0,0.0001,0,5,1.5,1.71095464773583e-10,0,0
2,1,0,0.01,0,1,0.5,2.68094608829436e-11,0,0
2,1,0,0.01,0,1,1,2.68094608829436e-11,0,0
2,1,0,0.01,0,1,1.5,2.68094608829436e-11,0,0
2,1,0,0.01,0,2,0.5,1.66240308075227e-11,0,0
2,1,0,0.01,0,2,1,1.66240308075227e-11,0,0
2,1,0,0.01,0,2,1.5,1.66240308075227e-11,0,0
2,1,0,0.01,0,3,0.5,9.1352286054979e-11,0,0
2,1,0,0.01,0,3,1,9.1352286054979e-11,0,0
2,1,0,0.01,0,3,1.5,9.1352286054979e-11,0,0
2,1,0,0.01,0,4,0.5,2.70925785606382e-11,0,0
2,1,0,0.01,0,4,1,2.70925785606382e-11,0,0
2,1,0,0.01,0,4,1.5,2.70925785606382e-11,0,0
2,1,0,0.01,0,5,0.5,2.00579652571419e-10,0,0
2,1,0,0.01,0,5,1,2.00579652571419e-10,0,0
2,1,0,0.01,0,5,1.5,2.00579652571419e-10,0,0
2,1,4,1e-08,0,1,0.5,1.00025955813845e-10,0,2.41174904132966e-16
2,1,4,1e-08,0,1,1,1.00025955813845e-10,0,1.68060544039127e-16
2,1,4,1e-08,0,1,1.5,1.00025955813845e-10,0,3.64245482407473e-16
2,1,4,1e-08,1,2,0.5,1.03201725304703e-10,0,0
2,1,4,1e-08,1,2,1,1.03201725304703e-10,0,0
2,1,4,1e-08,1,2,1.5,1.03201725304703e-10,0,0
2,1,4,1e-08,0,3,0.5,1.4501111260723e-10,0,2.04443415369519e-16
2,1,4,1e-08,0,3,1,1.4501111260723e-10,0,3.22951852577555e-16
2,1,4,1e-08,0,3,1.5,1.4501111260723e-10,0,4.72252815106123e-16
2,1,4,1e-08,1,4,0.5,1.22490272712181e-10,0,0
2,1,4,1e-08,1,4,1,1.22490272712181e-10,0,0
2,1,4,1e-08,1,4,1.5,1.22490272712181e-10,0,0
2,1,4,1e-08,0,5,0.5,1.4031474127279e-10,0,2.11476841995945e-16
2,1,4,1e-08,0,5,1,1.4031474127279e-10,0,2.2526514442526e-16
2,1,4,1e-08,0,5,1.5,1.4031474127279e-10,0,2.14583245798264e-16
2,1,4,0.0001,0,1,0.5,9.20752595980065e-11,0,2.18518529503566e-16
2,1,4,0.0001,0,1,1,9.20752595980065e-11,0,2.23902075332878e-16
2,1,4,0.0001,0,1,1.5,9.20752595980065e-11,0,1.58482964748079e-16
2,1,4,0.0001,1,2,0.5,1.87628636740376e-10,0,1.10132956083477e-16
2,1,4,0.0001,1,2,1,1.87628636740376e-10,0,9.9699514264999e-17
2,1,4,0.0001,1,2,1.5,1.87628636740376e-10,0,1.75535312547414e-16
2,1,4,0.0001,0,3,0.5,1.57394839609057e-10,0,1.41888347017565e-16
2,1,4,0.0001,0,3,1,1.57394839609057e-10,0,5.88760777979175e-17
2,1,4,0.0001,0,3,1.5,1.57394839609057e-10,0,2.3618761543795e-16
2,1,4,0.0001,1,4,0.5,1.89414006244095e-10,0,0
2,1,4,0.0001,1,4,1,1.89414006244095e-10,0,0
2,1,4,0.0001,1,4,1.5,1.89414006244095e-10,0,0
2,1,4,0.0001,0,5,0.5,1.39211110803756e-10,0,4.30572904872978e-16
2,1,4,0.0001,0,5,1,1.39211110803756e-10,0,2.1902344911776e-16
2,1,4,0.0001,0,5,1.5,1.39211110803756e-10,0,2.92415636830198e-16
2,1,4,0.01,0,1,0.5,7.3612656815103e-11,0,1.51142272675087e-16
2,1,4,0.01,0,1,1,7.3612656815103e-11,0,8.05146211863981e-17
2,1,4,0.01,0,1,1.5,7.3612656815103e-11,0,1.7358194503392e-16
2,1,4,0.01,1,2,0.5,1.12758904209038e-10,0,0
2,1,4,0.01,1,2,1,1.12758904209038e-10,0,0
2,1,4,0.01,1,2,1.5,1.12758904209038e-10,0,0
2,1,4,0.01,0,3,0.5,1.84320884487879e-10,0,1.58309533425962e-16
2,1,4,0.01,0,3,1,1.84320884487879e-10,0,1.0342290351224e-16
2,1,4,0.01,0,3,1.5,1.84320884487879e-10,0,1.23527352966023e-16
2,1,4,0.01,1,4,0.5,1.6624270415961e-10,0,0
2,1,4,0.01,1,4,1,1.6624270415961e-10,0,0
2,1,4,0.01,1,4,1.5,1.6624270415961e-10,0,0
2,1,4,0.01,0,5,0.5,1.28972256473099e-10,0,3.21919935913315e-17
2,1,4,0.01,0,5,1,1.28972256473099e-10,0,2.97824940851899e-17
2,1,4,0.01,0,5,1.5,1.28972256473099e-10,0,2.78138624388957e-17
3,0,0,1e-08,0,1,0.5,3.59379408208552e-11,0,0
3,0,0,1e-08,0,1,1,3.59379408208552e-11,0,2.40048221540574e-17
3,0,0,1e-08,0,1,1.5,3.59379408208552e-11,0,3.40493922608762e-17
3,0,0,1e-08,0,2,0.5,4.25406035229294e-11,0,7.94850120478012e-18
3,0,0,1e-08,0,2,1,4.25406035229294e-11,0,1.20024110770287e-17
3,0,0,1e-08,0,2,1.5,4.25406035229294e-11,0,9.06195192971395e-18
3,0,0,1e-08,0,3,0.5,6.88793929488022e-11,0,1.58616720093423e-17
3,0,0,1e-08,0,3,1,6.88793929488022e-11,0,1.80036166155431e-17
3,0,0,1e-08,0,3,1.5,6.88793929488022e-11,0,1.70290060976627e-17
3,0,0,1e-08,0,4,0.5,1.0244025484237e-10,0,5.10786643548596e-17
3,0,0,1e-08,0,4,1,1.0244025484237e-10,0,5.1274322597487e-17
3,0,0,1e-08,0,4,1.5,1.0244025484237e-10,0,5.14707303144476e-17
3,0,0,1e-08,0,5,0.5,5.0206415198349e-11,0,2.2442495974141e-17
3,0,0,1e-08,0,5,1,5.0206415198349e-11,0,2.40048221540574e-17
3,0,0,1e-08,0,5,1.5,5.0206415198349e-11,0,2.56759091017273e-17
3,0,0,0.0001,0,1,0.5,7.161294803864e-11,0,0
3,0,0,0.0001,0,1,1,7.161294803864e-11,0,0
3,0,0,0.0001,0,1,1.5,7.161294803864e-11,0,0
3,0,0,0.0001,0,2,0.5,9.07507381074441e-11,0,1.04449572366644e-17
3,0,0,0.0001,0,2,1,9.07507381074441e-11,0,1.80036166155431e-17
3,0,0,0.0001,0,2,1.5,9.07507381074441e-11,0,1.37920977939769e-17
3,0,0,0.0001,0,3,0.5,8.72654005088231e-11,0,1.45045519891138e-16
3,0,0,0.0001,0,3,1,8.72654005088231e-11,0,1.9203857723246e-16
3,0,0,0.0001,0,3,1.5,8.72654005088231e-11,0,1.27128418627291e-16
3,0,0,0.0001,0,4,0.5,7.38443070354571e-11,0,2.85450826673964e-17
3,0,0,0.0001,0,4,1,7.38443070354571e-11,0,2.40048221540574e-17
3,0,0,0.0001,0,4,1.5,7.38443070354571e-11,0,2.27100558801095e-17
3,0,0,0.0001,0,5,0.5,1.20890927070207e-10,0,4.56809345449995e-18
3,0,0,0.0001,0,5,1,1.20890927070207e-10,0,4.50090415388577e-18
3,0,0,0.0001,0,5,1.5,1.20890927070207e-10,0,3.94195831085922e-18
3,0,0,0.01,0,1,0.5,1.03423097077372e-10,0,1.33755129607617e-17
3,0,0,0.01,0,1,1,1.03423097077372e-10,0,1.20024110770287e-17
3,0,0,0.01,0,1,1.5,1.03423097077372e-10,0,1.6155403394762e-17
3,0,0,0.01,0,2,0.5,7.89134356322674e-11,0,1.09999567065255e-17
3,0,0,0.01,0,2,1,7.89134356322674e-11,0,1.20024110770287e-17
3,0,0,0.01,0,2,1.5,7.89134356322674e-11,0,1.3096221694811e-17
3,0,0,0.01,0,3,0.5,5.90187108513585e-11,0,9.00983615744734e-17
3,0,0,0.01,0,3,1,5.90187108513585e-11,0,9.60192886162297e-17
3,0,0,0.01,0,3,1.5,5.90187108513585e-11,0,1.02329316818331e-16
3,0,0,0.01,0,4,0.5,2.90424713439127e-11,0,0
3,0,0,0.01,0,4,1,2.90424713439127e-11,0,0
3,0,0,0.01,0,4,1.5,2.90424713439127e-11,0,0
3,0,0,0.01,0,5,0.5,1.31959257448895e-10,0,0
3,0,0,0.01,0,5,1,1.31959257448895e-10,0,0
3,0,0,0.01,0,5,1.5,1.31959257448895e-10,0,0
3,0,4,1e-08,0,1,0.5,1.27198585901735e-10,0,0
3,0,4,1e-08,0,1,1,1.27198585901735e-10,0,0
3,0,4,1e-08,0,1,1.5,1.27198585901735e-10,0,0
3,0,4,1e-08,1,2,0.5,1.51781362273507e-10,0,1.66783458316448e-17
3,0,4,1e-08,1,2,1,1.51781362273507e-10,0,2.40048221540574e-17
3,0,4,1e-08,1,2,1.5,1.51781362273507e-10,0,3.45496785151563e-17
3,0,4,1e-08,0,3,0.5,1.32005448792563e-10,0,6.35366732534926e-17
3,0,4,1e-08,0,3,1,1.32005448792563e-10,0,1.13864869251136e-16
3,0,4,1e-08,0,3,1.5,1.32005448792563e-10,0,1.26564307431046e-16
3,0,4,1e-08,1,4,0.5,1.59561248065043e-10,0,0
3,0,4,1e-08,1,4,1,1.59561248065043e-10,0,0
3,0,4,1e-08,1,4,1.5,1.59561248065043e-10,0,0
3,0,4,1e-08,0,5,0.5,2.6157687993841e-10,0,0
3,0,4,1e-08,0,5,1,2.6157687993841e-10,0,0
3,0,4,1e-08,0,5,1.5,2.6157687993841e-10,0,0
3,0,4,0.0001,0,1,0.5,8.09450599006704e-11,0,0
3,0,4,0.0001,0,1,1,8.09450599006704e-11,0,0
3,0,4,0.0001,0,1,1.5,8.09450599006704e-11,0,0
3,0,4,0.0001,1,2,0.5,1.50131374004582e-10,0,7.96150742448334e-17
3,0,4,0.0001,1,2,1,1.50131374004582e-10,0,9.60192886162298e-17
3,0,4,0.0001,1,2,1.5,1.50131374004582e-10,0,1.15803494172652e-16
3,0,4,0.0001,0,3,0.5,1.7597191409756e-10,0,0
3,0,4,0.0001,0,3,1,1.7597191409756e-10,0,0
3,0,4,0.0001,0,3,1.5,1.7597191409756e-10,0,0
3,0,4,0.0001,1,4,0.5,1.49732385330435e-10,0,6.73596194114003e-17
3,0,4,0.0001,1,4,1,1.49732385330435e-10,0,4.80096443081149e-17
3,0,4,0.0001,1,4,1.5,1.49732385330435e-10,0,6.84364302153883e-17
3,0,4,0.0001,0,5,0.5,2.17501340382472e-10,0,0
3,0,4,0.0001,0,5,1,2.17501340382472e-10,0,0
3,0,4,0.0001,0,5,1.5,2.17501340382472e-10,0,0
3,0,4,0.01,0,1,0.5,1.63513435050686e-10,0,6.83017993145204e-17
3,0,4,0.01,0,1,1,1.63513435050686e-10,0,5.36764141242654e-17
3,0,4,0.01,0,1,1.5,1.63513435050686e-10,0,4.71617434625402e-17
3,0,4,0.01,1,2,0.5,1.43774551437709e-10,0,4.81787362046917e-17
3,0,4,0.01,1,2,1,1.43774551437709e-10,0,4.80096443081149e-17
3,0,4,0.01,1,2,1.5,1.43774551437709e-10,0,4.78411458698091e-17
3,0,4,0.01,0,3,0.5,1.06387150874797e-10,0,8.95736580351008e-17
3,0,4,0.01,0,3,1,1.06387150874797e-10,0,2.64053043694632e-16
3,0,4,0.01,0,3,1.5,1.06387150874797e-10,0,4.10305319174705e-16
3,0,4,0.01,1,4,0.5,1.13664147867341e-10,0,1.01735320536542e-16
3,0,4,0.01,1,4,1,1.13664147867341e-10,0,1.36321184870128e-16
3,0,4,0.01,1,4,1.5,1.13664147867341e-10,0,9.2778144063011e-17
3,0,4,0.01,0,5,0.5,2.12641610764941e-10,0,0
3,0,4,0.01,0,5,1,2.12641610764941e-10,0,0
3,0,4,0.01,0,5,1.5,2.12641610764941e-10,0,0
3,1,0,1e-08,0,1,0.5,4.29266458361865e-11,0,0
3,1,0,1e-08,0,1,1,4.29266458361865e-11,0,0
3,1,0,1e-08,0,1,1.5,4.29266458361865e-11,0,0
3,1,0,1e-08,0,2,0.5,5.54087361938795e-11,0,0
3,1,0,1e-08,0,2,1,5.54087361938795e-11,0,0
3,1,0,1e-08,0,2,1.5,5.54087361938795e-11,0,0
3,1,0,1e-08,0,3,0.5,2.32549702598985e-10,0,0
3,1,0,1e-08,0,3,1,2.32549702598985e-10,0,0
3,1,0,1e-08,0,3,1.5,2.32549702598985e-10,0,0
3,1,0,1e-08,0,4,0.5,6.81134293112888e-11,0,0
3,1,0,1e-08,0,4,1,6.81134293112888e-11,0,0
3,1,0,1e-08,0,4,1.5,6.81134293112888e-11,0,0
3,1,0,1e-08,0,5,0.5,1.09257484449409e-10,0,0
3,1,0,1e-08,0,5,1,1.09257484449409e-10,0,0
3,1,0,1e-08,0,5,1.5,1.09257484449409e-10,0,0
3,1,0,0.0001,0,1,0.5,2.10449113921113e-10,0,0
3,1,0,0.0001,0,1,1,2.10449113921113e-10,0,0
3,1,0,0.0001,0,1,1.5,2.10449113921113e-10,0,0
3,1,0,0.0001,0,2,0.5,6.450825355521e-11,0,0
3,1,0,0.0001,0,2,1,6.450825355521e-11,0,0
3,1,0,0.0001,0,2,1.5,6.450825355521e-11,0,0
3,1,0,0.0001,0,3,0.5,1.08656193709318e-10,0,0
3,1,0,0.0001,0,3,1,1.08656193709318e-10,0,0
3,1,0,0.0001,0,3,1.5,1.08656193709318e-10,0,0
3,1,0,0.0001,0,4,0.5,4.69279274926459e-11,0,0
3,1,0,0.0001,0,4,1,4.69279274926459e-11,0,0
3,1,0,0.0001,0,4,1.5,4.69279274926459e-11,0,0
3,1,0,0.0001,0,5,0.5,5.40786039722396e-11,0,0
3,1,0,0.0001,0,5,1,5.40786039722396e-11,0,0
3,1,0,0.0001,0,5,1.5,5.40786039722396e-11,0,0
3,1,0,0.01,0,1,0.5,2.56393201497178e-11,0,0
3,1,0,0.01,0,1,1,2.56393201497178e-11,0,0
3,1,0,0.01,0,1,1.5,2.56393201497178e-11,0,0
3,1,0,0.01,0,2,0.5,2.83784323314411e-10,0,0
3,1,0,0.01,0,2,1,2.83784323314411e-10,0,0
3,1,0,0.01,0,2,1.5,2.83784323314411e-10,0,0
3,1,0,0.01,0,3,0.5,5.78272412114948e-11,0,0
3,1,0,0.01,0,3,1,5.78272412114948e-11,0,0
3,1,0,0.01,0,3,1.5,5.78272412114948e-11,0,0
3,1,0,0.01,0,4,0.5,6.17541789292136e-11,0,0
3,1,0,0.01,0,4,1,6.17541789292136e-11,0,0
3,1,0,0.01,0,4,1.5,6.17541789292136e-11,0,0
3,1,0,0.01,0,5,0.5,1.6602891307153e-11,0,0
3,1,0,0.01,0,5,1,1.6602891307153e-11,0,0
3,1,0,0.01,0,5,1.5,1.6602891307153e-11,0,0
3,1,4,1e-08,0,1,0.5,8.35627782306204e-11,0,0
3,1,4,1e-08,0,1,1,8.35627782306204e-11,0,0
3,1,4,1e-08,0,1,1.5,8.35627782306204e-11,0,0
3,1,4,1e-08,1,2,0.5,1.42478384161807e-10,0,0
3,1,4,1e-08,1,2,1,1.42478384161807e-10,0,0
3,1,4,1e-08,1,2,1.5,1.42478384161807e-10,0,0
3,1,4,1e-08,0,3,0.5,6.79711976646072e-11,0,0
3,1,4,1e-08,0,3,1,6.79711976646072e-11,0,0
3,1,4,1e-08,0,3,1.5,6.79711976646072e-11,0,0
3,1,4,1e-08,1,4,0.5,1.72047108719116e-10,0,0
3,1,4,1e-08,1,4,1,1.72047108719116e-10,0,0
3,1,4,1e-08,1,4,1.5,1.72047108719116e-10,0,0
3,1,4,1e-08,0,5,0.5,1.71056700395342e-10,0,0
3,1,4,1e-08,0,5,1,1.71056700395342e-10,0,0
3,1,4,1e-08,0,5,1.5,1.71056700395342e-10,0,0
3,1,4,0.0001,0,1,0.5,6.98106870763273e-11,0,0
3,1,4,0.0001,0,1,1,6.98106870763273e-11,0,0
3,1,4,0.0001,0,1,1.5,6.98106870763273e-11,0,0
3,1,4,0.0001,1,2,0.5,9.93883732706065e-11,0,0
3,1,4,0.0001,1,2,1,9.93883732706065e-11,0,0
3,1,4,0.0001,1,2,1.5,9.93883732706065e-11,0,0
3,1,4,0.0001,0,3,0.5,9.70473084565726e-11,0,0
3,1,4,0.0001,0,3,1,9.70473084565726e-11,0,0
3,1,4,0.0001,0,3,1.5,9.70473084565726e-11,0,0
3,1,4,0.0001,1,4,0.5,7.88018008819184e-11,0,0
3,1,4,0.0001,1,4,1,7.88018008819184e-11,0,0
3,1,4,0.0001,1,4,1.5,7.88018008819184e-11,0,0
3,1,4,0.0001,0,5,0.5,1.11145489372179e-10,0,0
3,1,4,0.0001,0,5,1,1.11145489372179e-10,0,0
3,1,4,0.0001,0,5,1.5,1.11145489372179e-10,0,0
3,1,4,0.01,0,1,0.5,7.01773423418635e-11,0,0
3,1,4,0.01,0,1,1,7.01773423418635e-11,0,0
3,1,4,0.01,0,1,1.5,7.01773423418635e-11,0,0
3,1,4,0.01,1,2,0.5,1.02997885283009e-10,0,0
3,1,4,0.01,1,2,1,1.02997885283009e-10,0,0
3,1,4,0.01,1,2,1.5,1.02997885283009e-10,0,0
3,1,4,0.01,0,3,0.5,2.53157157766278e-10,0,0
3,1,4,0.01,0,3,1,2.53157157766278e-10,0,0
3,1,4,0.01,0,3,1.5,2.53157157766278e-10,0,0
3,1,4,0.01,1,4,0.5,1.67724958193932e-10,0,0
3,1,4,0.01,1,4,1,1.67724958193932e-10,0,0
3,1,4,0.01,1,4,1.5,1.67724958193932e-10,0,0
3,1,4,0.01,0,5,0.5,1.46613730050482e-10,0,0
3,1,4,0.01,0,5,1,1.46613730050482e-10,0,0
3,1,4,0.01,0,5,1.5,1.46613730050482e-10,0,0
