example,time,direct,stable
1,0,0.000917654865725056,3.85932645914902e-11
1,0.17,0.000911893338590895,4.38909018597079e-11
1,1,0.000897217559675048,3.15779863422392e-11
1,2.3,0.00179197436711717,1.48677504534275e-11
1,5,0.00193369150366748,2.02505457540919e-11
1,10,0.000942685659451623,2.06138644506694e-11
2,0,7.64578537386959e-11,4.02742723423866e-11
2,0.17,8.74688891190723e-11,3.85899107518854e-11
2,1,5.01641391430084e-11,3.92232143616207e-11
2,2.3,4.41777069942088e-11,1.45920276680211e-11
2,5,5.51300395405852e-11,2.57477344978929e-11
2,10,5.19177165672058e-11,1.72098562274773e-11
