example,time,step,sigma,predicted,direct,stable,error,errorstable,difference
1,6.08,0.001,0.259608334905768,0.259608334905768,0.259607591180236,0.259608334905797,7.35103133948008e-06,2.18257504255409e-13,6.89937555203465e-21
1,6.08,0.0001,0.259608334905768,0.259608334905768,0.259570121682818,0.259608334905539,4.63154472275509e-05,8.4788395771544e-13,6.89937555203465e-21
1,6.08,1e-06,0.259608334905768,0.259608334905768,0.252878214105158,0.259608334861325,0.00852764166364014,1.75781400549668e-10,6.89937555203465e-21
1,6.08,1e-08,0.259608334905768,0.259608334905768,0.142921826023468,0.259608334380166,0.216725261392764,4.07079593186941e-09,6.89937555203465e-21
1,6.08,1e-10,0.259608334905768,0.259608334905768,0.142922753383828,0.259608844919768,0.216725261396376,1.25134351935032e-06,6.89937555203465e-21
2,4.66,0.001,0.0271486829766598,0.0271486829766597,0.027148684048091,0.02714868404809,1.59900773188061e-09,1.59902509999257e-09,1.92409400197146e-17
2,4.66,0.0001,0.0271486829766598,0.0271486829766597,0.0271486829876123,0.0271486829873492,1.73806673835031e-11,1.70645733012157e-11,1.92409400197146e-17
2,4.66,1e-06,0.0271486829766598,0.0271486829766597,0.0271486829901633,0.0271486829913342,2.6865417892652e-10,1.97968960250033e-10,1.92409400197146e-17
2,4.66,1e-08,0.0271486829766598,0.0271486829766597,0.0271486849031487,0.0271486841758069,8.7397058595794e-09,6.80091017108855e-09,1.92409400197146e-17
2,4.66,1e-10,0.0271486829766598,0.0271486829766597,0.0271493914436957,0.0271494464123006,1.38333082682482e-06,1.31446860099586e-06,1.92409400197146e-17
