trial,time,model,jacobian,residual,formula,predictor,correction,difference,damping,drift
1,0,M3,1.0740703822102e-10,4.71670597443035e-18,6.79935947243711e-14,0,8.42171160125965e-14,0,0,1.9168354909226e-07
1,0,M5,1.0740703822102e-10,4.71670597443035e-18,6.75356413103238e-14,1.64415604150765e-14,8.42171160125965e-14,0,0,1.9168354909226e-07
1,0,M6,1.0740703822102e-10,4.71670597443035e-18,4.6964484379918e-14,1.9176680478041e-14,5.76539966024052e-14,0,0,1.9168354909226e-07
1,0,M7,1.0740703822102e-10,4.71670597443035e-18,6.56363359114047e-14,4.55926730170166e-14,5.16993789064748e-14,0,0,1.9168354909226e-07
1,5e-06,M3,1.82027016560729e-10,0,7.3260427037784e-15,0,7.51186170011833e-15,0,0,1.91695890670743e-07
1,5e-06,M5,1.82027016560729e-10,0,7.31300407867677e-15,2.03123138645395e-14,7.51186170011833e-15,0,0,1.91695890670743e-07
1,5e-06,M6,1.82027016560729e-10,0,1.3279328427563e-14,2.4214120254508e-14,1.62507977690508e-14,0,0,1.91695890670743e-07
1,5e-06,M7,1.82027016560729e-10,0,4.98523136358918e-14,5.98901868233781e-14,4.14869269474871e-14,0,0,1.91695890670743e-07
1,1e-05,M3,1.12680655880097e-10,3.53752970955062e-18,1.2173475833994e-14,0,1.53897267128849e-14,0,0,1.9168385133084e-07
1,1e-05,M5,1.12680655880097e-10,3.53752970955062e-18,1.22630346786604e-14,2.46322757545431e-14,1.53897267128849e-14,0,0,1.9168385133084e-07
1,1e-05,M6,1.12680655880097e-10,3.53752970955062e-18,3.1802518357893e-14,2.68500480615958e-14,3.88698368917214e-14,0,0,1.9168385133084e-07
1,1e-05,M7,1.12680655880097e-10,3.53752970955062e-18,8.92203408190641e-14,6.23050794524e-16,6.93744929070749e-14,0,0,1.9168385133084e-07
1,0.3,M3,1.25800303055331e-10,9.45069189978275e-18,3.76472814466569e-14,0,4.94717891661064e-14,0,0,1.93856573173436e-07
1,0.3,M5,1.25800303055331e-10,9.45069189978275e-18,3.7545259470373e-14,1.30590915409818e-14,4.94717891661064e-14,0,0,1.93856573173436e-07
1,0.3,M6,1.25800303055331e-10,9.45069189978275e-18,4.93346407975198e-14,4.47846926859685e-14,6.36750188163886e-14,0,0,1.93856573173436e-07
1,0.3,M7,1.25800303055331e-10,9.45069189978275e-18,1.15880236146827e-13,3.24247592864348e-14,8.48401762395773e-14,0,0,1.93856573173436e-07
2,0,M3,1.69178196288774e-10,3.04911336341032e-18,9.22598844842011e-16,0,1.18122754408959e-15,0,0,1.35758905199546e-07
2,0,M5,1.69178196288774e-10,3.04911336341032e-18,9.3011930513235e-16,1.63542475993517e-15,1.18122754408959e-15,0,0,1.35758905199546e-07
2,0,M6,1.69178196288774e-10,3.04911336341032e-18,3.65196449235581e-15,1.39312895073065e-15,5.28584543692059e-15,0,0,1.35758905199546e-07
2,0,M7,1.69178196288774e-10,3.04911336341032e-18,2.17291475549503e-15,2.38868588109705e-15,2.26414242450782e-15,0,0,1.35758905199546e-07
2,5e-06,M3,1.53823059179062e-10,1.25718172440583e-17,3.51673527232338e-15,0,5.48122158611324e-15,0,0,1.35749443592799e-07
2,5e-06,M5,1.53823059179062e-10,1.25718172440583e-17,3.49943176551533e-15,2.16864312735227e-15,5.48122158611324e-15,0,0,1.35749443592799e-07
2,5e-06,M6,1.53823059179062e-10,1.25718172440583e-17,3.08002856886377e-15,1.58986378855127e-15,3.38918773027397e-15,0,0,1.35749443592799e-07
2,5e-06,M7,1.53823059179062e-10,1.25718172440583e-17,2.03602377961251e-15,1.58389658204725e-15,1.54193999008068e-15,0,0,1.35749443592799e-07
2,1e-05,M3,1.74115828178027e-10,3.70940696512495e-17,4.52016423200782e-15,0,8.36743258664126e-15,0,0,1.35742765579735e-07
2,1e-05,M5,1.74115828178027e-10,3.70940696512495e-17,4.52276305366567e-15,1.03604099499864e-15,8.36743258664126e-15,0,0,1.35742765579735e-07
2,1e-05,M6,1.74115828178027e-10,3.70940696512495e-17,3.43710214593405e-15,6.35960722558952e-16,5.08904775392888e-15,0,0,1.35742765579735e-07
2,1e-05,M7,1.74115828178027e-10,3.70940696512495e-17,2.35624073772668e-15,1.29837997306122e-15,2.36947252037144e-15,0,0,1.35742765579735e-07
2,0.3,M3,1.42359287047098e-10,1.00983366261855e-16,1.31208101196386e-15,0,1.81348659242088e-15,0,0,1.03717925964512e-07
2,0.3,M5,1.42359287047098e-10,1.00983366261855e-16,1.31030515377976e-15,7.26169834156421e-16,1.81348659242088e-15,0,0,1.03717925964512e-07
2,0.3,M6,1.42359287047098e-10,1.00983366261855e-16,1.18380553447946e-15,7.01288468360387e-16,1.53116661035339e-15,0,0,1.03717925964512e-07
2,0.3,M7,1.42359287047098e-10,1.00983366261855e-16,2.72465062962719e-15,8.24681775076192e-16,2.84826856662672e-15,0,0,1.03717925964512e-07
3,0,M3,4.34734798525159e-11,0,4.95561842312334e-16,0,4.25767289465337e-16,0,0,2.90969281763859e-11
3,0,M5,4.34734798525159e-11,0,4.95924782242512e-16,1.54731110708751e-16,4.25767289465337e-16,0,0,2.90969281763859e-11
3,0,M6,4.34734798525159e-11,0,1.51100604336819e-16,6.01176173119342e-17,1.62580062709254e-16,0,0,2.90969281763859e-11
3,0,M7,4.34734798525159e-11,0,5.99476311406051e-16,1.88407261769517e-16,5.8047333994162e-16,0,0,2.90969281763859e-11
3,5e-06,M3,4.65597325122315e-11,0,2.5137643136147e-16,0,4.62562267423355e-16,0,0,2.76754206798181e-11
3,5e-06,M5,4.65597325122315e-11,0,2.5156053448973e-16,2.64549595765537e-16,4.62562267423355e-16,0,0,2.76754206798181e-11
3,5e-06,M6,4.65597325122315e-11,0,1.43319060885737e-16,6.17717467967129e-17,1.69789353284932e-16,0,0,2.76754206798181e-11
3,5e-06,M7,4.65597325122315e-11,0,7.46655820013201e-16,2.8609792490764e-17,5.2369958873998e-16,0,0,2.76754206798181e-11
3,1e-05,M3,6.46673999928041e-11,0,4.67295222978431e-16,0,4.62174866978715e-16,0,0,2.90969281763859e-11
3,1e-05,M5,6.46673999928041e-11,0,4.67637460539169e-16,4.49691721249858e-17,4.62174866978715e-16,0,0,2.90969281763859e-11
3,1e-05,M6,6.46673999928041e-11,0,2.5637692997202e-16,1.74061154304002e-16,2.44904352044353e-16,0,0,2.90969281763859e-11
3,1e-05,M7,6.46673999928041e-11,0,9.19415108364414e-16,1.44399449145521e-16,9.0210168394199e-16,0,0,2.90969281763859e-11
3,0.3,M3,3.62275695247095e-11,0,4.17570062567255e-16,0,3.91600659378826e-16,0,0,7.97087854778305e-11
3,0.3,M5,3.62275695247095e-11,0,4.17863523521465e-16,1.61060924046927e-16,3.91600659378826e-16,0,0,7.97087854778305e-11
3,0.3,M6,3.62275695247095e-11,0,5.536492195871e-16,1.82302848586719e-16,8.24593539097783e-16,0,0,7.97087854778305e-11
3,0.3,M7,3.62275695247095e-11,0,5.93240757605774e-16,1.50374112032976e-16,1.59609309237383e-16,0,0,7.97087854778305e-11
4,0,M3,1.55643847902119e-10,5.31198267488004e-17,5.17347017421759e-15,0,5.68918731245338e-15,0,0,2.12824463945288e-06
4,0,M5,1.55643847902119e-10,5.31198267488004e-17,5.18990783982694e-15,2.67044655772679e-15,5.68918731245338e-15,0,0,2.12824463945288e-06
4,0,M6,1.55643847902119e-10,5.31198267488004e-17,3.1588239419633e-15,1.3505020019736e-15,3.80503871514352e-15,0,0,2.12824463945288e-06
4,0,M7,1.55643847902119e-10,5.31198267488004e-17,5.87930434634238e-15,3.29771982193408e-15,6.2888570874551e-15,0,0,2.12824463945288e-06
4,5e-06,M3,1.62819196132021e-10,2.10927408731972e-17,1.22919443178297e-15,0,1.46394445383527e-15,0,0,2.12824569377189e-06
4,5e-06,M5,1.62819196132021e-10,2.10927408731972e-17,1.17969302119286e-15,3.42330886158763e-15,1.46394445383527e-15,0,0,2.12824569377189e-06
4,5e-06,M6,1.62819196132021e-10,2.10927408731972e-17,1.38155693205683e-15,4.14711398485477e-16,1.37816094757374e-15,0,0,2.12824569377189e-06
4,5e-06,M7,1.62819196132021e-10,2.10927408731972e-17,5.71693759718331e-15,8.85539889251834e-15,5.8252912089699e-15,0,0,2.12824569377189e-06
4,1e-05,M3,1.89440210245624e-10,2.34368305906722e-17,1.69128220646723e-15,0,1.68700862760461e-15,0,0,2.12824767325173e-06
4,1e-05,M5,1.89440210245624e-10,2.34368305906722e-17,1.68420629327618e-15,5.03462756273846e-15,1.68700862760461e-15,0,0,2.12824767325173e-06
4,1e-05,M6,1.89440210245624e-10,2.34368305906722e-17,1.67639512414602e-15,9.368277726761e-16,1.91818997657965e-15,0,0,2.12824767325173e-06
4,1e-05,M7,1.89440210245624e-10,2.34368305906722e-17,5.6988254513449e-15,3.77304868374729e-15,5.44881872208367e-15,0,0,2.12824767325173e-06
4,0.3,M3,1.73357120552728e-10,1.23704885746564e-17,6.63288660540359e-16,0,6.9464896867315e-16,0,0,2.01338805672417e-06
4,0.3,M5,1.73357120552728e-10,1.23704885746564e-17,6.64711026477687e-16,1.03041990389388e-15,6.9464896867315e-16,0,0,2.01338805672417e-06
4,0.3,M6,1.73357120552728e-10,1.23704885746564e-17,2.22257894485922e-15,4.9960036108132e-16,2.35473123062684e-15,0,0,2.01338805672417e-06
4,0.3,M7,1.73357120552728e-10,1.23704885746564e-17,4.74685873824008e-15,4.6087211875605e-15,4.91461622679239e-15,0,0,2.01338805672417e-06
5,0,M3,1.54418847373797e-10,1.94545803629631e-17,1.63703942310572e-15,0,1.7581580913009e-15,0,0,4.01483288916862e-08
5,0,M5,1.54418847373797e-10,1.94545803629631e-17,1.63735195610837e-15,4.39084907132066e-16,1.7581580913009e-15,0,0,4.01483288916862e-08
5,0,M6,1.54418847373797e-10,1.94545803629631e-17,1.33203191027004e-15,1.52305415218092e-15,1.3683082223981e-15,0,0,4.01483288916862e-08
5,0,M7,1.54418847373797e-10,1.94545803629631e-17,1.72497420239173e-15,4.38415592363926e-16,1.99930694382911e-15,0,0,4.01483288916862e-08
5,5e-06,M3,1.41623892245634e-10,5.16148504363609e-17,1.02368375263136e-15,0,1.06059369318102e-15,0,0,4.01714300228942e-08
5,5e-06,M5,1.41623892245634e-10,5.16148504363609e-17,1.02576821880087e-15,9.7919938970698e-16,1.06059369318102e-15,0,0,4.01714300228942e-08
5,5e-06,M6,1.41623892245634e-10,5.16148504363609e-17,3.67463554553684e-15,1.45814859265594e-15,4.39882761764171e-15,0,0,4.01714300228942e-08
5,5e-06,M7,1.41623892245634e-10,5.16148504363609e-17,3.36151017229148e-15,1.68371831856566e-15,2.692584736583e-15,0,0,4.01714300228942e-08
5,1e-05,M3,1.66232331142265e-10,6.28353271823535e-17,1.27406740693392e-15,0,1.46254516885988e-15,0,0,4.0158504975679e-08
5,1e-05,M5,1.66232331142265e-10,6.28353271823535e-17,1.27431064383894e-15,1.06297028586637e-15,1.46254516885988e-15,0,0,4.0158504975679e-08
5,1e-05,M6,1.66232331142265e-10,6.28353271823535e-17,2.24423589615852e-15,4.40415267034688e-16,2.65831255283666e-15,0,0,4.0158504975679e-08
5,1e-05,M7,1.66232331142265e-10,6.28353271823535e-17,4.89266444060279e-15,3.84543202737085e-16,4.96886840925686e-15,0,0,4.0158504975679e-08
5,0.3,M3,1.33814889763443e-10,6.22273554424577e-17,5.23939324537238e-15,0,5.9718199936215e-15,0,0,4.30244662806599e-08
5,0.3,M5,1.33814889763443e-10,6.22273554424577e-17,5.24042836534546e-15,1.29768058950063e-15,5.9718199936215e-15,0,0,4.30244662806599e-08
5,0.3,M6,1.33814889763443e-10,6.22273554424577e-17,5.05148525157696e-15,1.93195935501028e-15,5.62872377234105e-15,0,0,4.30244662806599e-08
5,0.3,M7,1.33814889763443e-10,6.22273554424577e-17,1.88668401074426e-15,2.00150524499386e-15,2.19277548115768e-15,0,0,4.30244662806599e-08
6,0,M3,1.09411256019282e-10,0,3.89184688220418e-16,0,1.17744791775122e-15,0,0,3.22676613576025e-11
6,0,M5,1.09411256019282e-10,0,3.89004499831229e-16,6.93889390390723e-18,1.17744791775122e-15,0,0,3.22676613576025e-11
6,0,M6,1.09411256019282e-10,0,1.58815078740021e-16,2.8609792490764e-17,4.59489946953832e-16,0,0,3.22676613576025e-11
6,0,M7,1.09411256019282e-10,0,3.17764371615651e-16,2.8609792490764e-17,4.59489946953832e-16,0,0,3.22676613576025e-11
6,5e-06,M3,6.82228886836615e-11,0,2.92967590143613e-16,0,2.84421479302113e-16,0,0,5.09539925467038e-11
6,5e-06,M5,6.82228886836615e-11,0,2.92831949226128e-16,3.27306970834017e-17,2.84421479302113e-16,0,0,5.09539925467038e-11
6,5e-06,M6,6.82228886836615e-11,0,1.42048524752787e-16,2.08166817117217e-17,1.55335911433311e-16,0,0,5.09539925467038e-11
6,5e-06,M7,6.82228886836615e-11,0,1.4210854715202e-16,2.08166817117217e-17,1.55335911433311e-16,0,0,5.09539925467038e-11
6,1e-05,M3,1.34072015214102e-10,0,3.01461163211561e-16,0,2.36199117197387e-16,0,0,3.22676613576025e-11
6,1e-05,M5,1.34072015214102e-10,0,3.01321589832433e-16,1.96261557335472e-17,2.36199117197387e-16,0,0,3.22676613576025e-11
6,1e-05,M6,1.34072015214102e-10,0,3.1763015742155e-16,6.83401793613321e-17,4.1098008011361e-16,0,0,3.22676613576025e-11
6,1e-05,M7,1.34072015214102e-10,0,2.46139223857096e-16,6.83401793613321e-17,4.1098008011361e-16,0,0,3.22676613576025e-11
6,0.3,M3,7.54225319646011e-11,0,5.22145859263194e-16,0,5.69092412461104e-16,0,0,6.69554961188814e-11
6,0.3,M5,7.54225319646011e-11,0,5.21901365543267e-16,5.7219584981528e-17,5.69092412461104e-16,0,0,6.69554961188814e-11
6,0.3,M6,7.54225319646011e-11,0,0,5.01572127401018e-17,2.2279596707541e-16,0,0,6.69554961188814e-11
6,0.3,M7,7.54225319646011e-11,0,0,5.01572127401018e-17,2.2279596707541e-16,0,0,6.69554961188814e-11
7,0,M3,1.22714112576941e-10,8.39551001885018e-17,2.1548861276109e-14,0,8.9790390603964e-14,0,0,1.38694209286804e-06
7,0,M5,1.22714112576941e-10,8.39551001885018e-17,2.16745852532392e-14,7.29157110525774e-14,8.9790390603964e-14,0,0,1.38694209286804e-06
7,0,M6,1.22714112576941e-10,8.39551001885018e-17,1.50829853678443e-14,5.71717417434267e-14,5.6872576658183e-14,0,0,1.38694209286804e-06
7,0,M7,1.22714112576941e-10,8.39551001885018e-17,3.61834785720274e-14,8.06653032314715e-14,5.99031975478923e-14,0,0,1.38694209286804e-06
7,5e-06,M3,1.32366265722159e-10,5.88282891879315e-17,1.86975617131705e-14,0,7.90456763461809e-14,0,0,1.3869363094312e-06
7,5e-06,M5,1.32366265722159e-10,5.88282891879315e-17,1.86999863091655e-14,6.03630209493829e-14,7.90456763461809e-14,0,0,1.3869363094312e-06
7,5e-06,M6,1.32366265722159e-10,5.88282891879315e-17,1.45053988365653e-14,3.13951137632957e-14,6.06612022393926e-14,0,0,1.3869363094312e-06
7,5e-06,M7,1.32366265722159e-10,5.88282891879315e-17,9.36419927533304e-15,2.32974149836539e-14,1.5146587964661e-14,0,0,1.3869363094312e-06
7,1e-05,M3,1.36984688797676e-10,4.69041445682199e-17,2.24962884645656e-14,0,8.9211650747362e-14,0,0,1.38694463981972e-06
7,1e-05,M5,1.36984688797676e-10,4.69041445682199e-17,2.31782285460692e-14,9.89048665750597e-14,8.9211650747362e-14,0,0,1.38694463981972e-06
7,1e-05,M6,1.36984688797676e-10,4.69041445682199e-17,2.06818076339221e-14,8.10455051660047e-14,7.79914679868523e-14,0,0,1.38694463981972e-06
7,1e-05,M7,1.36984688797676e-10,4.69041445682199e-17,6.55640193484115e-14,1.1958229256796e-13,1.12223074842725e-13,0,0,1.38694463981972e-06
7,0.3,M3,1.14808912049949e-10,8.12028669060921e-17,1.1367121607697e-14,0,3.835757033417e-14,0,0,1.25941672639531e-06
7,0.3,M5,1.14808912049949e-10,8.12028669060921e-17,1.16149338271517e-14,4.82314598854034e-14,3.835757033417e-14,0,0,1.25941672639531e-06
7,0.3,M6,1.14808912049949e-10,8.12028669060921e-17,1.57036865012117e-14,6.1565911620657e-14,4.9604333857334e-14,0,0,1.25941672639531e-06
7,0.3,M7,1.14808912049949e-10,8.12028669060921e-17,1.95562595414795e-14,4.3721592927413e-14,2.82215742556779e-14,0,0,1.25941672639531e-06
8,0,M3,1.20010216169604e-10,6.27116995592294e-17,2.11845984046173e-15,0,2.88587589997339e-15,0,0,2.13231586519515e-07
8,0,M5,1.20010216169604e-10,6.27116995592294e-17,2.11890614825871e-15,1.6801152851039e-15,2.88587589997339e-15,0,0,2.13231586519515e-07
8,0,M6,1.20010216169604e-10,6.27116995592294e-17,5.89572106159303e-16,1.73621209736425e-15,8.59468759008286e-16,0,0,2.13231586519515e-07
8,0,M7,1.20010216169604e-10,6.27116995592294e-17,5.14790452532181e-15,2.23764804663387e-15,7.10405305834098e-15,0,0,2.13231586519515e-07
8,5e-06,M3,1.56503552513928e-10,7.01137718594538e-17,3.2491391996623e-15,0,5.94166054153833e-15,0,0,2.13022873382633e-07
8,5e-06,M5,1.56503552513928e-10,7.01137718594538e-17,3.26609634643925e-15,2.23434067243216e-15,5.94166054153833e-15,0,0,2.13022873382633e-07
8,5e-06,M6,1.56503552513928e-10,7.01137718594538e-17,3.89749323306065e-15,3.46850877338681e-15,6.87842951013117e-15,0,0,2.13022873382633e-07
8,5e-06,M7,1.56503552513928e-10,7.01137718594538e-17,9.07422215802286e-15,2.15122567955689e-15,6.90870452353578e-15,0,0,2.13022873382633e-07
8,1e-05,M3,1.24066293741014e-10,0,1.37047744337481e-15,0,2.91849943518621e-15,0,0,2.13043066827532e-07
8,1e-05,M5,1.24066293741014e-10,0,1.3732093551767e-15,1.3213583549782e-15,2.91849943518621e-15,0,0,2.13043066827532e-07
8,1e-05,M6,1.24066293741014e-10,0,4.07540252566126e-15,2.56835403852544e-15,5.69315683849872e-15,0,0,2.13043066827532e-07
8,1e-05,M7,1.24066293741014e-10,0,1.3505480417451e-15,1.90025951860329e-15,2.203531126763e-15,0,0,2.13043066827532e-07
8,0.3,M3,1.3650816135521e-10,6.77638205273026e-17,1.73961578515915e-15,0,1.82844227639222e-15,0,0,1.87711534190967e-07
8,0.3,M5,1.3650816135521e-10,6.77638205273026e-17,1.71382365385253e-15,2.41226694570925e-15,1.82844227639222e-15,0,0,1.87711534190967e-07
8,0.3,M6,1.3650816135521e-10,6.77638205273026e-17,1.12443502375392e-15,4.89745342447609e-16,1.20246478252427e-15,0,0,1.87711534190967e-07
8,0.3,M7,1.3650816135521e-10,6.77638205273026e-17,8.44836150391273e-15,2.08853286254616e-15,6.37811699865559e-15,0,0,1.87711534190967e-07
9,0,M3,8.22898733795774e-11,0,1.21834942250455e-15,0,1.80362231006333e-15,0,0,8.98582500145148e-11
9,0,M5,8.22898733795774e-11,0,1.21811185201902e-15,1.77933927980032e-16,1.80362231006333e-15,0,0,8.98582500145148e-11
9,0,M6,8.22898733795774e-11,0,1.38675548402452e-15,2.28562572923705e-16,1.61145832078991e-15,0,0,8.98582500145148e-11
9,0,M7,8.22898733795774e-11,0,8.71920579229771e-16,2.52198010327973e-16,9.90319546576403e-16,0,0,8.98582500145148e-11
9,5e-06,M3,8.3634355098535e-11,0,4.604927974104e-16,0,7.56085828353432e-16,0,0,1.0349305062035e-10
9,5e-06,M5,8.3634355098535e-11,0,4.60403002833655e-16,1.1983411512519e-16,7.56085828353432e-16,0,0,1.0349305062035e-10
9,5e-06,M6,8.3634355098535e-11,0,7.10456354327021e-17,1.77866266059921e-16,6.85261503400334e-17,0,0,1.0349305062035e-10
9,5e-06,M7,8.3634355098535e-11,0,6.24816601994025e-16,9.10192728294575e-17,5.86684906946179e-16,0,0,1.0349305062035e-10
9,1e-05,M3,9.24377098986356e-11,0,1.29664268200173e-15,0,1.29564639790371e-15,0,0,8.98582500145148e-11
9,1e-05,M5,9.24377098986356e-11,0,1.29638983708762e-15,8.58293774722919e-17,1.29564639790371e-15,0,0,8.98582500145148e-11
9,1e-05,M6,9.24377098986356e-11,0,1.24886829820346e-15,1.88758321594477e-16,1.49349221324357e-15,0,0,8.98582500145148e-11
9,1e-05,M7,9.24377098986356e-11,0,1.11217646319618e-15,5.88784672006416e-17,1.0835350421698e-15,0,0,8.98582500145148e-11
9,0.3,M3,6.2449108465781e-11,0,1.00487647678991e-16,0,2.06033630606295e-16,0,0,3.49437677219951e-11
9,0.3,M5,6.2449108465781e-11,0,1.58824473669744e-16,1.93551922449429e-16,2.06033630606295e-16,0,0,3.49437677219951e-11
9,0.3,M6,6.2449108465781e-11,0,9.39680061348753e-16,1.17756934401283e-16,9.81460466018744e-16,0,0,3.49437677219951e-11
9,0.3,M7,6.2449108465781e-11,0,1.20698066622278e-15,1.78406842908385e-16,1.17295986009787e-15,0,0,3.49437677219951e-11
10,0,M3,1.00359673790341e-10,0,7.31699713544934e-16,0,8.33929856585711e-16,0,0,7.93810044032243e-07
10,0,M5,1.00359673790341e-10,0,7.31109543449357e-16,4.93259705719887e-16,8.33929856585711e-16,0,0,7.93810044032243e-07
10,0,M6,1.00359673790341e-10,0,6.35118217760654e-16,3.35089129968899e-16,5.94376848727603e-16,0,0,7.93810044032243e-07
10,0,M7,1.00359673790341e-10,0,6.97205959361221e-16,3.33937648439883e-16,1.03037839855721e-15,0,0,7.93810044032243e-07
10,5e-06,M3,8.21894901553768e-11,1.44468352272347e-16,5.78061210635017e-16,0,6.93222125819907e-16,0,0,7.93826040798953e-07
10,5e-06,M5,8.21894901553768e-11,1.44468352272347e-16,5.77483094550957e-16,4.28420509506305e-16,6.93222125819907e-16,0,0,7.93826040798953e-07
10,5e-06,M6,8.21894901553768e-11,1.44468352272347e-16,3.11547266598678e-16,5.4292133683294e-16,4.02851927308508e-16,0,0,7.93826040798953e-07
10,5e-06,M7,8.21894901553768e-11,1.44468352272347e-16,1.05705717422268e-15,1.99696737356844e-16,5.94836662667163e-16,0,0,7.93826040798953e-07
10,1e-05,M3,1.3331486230782e-10,0,1.43949893001888e-15,0,2.22654911407621e-15,0,0,7.93800122032672e-07
10,1e-05,M5,1.3331486230782e-10,0,1.43815517526682e-15,5.06114307117513e-16,2.22654911407621e-15,0,0,7.93800122032672e-07
10,1e-05,M6,1.3331486230782e-10,0,3.81114073585751e-16,6.26715523422717e-16,5.14292401898871e-16,0,0,7.93800122032672e-07
10,1e-05,M7,1.3331486230782e-10,0,1.05809887234985e-15,2.31429601312318e-16,7.67205421215104e-16,0,0,7.93800122032672e-07
10,0.3,M3,1.57206347879335e-10,5.21967706271729e-17,9.46321249888544e-16,0,1.53105381843979e-15,0,0,1.14111713034212e-06
10,0.3,M5,1.57206347879335e-10,5.21967706271729e-17,9.45542933488149e-16,3.97314403268044e-16,1.53105381843979e-15,0,0,1.14111713034212e-06
10,0.3,M6,1.57206347879335e-10,5.21967706271729e-17,9.00282389644171e-16,1.2485810802638e-16,1.2777785390125e-15,0,0,1.14111713034212e-06
10,0.3,M7,1.57206347879335e-10,5.21967706271729e-17,1.1757369357504e-15,7.01766973261103e-17,1.87094175146886e-15,0,0,1.14111713034212e-06
11,0,M3,8.2305720248546e-11,1.45050513915275e-17,2.95947868643618e-14,0,4.28103679477307e-14,0,0,1.41775085042157e-07
11,0,M5,8.2305720248546e-11,1.45050513915275e-17,3.08523403605064e-14,6.09145226357137e-14,4.28103679477307e-14,0,0,1.41775085042157e-07
11,0,M6,8.2305720248546e-11,1.45050513915275e-17,4.71156072635909e-14,2.96968101817346e-14,4.87961349654502e-14,0,0,1.41775085042157e-07
11,0,M7,8.2305720248546e-11,1.45050513915275e-17,3.47020118466832e-13,1.49832108669516e-13,2.51819038104555e-13,0,0,1.41775085042157e-07
11,5e-06,M3,9.2973928371577e-11,1.5131455885356e-17,8.672982469352e-14,0,1.83583792202389e-13,0,0,1.41781167360228e-07
11,5e-06,M5,9.2973928371577e-11,1.5131455885356e-17,8.86542034888429e-14,7.05945822562139e-14,1.83583792202389e-13,0,0,1.41781167360228e-07
11,5e-06,M6,9.2973928371577e-11,1.5131455885356e-17,5.18310369101489e-14,4.82730149676275e-14,8.20195911122927e-14,0,0,1.41781167360228e-07
11,5e-06,M7,9.2973928371577e-11,1.5131455885356e-17,2.03752880973967e-14,8.58460612412283e-14,2.13319151216476e-14,0,0,1.41781167360228e-07
11,1e-05,M3,7.71433032319657e-11,1.51314573022841e-17,6.95026091480757e-14,0,1.07686460830382e-13,0,0,1.41778263890397e-07
11,1e-05,M5,7.71433032319657e-11,1.51314573022841e-17,6.87840228075173e-14,9.70543917457345e-14,1.07686460830382e-13,0,0,1.41778263890397e-07
11,1e-05,M6,7.71433032319657e-11,1.51314573022841e-17,3.42834191451065e-14,1.7494391794947e-13,7.86964335337474e-14,0,0,1.41778263890397e-07
11,1e-05,M7,7.71433032319657e-11,1.51314573022841e-17,1.3274220350677e-13,1.5996437469328e-13,9.79284979964509e-14,0,0,1.41778263890397e-07
11,0.3,M3,1.02111597026759e-10,7.5029986695431e-18,6.07157727680561e-14,0,7.73890088186247e-14,0,0,1.27785152413334e-07
11,0.3,M5,1.02111597026759e-10,7.5029986695431e-18,6.59503999231029e-14,3.31441794827899e-13,7.73890088186247e-14,0,0,1.27785152413334e-07
11,0.3,M6,1.02111597026759e-10,7.5029986695431e-18,1.6752740639458e-13,2.85924290844045e-13,2.20327044552497e-13,0,0,1.27785152413334e-07
11,0.3,M7,1.02111597026759e-10,7.5029986695431e-18,1.26970855541891e-13,2.52035703018147e-13,1.09878428398128e-13,0,0,1.27785152413334e-07
12,0,M3,3.76440715064679e-11,0,1.55187721996471e-15,0,2.43854003911211e-15,0,0,4.19724133435601e-11
12,0,M5,3.76440715064679e-11,0,1.55227000574856e-15,9.79005144974458e-17,2.43854003911211e-15,0,0,4.19724133435601e-11
12,0,M6,3.76440715064679e-11,0,1.42898597406412e-15,4.93787140603076e-17,1.7515660704969e-15,0,0,4.19724133435601e-11
12,0,M7,3.76440715064679e-11,0,1.42861504051574e-15,4.93787140603076e-17,1.7515660704969e-15,0,0,4.19724133435601e-11
12,5e-06,M3,4.14723818865436e-11,0,6.71277794239722e-16,0,2.00285158707228e-15,0,0,2.01280422674138e-11
12,5e-06,M5,4.14723818865436e-11,0,6.71447697154824e-16,9.87764708365363e-17,2.00285158707228e-15,0,0,2.01280422674138e-11
12,5e-06,M6,4.14723818865436e-11,0,3.89281333410722e-16,7.5220818448233e-17,7.04182702514796e-16,0,0,2.01280422674138e-11
12,5e-06,M7,4.14723818865436e-11,0,3.8918028444724e-16,7.5220818448233e-17,7.04182702514796e-16,0,0,2.01280422674138e-11
12,1e-05,M3,3.15532882651844e-11,0,8.78908944129754e-16,0,8.74762451319635e-16,0,0,4.19724133435601e-11
12,1e-05,M5,3.15532882651844e-11,0,8.79131399338484e-16,7.18655131462428e-17,8.74762451319635e-16,0,0,4.19724133435601e-11
12,1e-05,M6,3.15532882651844e-11,0,1.15479505445141e-15,4.19573633560482e-17,1.61950959598672e-15,0,0,4.19724133435601e-11
12,1e-05,M7,3.15532882651844e-11,0,1.12851098594068e-15,4.19573633560482e-17,1.61950959598672e-15,0,0,4.19724133435601e-11
12,0.3,M3,2.38899411301313e-11,0,8.70249656802359e-16,0,9.38389895476669e-16,0,0,4.6615081481282e-11
12,0.3,M5,2.38899411301313e-11,0,8.70474438312284e-16,7.51007052882555e-17,9.38389895476669e-16,0,0,4.6615081481282e-11
12,0.3,M6,2.38899411301313e-11,0,6.85403901017806e-16,5.51371971528353e-17,7.79395691108394e-16,0,0,4.6615081481282e-11
12,0.3,M7,2.38899411301313e-11,0,6.85222599443091e-16,5.51371971528353e-17,7.79395691108394e-16,0,0,4.6615081481282e-11
13,0,M3,7.49369065196585e-11,2.5995399285601e-17,1.06669988366443e-14,0,1.72559718795719e-14,0,0,1.38451005124417e-06
13,0,M5,7.49369065196585e-11,2.5995399285601e-17,1.06841120257016e-14,1.91701842731268e-14,1.72559718795719e-14,0,0,1.38451005124417e-06
13,0,M6,7.49369065196585e-11,2.5995399285601e-17,1.0951780468551e-14,2.39786968913201e-14,3.98854662228982e-14,0,0,1.38451005124417e-06
13,0,M7,7.49369065196585e-11,2.5995399285601e-17,9.36146811539099e-15,1.22657620847085e-14,1.14757938438655e-14,0,0,1.38451005124417e-06
13,5e-06,M3,8.09614762452869e-11,2.72218522510166e-17,1.37042673504714e-14,0,4.22309229409325e-14,0,0,1.38451870108384e-06
13,5e-06,M5,8.09614762452869e-11,2.72218522510166e-17,1.35842869755784e-14,3.87754399379673e-14,4.22309229409325e-14,0,0,1.38451870108384e-06
13,5e-06,M6,8.09614762452869e-11,2.72218522510166e-17,1.23339178278431e-14,4.20787132358604e-14,7.34231396881767e-14,0,0,1.38451870108384e-06
13,5e-06,M7,8.09614762452869e-11,2.72218522510166e-17,2.33353413066431e-14,4.128520483954e-15,4.60367590526086e-14,0,0,1.38451870108384e-06
13,1e-05,M3,7.53147505608688e-11,3.93193108584719e-17,2.33529207455585e-14,0,2.58336217297343e-14,0,0,1.3844993754415e-06
13,1e-05,M5,7.53147505608688e-11,3.93193108584719e-17,2.30858187576399e-14,3.60129690082349e-14,2.58336217297343e-14,0,0,1.3844993754415e-06
13,1e-05,M6,7.53147505608688e-11,3.93193108584719e-17,2.90920072959344e-14,4.42405799667179e-14,2.93959338782399e-14,0,0,1.3844993754415e-06
13,1e-05,M7,7.53147505608688e-11,3.93193108584719e-17,4.81538169037908e-15,1.03491037506446e-14,4.68217963863014e-15,0,0,1.3844993754415e-06
13,0.3,M3,1.5372597924848e-10,6.4872317634328e-17,2.60112406834066e-14,0,1.04286506062903e-13,0,0,2.55791143338849e-06
13,0.3,M5,1.5372597924848e-10,6.4872317634328e-17,2.58000383742563e-14,5.07497660348756e-14,1.04286506062903e-13,0,0,2.55791143338849e-06
13,0.3,M6,1.5372597924848e-10,6.4872317634328e-17,1.20228851326387e-14,2.79543252971512e-14,8.13947483032176e-14,0,0,2.55791143338849e-06
13,0.3,M7,1.5372597924848e-10,6.4872317634328e-17,4.34936394949691e-14,3.91153117038981e-14,8.80634719180518e-14,0,0,2.55791143338849e-06
14,0,M3,1.78073281083305e-10,0,6.66373921902658e-16,0,8.2426665685464e-16,0,0,7.02222592060694e-07
14,0,M5,1.78073281083305e-10,0,6.66391709336823e-16,1.67829453424193e-16,8.2426665685464e-16,0,0,7.02222592060694e-07
14,0,M6,1.78073281083305e-10,0,1.36618443032684e-15,2.4980018054066e-16,1.35758980375981e-15,0,0,7.02222592060694e-07
14,0,M7,1.78073281083305e-10,0,1.44485182285012e-15,5.22264136595499e-16,1.22037415096894e-15,0,0,7.02222592060694e-07
14,5e-06,M3,1.36401967814972e-10,4.78862777087649e-17,9.43743879034354e-16,0,9.52726528457856e-16,0,0,7.02170873967477e-07
14,5e-06,M5,1.36401967814972e-10,4.78862777087649e-17,9.43769068613158e-16,4.64287322992002e-16,9.52726528457856e-16,0,0,7.02170873967477e-07
14,5e-06,M6,1.36401967814972e-10,4.78862777087649e-17,8.86303115759896e-16,2.71953523841865e-16,8.62272761183602e-16,0,0,7.02170873967477e-07
14,5e-06,M7,1.36401967814972e-10,4.78862777087649e-17,1.58933670770455e-15,9.96785547576506e-16,1.31520250393596e-15,0,0,7.02170873967477e-07
14,1e-05,M3,1.63617228504423e-10,6.71984741558957e-17,1.03572361676633e-15,0,1.10041169347511e-15,0,0,7.02220495161395e-07
14,1e-05,M5,1.63617228504423e-10,6.71984741558957e-17,1.03575126158622e-15,8.61487152159079e-17,1.10041169347511e-15,0,0,7.02220495161395e-07
14,1e-05,M6,1.63617228504423e-10,6.71984741558957e-17,8.13480662156569e-16,1.85672146550126e-16,8.41615161851376e-16,0,0,7.02220495161395e-07
14,1e-05,M7,1.63617228504423e-10,6.71984741558957e-17,1.30646927649586e-15,2.87069219459361e-16,1.36372920795297e-15,0,0,7.02220495161395e-07
14,0.3,M3,1.55919542954687e-10,5.95516058173272e-18,5.83840909219033e-16,0,5.50648476106461e-16,0,0,6.38184236353008e-07
14,0.3,M5,1.55919542954687e-10,5.95516058173272e-18,5.83797049777015e-16,1.20311077284602e-16,5.50648476106461e-16,0,0,6.38184236353008e-07
14,0.3,M6,1.55919542954687e-10,5.95516058173272e-18,4.48745072011358e-16,3.68419492014509e-16,5.43904651766941e-16,0,0,6.38184236353008e-07
14,0.3,M7,1.55919542954687e-10,5.95516058173272e-18,1.14713561089973e-15,5.35467860600604e-16,1.15510631835776e-15,0,0,6.38184236353008e-07
15,0,M3,1.4306578174294e-10,0,9.3027431543381e-16,0,1.00466949896035e-15,0,0,1.12842301992514e-10
15,0,M5,1.4306578174294e-10,0,9.31677520509256e-16,4.66508396189991e-16,1.00466949896035e-15,0,0,1.12842301992514e-10
15,0,M6,1.4306578174294e-10,0,3.43983876939447e-16,3.33716794654078e-16,6.9154804231045e-16,0,0,1.12842301992514e-10
15,0,M7,1.4306578174294e-10,0,2.23876956613824e-15,1.51434901295259e-15,2.22948000827769e-15,0,0,1.12842301992514e-10
15,5e-06,M3,1.91075650411209e-10,0,6.33185236618914e-16,0,6.36775062918956e-16,0,0,7.88245627115033e-11
15,5e-06,M5,1.91075650411209e-10,0,6.34466421138513e-16,1.23074932511075e-15,6.36775062918956e-16,0,0,7.88245627115033e-11
15,5e-06,M6,1.91075650411209e-10,0,1.49794716497904e-15,7.45923026145106e-16,1.49366229304479e-15,0,0,7.88245627115033e-11
15,5e-06,M7,1.91075650411209e-10,0,1.41223698990428e-15,4.97282017430071e-16,1.39015043543275e-15,0,0,7.88245627115033e-11
15,1e-05,M3,1.55218239190077e-10,0,1.52881793275257e-15,0,1.70313629255956e-15,0,0,1.12842301992514e-10
15,1e-05,M5,1.55218239190077e-10,0,1.53044399880497e-15,1.67685948093612e-16,1.70313629255956e-15,0,0,1.12842301992514e-10
15,1e-05,M6,1.55218239190077e-10,0,1.64551500392883e-15,5.09193792934607e-16,1.62381807469761e-15,0,0,1.12842301992514e-10
15,1e-05,M7,1.55218239190077e-10,0,1.15903616760683e-15,5.42876993194459e-16,1.34718172032576e-15,0,0,1.12842301992514e-10
15,0.3,M3,1.51741680434454e-10,0,5.58136537452598e-16,0,5.03738070986303e-16,0,0,5.46278050574447e-11
15,0.3,M5,1.51741680434454e-10,0,5.58651632121391e-16,5.34249770948185e-16,5.03738070986303e-16,0,0,5.46278050574447e-11
15,0.3,M6,1.51741680434454e-10,0,6.80905397425108e-16,1.66533453693773e-16,5.89653503846194e-16,0,0,5.46278050574447e-11
15,0.3,M7,1.51741680434454e-10,0,6.73916734089075e-16,8.46545056276682e-16,7.0726552686828e-16,0,0,5.46278050574447e-11
16,0,M3,6.03580086158432e-11,4.70929563047106e-17,5.50975809929178e-16,0,8.21321042160558e-16,0,0,3.25406850016543e-07
16,0,M5,6.03580086158432e-11,4.70929563047106e-17,5.20229348766112e-16,2.1232826972246e-15,8.21321042160558e-16,0,0,3.25406850016543e-07
16,0,M6,6.03580086158432e-11,4.70929563047106e-17,1.90264649223083e-15,1.50254357471995e-15,2.88184110910684e-15,0,0,3.25406850016543e-07
16,0,M7,6.03580086158432e-11,4.70929563047106e-17,1.39672588772867e-14,3.05226382163928e-15,5.81428213814467e-15,0,0,3.25406850016543e-07
16,5e-06,M3,8.54249412580898e-11,1.14217226211477e-17,2.31291979980201e-15,0,2.41385383834667e-15,0,0,3.25378297986046e-07
16,5e-06,M5,8.54249412580898e-11,1.14217226211477e-17,2.36563634068356e-15,2.5441527431404e-15,2.41385383834667e-15,0,0,3.25378297986046e-07
16,5e-06,M6,8.54249412580898e-11,1.14217226211477e-17,1.19301994305085e-15,8.00909694088538e-16,2.67729445895479e-15,0,0,3.25378297986046e-07
16,5e-06,M7,8.54249412580898e-11,1.14217226211477e-17,3.25105242831503e-14,1.46037327778473e-15,6.84934137080984e-15,0,0,3.25378297986046e-07
16,1e-05,M3,6.10198066088071e-11,2.28434513002439e-17,3.92411667825762e-15,0,8.15252678262227e-15,0,0,3.25383956743623e-07
16,1e-05,M5,6.10198066088071e-11,2.28434513002439e-17,3.94049030499011e-15,5.8537907183765e-15,8.15252678262227e-15,0,0,3.25383956743623e-07
16,1e-05,M6,6.10198066088071e-11,2.28434513002439e-17,3.87014425111153e-15,8.45853726203935e-15,1.1076119365768e-14,0,0,3.25383956743623e-07
16,1e-05,M7,6.10198066088071e-11,2.28434513002439e-17,1.17794371725697e-14,6.60096101216858e-15,4.88543164902885e-15,0,0,3.25383956743623e-07
16,0.3,M3,5.24683591073127e-11,4.78283513485668e-17,1.77511678770361e-15,0,3.24224983068606e-15,0,0,3.68809501292717e-07
16,0.3,M5,5.24683591073127e-11,4.78283513485668e-17,1.78653829270657e-15,1.30136414200083e-15,3.24224983068606e-15,0,0,3.68809501292717e-07
16,0.3,M6,5.24683591073127e-11,4.78283513485668e-17,2.73875928018676e-15,5.10723831655486e-15,7.34556616198399e-15,0,0,3.68809501292717e-07
16,0.3,M7,5.24683591073127e-11,4.78283513485668e-17,2.49207201445415e-14,2.20495870779736e-15,7.3443461078021e-15,0,0,3.68809501292717e-07
17,0,M3,1.53983666080812e-10,8.68392270625805e-18,3.38013472027043e-15,0,8.64421683455892e-15,0,0,1.7260771341106e-07
17,0,M5,1.53983666080812e-10,8.68392270625805e-18,3.35988310317683e-15,1.79094975216685e-14,8.64421683455892e-15,0,0,1.7260771341106e-07
17,0,M6,1.53983666080812e-10,8.68392270625805e-18,1.83891320049406e-15,6.06209049232199e-15,2.07263165186522e-15,0,0,1.7260771341106e-07
17,0,M7,1.53983666080812e-10,8.68392270625805e-18,5.84900687840059e-15,8.27476020541743e-15,1.09023028882821e-14,0,0,1.7260771341106e-07
17,5e-06,M3,1.75993030640377e-10,1.84213802326546e-17,2.82819044337704e-15,0,2.26915481768261e-14,0,0,1.72626719889275e-07
17,5e-06,M5,1.75993030640377e-10,1.84213802326546e-17,2.84437287303055e-15,2.69559924622473e-14,2.26915481768261e-14,0,0,1.72626719889275e-07
17,5e-06,M6,1.75993030640377e-10,1.84213802326546e-17,4.63501231721927e-15,4.28791435880434e-14,2.73570762047561e-14,0,0,1.72626719889275e-07
17,5e-06,M7,1.75993030640377e-10,1.84213802326546e-17,2.34720546280949e-15,2.20423789270049e-15,2.65909533694513e-15,0,0,1.72626719889275e-07
17,1e-05,M3,1.54083841222582e-10,3.13103229261651e-17,6.37984119258898e-15,0,2.94577972725148e-14,0,0,1.72641056083753e-07
17,1e-05,M5,1.54083841222582e-10,3.13103229261651e-17,6.38948698543206e-15,3.48406155346193e-14,2.94577972725148e-14,0,0,1.72641056083753e-07
17,1e-05,M6,1.54083841222582e-10,3.13103229261651e-17,5.27000210546562e-15,3.63144937924183e-14,2.27522416594568e-14,0,0,1.72641056083753e-07
17,1e-05,M7,1.54083841222582e-10,3.13103229261651e-17,5.89478617052677e-15,3.30193956734839e-14,1.54779749109007e-14,0,0,1.72641056083753e-07
17,0.3,M3,1.5468965709771e-10,8.6363659748819e-18,3.93678344246718e-15,0,2.50358499254399e-14,0,0,1.49081906104982e-07
17,0.3,M5,1.5468965709771e-10,8.6363659748819e-18,3.94723991712233e-15,2.8302526554167e-14,2.50358499254399e-14,0,0,1.49081906104982e-07
17,0.3,M6,1.5468965709771e-10,8.6363659748819e-18,2.5146373409979e-15,1.14307103251018e-14,1.89100667511029e-14,0,0,1.49081906104982e-07
17,0.3,M7,1.5468965709771e-10,8.6363659748819e-18,2.81292651096464e-15,2.91570686354819e-15,1.25349966060899e-14,0,0,1.49081906104982e-07
18,0,M3,8.68385136346724e-11,0,5.22165811068773e-16,0,5.92834308942568e-16,0,0,5.5035693792503e-11
18,0,M5,8.68385136346724e-11,0,5.22437102999095e-16,2.61569610762329e-16,5.92834308942568e-16,0,0,5.5035693792503e-11
18,0,M6,8.68385136346724e-11,0,2.38556590394801e-15,1.46088025505998e-16,2.55351295663786e-15,0,0,5.5035693792503e-11
18,0,M7,8.68385136346724e-11,0,2.38429176641297e-15,1.46088025505998e-16,2.55351295663786e-15,0,0,5.5035693792503e-11
18,5e-06,M3,5.29768004773702e-11,0,3.01472571602581e-16,0,5.04480375823191e-16,0,0,1.3464675842936e-11
18,5e-06,M5,5.29768004773702e-11,0,3.01629201653893e-16,2.0304417714389e-16,5.04480375823191e-16,0,0,1.3464675842936e-11
18,5e-06,M6,5.29768004773702e-11,0,1.91421725383638e-15,2.86623357719269e-16,2.05915695505781e-15,0,0,1.3464675842936e-11
18,5e-06,M7,5.29768004773702e-11,0,1.91319486729018e-15,2.86623357719269e-16,2.05915695505781e-15,0,0,1.3464675842936e-11
18,1e-05,M3,5.0602364009911e-11,0,7.31584483339781e-16,0,8.0896886755843e-16,0,0,5.5035693792503e-11
18,1e-05,M5,5.0602364009911e-11,0,7.3196457698789e-16,1.75678761831946e-16,8.0896886755843e-16,0,0,5.5035693792503e-11
18,1e-05,M6,5.0602364009911e-11,0,2.72571779811243e-15,3.17677083035417e-16,3.09869590807762e-15,0,0,5.5035693792503e-11
18,1e-05,M7,5.0602364009911e-11,0,2.75008495696676e-15,3.17677083035417e-16,3.09869590807762e-15,0,0,5.5035693792503e-11
18,0.3,M3,7.84088677365719e-11,0,4.62751065499576e-15,0,4.71289347032469e-15,0,0,3.57487332082354e-11
18,0.3,M5,7.84088677365719e-11,0,4.6295212449292e-15,2.09348855494751e-16,4.71289347032469e-15,0,0,3.57487332082354e-11
18,0.3,M6,7.84088677365719e-11,0,2.62251977614745e-15,6.45354437866309e-17,2.53230652623882e-15,0,0,3.57487332082354e-11
18,0.3,M7,7.84088677365719e-11,0,2.62131532419072e-15,6.45354437866309e-17,2.53230652623882e-15,0,0,3.57487332082354e-11
19,0,M3,1.00022959377849e-10,6.95705560809981e-17,1.12966630687624e-15,0,2.06962554426557e-15,0,0,1.1516864528902e-06
19,0,M5,1.00022959377849e-10,6.95705560809981e-17,1.15676000374898e-15,2.57855158989094e-15,2.06962554426557e-15,0,0,1.1516864528902e-06
19,0,M6,1.00022959377849e-10,6.95705560809981e-17,2.33622907430759e-15,1.93588981679021e-15,2.37137787543523e-15,0,0,1.1516864528902e-06
19,0,M7,1.00022959377849e-10,6.95705560809981e-17,2.26956580072545e-15,1.29008298610068e-15,2.46048632849607e-15,0,0,1.1516864528902e-06
19,5e-06,M3,8.64039033248667e-11,5.31454805718463e-17,5.29120006281336e-16,0,5.91575306364487e-16,0,0,1.15171210250665e-06
19,5e-06,M5,8.64039033248667e-11,5.31454805718463e-17,4.97034824015925e-16,2.64971106235286e-15,5.91575306364487e-16,0,0,1.15171210250665e-06
19,5e-06,M6,8.64039033248667e-11,5.31454805718463e-17,3.97787020419041e-15,8.03652458522138e-15,3.89839228391044e-15,0,0,1.15171210250665e-06
19,5e-06,M7,8.64039033248667e-11,5.31454805718463e-17,4.27459423358863e-15,1.39425393027746e-15,6.08566427092138e-15,0,0,1.15171210250665e-06
19,1e-05,M3,7.72778829418119e-11,3.01605193001778e-17,5.36835070182977e-15,0,6.06801237036615e-15,0,0,1.15170727698171e-06
19,1e-05,M5,7.72778829418119e-11,3.01605193001778e-17,5.4146511445829e-15,6.6849108793721e-15,6.06801237036615e-15,0,0,1.15170727698171e-06
19,1e-05,M6,7.72778829418119e-11,3.01605193001778e-17,1.14392585150512e-15,4.56886679969211e-15,1.57776700505391e-15,0,0,1.15170727698171e-06
19,1e-05,M7,7.72778829418119e-11,3.01605193001778e-17,2.49518507215979e-15,5.21604753037587e-15,4.2137169895332e-15,0,0,1.15170727698171e-06
19,0.3,M3,7.58197488777212e-11,2.26406539072233e-17,1.16875904620378e-15,0,2.98648644800613e-15,0,0,1.14093941818584e-06
19,0.3,M5,7.58197488777212e-11,2.26406539072233e-17,1.16116655612961e-15,2.66191485901289e-15,2.98648644800613e-15,0,0,1.14093941818584e-06
19,0.3,M6,7.58197488777212e-11,2.26406539072233e-17,5.47523867872476e-15,6.07013195193027e-15,8.43429874957922e-15,0,0,1.14093941818584e-06
19,0.3,M7,7.58197488777212e-11,2.26406539072233e-17,1.11920385086663e-14,1.53326405154289e-14,1.41973260178736e-14,0,0,1.14093941818584e-06
20,0,M3,1.91637826479191e-10,7.09846742426575e-17,1.84544974903254e-15,0,2.3835030573517e-15,0,0,2.24482561148621e-07
20,0,M5,1.91637826479191e-10,7.09846742426575e-17,1.84059315559529e-15,2.16315115403576e-15,2.3835030573517e-15,0,0,2.24482561148621e-07
20,0,M6,1.91637826479191e-10,7.09846742426575e-17,1.05859694827965e-15,3.19407474655297e-15,1.3099445921357e-15,0,0,2.24482561148621e-07
20,0,M7,1.91637826479191e-10,7.09846742426575e-17,8.2307969987175e-15,4.80389505182868e-15,7.98825141490923e-15,0,0,2.24482561148621e-07
20,5e-06,M3,1.48070333161445e-10,5.21889575029084e-17,5.41285965519806e-15,0,5.63612250753448e-15,0,0,2.24459192539649e-07
20,5e-06,M5,1.48070333161445e-10,5.21889575029084e-17,5.42177205994208e-15,5.78593464184688e-16,5.63612250753448e-15,0,0,2.24459192539649e-07
20,5e-06,M6,1.48070333161445e-10,5.21889575029084e-17,5.66038394120934e-15,1.36615037850819e-15,7.25246587094571e-15,0,0,2.24459192539649e-07
20,5e-06,M7,1.48070333161445e-10,5.21889575029084e-17,3.12446111722346e-15,8.61565945945097e-15,3.27392351946558e-15,0,0,2.24459192539649e-07
20,1e-05,M3,1.43827438073473e-10,5.95045520469438e-17,7.48394029527591e-15,0,9.99543613973721e-15,0,0,2.24488403979564e-07
20,1e-05,M5,1.43827438073473e-10,5.95045520469438e-17,7.49626276793219e-15,4.77777766683908e-15,9.99543613973721e-15,0,0,2.24488403979564e-07
20,1e-05,M6,1.43827438073473e-10,5.95045520469438e-17,6.22841417686856e-15,4.2679903817475e-15,8.02573601911987e-15,0,0,2.24488403979564e-07
20,1e-05,M7,1.43827438073473e-10,5.95045520469438e-17,2.90636512762381e-15,4.77219835137239e-15,2.18971372563901e-15,0,0,2.24488403979564e-07
20,0.3,M3,2.12671845402719e-10,3.25111466684864e-17,1.78859730535349e-15,0,2.01382663165452e-15,0,0,2.41958935550656e-07
20,0.3,M5,2.12671845402719e-10,3.25111466684864e-17,1.80389767116651e-15,2.16703482558035e-15,2.01382663165452e-15,0,0,2.41958935550656e-07
20,0.3,M6,2.12671845402719e-10,3.25111466684864e-17,3.90877232331001e-15,6.10563679399458e-15,6.7434433855091e-15,0,0,2.41958935550656e-07
20,0.3,M7,2.12671845402719e-10,3.25111466684864e-17,3.12335044555772e-15,7.76550289366567e-15,2.92632586275537e-15,0,0,2.41958935550656e-07
