time,h,model,sigma,sigmab,lambda,retention,rootres,identity,ftrel,damping,difference,total,relative,reference,prediction,refx,refmu1,refmu2,predx,predmu1,predmu2,alpha,executed,forward
0,0.0001,M5,0.417231645371235,0.417231645371235,1e-06,0.999994255621816,4.72441096660559e-17,2.77691250423714e-17,0.000142809301003446,2.19635345122632e-05,0.000981201954678178,0.00098333199893042,0.000176890002544881,5.55900268406026,5.55861942221273,5.49977644140057,0.809298094357656,0.00255547911660063,5.49928330868118,0.810016317300818,0.00255686675933524,1,0.000983331999049692,1
0,0.0001,M6,0.417231645371235,0.417231645371235,0.00870411229495942,0.952380952380952,4.72441096660559e-17,2.77691250423714e-17,0.000142809301003446,0.183496598484702,0.000953451704255993,0.183597936440544,0.033027135778687,5.55900268406026,5.39450034898387,5.49977644140057,0.809298094357656,0.00255547911660063,5.34215086979134,0.746749546185316,0.0665072540904773,1,0.183597936441387,1
0,0.0001,M7,0.417231645371235,0.545222088591256,0.0148633562943906,0.952380952380952,4.72441096660559e-17,2.77691250423714e-17,0.000142809301003446,0.284214291230416,0.000968047353172476,0.284422147990449,0.0511642400904021,5.55900268406026,5.29738928817283,5.49977644140057,0.809298094357656,0.00255547911660063,5.24305657614757,0.749729470035272,0.102940427066341,1,0.284422147991277,1
0,1e-05,M5,0.417231645371235,0.417231645371235,1e-06,0.999994255621816,4.72441096660559e-17,2.77691250423714e-17,1.42800284098829e-05,2.19635345122632e-05,9.81145164683662e-05,0.000102365562326389,1.84143754094435e-05,5.55900268406026,5.55894667464427,5.49977644140057,0.809298094357656,0.00255547911660063,5.49971028477239,0.809362943394291,0.00255753152850178,1,0.000102365562610252,1
0,1e-05,M6,0.417231645371235,0.417231645371235,0.00870411229495942,0.952380952380952,4.72441096660559e-17,2.77691250423714e-17,1.42800284098829e-05,0.183496598484702,9.53395186145978e-05,0.18350650387434,0.0330106881222637,5.55900268406026,5.394831669029,5.49977644140057,0.809298094357656,0.00255547911660063,5.34257331012593,0.746120776108145,0.0665052670704104,1,0.183506503875183,1
0,1e-05,M7,0.417231645371235,0.545222088591256,0.0148633562943906,0.952380952380952,4.72441096660559e-17,2.77691250423714e-17,1.42800284098829e-05,0.284214291230416,9.67993179601183e-05,0.284234927066226,0.0511305612212123,5.55900268406026,5.29770487486728,5.49977644140057,0.809298094357656,0.00255547911660063,5.2434683691789,0.749078548963585,0.10294527718938,1,0.284234927067054,1
0,1e-06,M5,0.417231645371235,0.417231645371235,1e-06,0.999994255621816,4.72441096660559e-17,2.77691250423714e-17,1.42799274373845e-06,2.19635345122632e-05,9.81139213827553e-06,2.48120737623925e-05,4.4634038104601e-06,5.55900268406026,5.55897939686277,5.49977644140057,0.809298094357656,0.00255547911660063,5.49975297424773,0.80929760637886,0.00255759799972393,1,2.48120745782571e-05,1
0,1e-06,M6,0.417231645371235,0.417231645371235,0.00870411229495942,0.952380952380952,4.72441096660559e-17,2.77691250423714e-17,1.42799274373845e-06,0.183496598484702,9.53389153186843e-06,0.18349758667401,0.0330090840215218,5.55900268406026,5.39486479798976,5.49977644140057,0.809298094357656,0.00255547911660063,5.34261554625207,0.746057899511851,0.0665050683089433,1,0.183497586674853,1
0,1e-06,M7,0.417231645371235,0.545222088591256,0.0148633562943906,0.952380952380952,4.72441096660559e-17,2.77691250423714e-17,1.42799274373845e-06,0.284214291230416,9.67987656294977e-06,0.284216353252407,0.0511272200078913,5.55900268406026,5.29773643114539,5.49977644140057,0.809298094357656,0.00255547911660063,5.24350954082493,0.749013457318145,0.10294576202707,1,0.284216353253235,1
1,0.0001,M5,0.462426996771961,0.462426996771961,1e-06,0.999995323600472,1.66533453781149e-16,4.44089223550241e-16,9.64690832686548e-05,1.00547361373389e-05,0.000879451240956813,0.000872355719501402,0.000174192168896585,5.00800767926199,5.0084310193612,4.77797153963348,1.50037617104993,0.000476807171092519,4.77815964961981,1.50118999703822,0.000480871100491216,1,0.000872355718377667,0
1,0.0001,M6,0.462426996771961,0.462426996771961,0.0106919363671768,0.952380952380952,1.66533453781149e-16,4.44089223550241e-16,9.64690832686548e-05,0.104114513270064,0.000843529973095895,0.103525216322143,0.020671936417118,5.00800767926199,4.9268356170049,4.77797153963348,1.50037617104993,0.000476807171092519,4.71021470966072,1.44390485261239,0.0522050044174556,1,0.103525216322968,0
1,0.0001,M7,0.462426996771961,0.850294758983956,0.0361500588577792,0.952380952380952,1.66533453781149e-16,4.44089223550241e-16,9.64690832686548e-05,0.275462710981976,0.000866239882543327,0.275327234301466,0.0549773985853871,5.00800767926199,4.79770260067939,4.77797153963348,1.50037617104993,0.000476807171092519,4.55222263042297,1.50676347091469,0.157744129360978,1,0.275327234301679,0
1,1e-05,M5,0.462426996771961,0.462426996771961,1e-06,0.999995323600472,1.66533453781149e-16,4.44089223550241e-16,9.64815032588691e-06,1.00547361373389e-05,8.79529685537665e-05,8.11389016302707e-05,1.62018325104142e-05,5.00800767926199,5.00804292800444,4.77797153963348,1.50037617104993,0.000476807171092519,4.77798451508526,1.50045250211481,0.000480872288138091,1,8.11389005193005e-05,0
1,1e-05,M6,0.462426996771961,0.462426996771961,0.0106919363671768,0.952380952380952,1.66533453781149e-16,4.44089223550241e-16,9.64815032588691e-06,0.104114513270064,8.43606261940082e-05,0.104055416724009,0.0207778069420499,5.00800767926199,4.92646407205036,4.77797153963348,1.50037617104993,0.000476807171092519,4.71004257552946,1.44319868008534,0.0521992308644648,1,0.104055416724839,0
1,1e-05,M7,0.462426996771961,0.850294758983956,0.0361500588577792,0.952380952380952,1.66533453781149e-16,4.44089223550241e-16,9.64815032588691e-06,0.275462710981976,8.66315357813432e-05,0.275449036425673,0.0550017200585172,5.00800767926199,4.79731558928578,4.77797153963348,1.50037617104993,0.000476807171092519,4.55205629624869,1.50603419222566,0.157738235168957,1,0.275449036425888,0
1,1e-06,M5,0.462426996771961,0.462426996771961,1e-06,0.999995323600472,1.66533453781149e-16,4.44089223550241e-16,9.64806072603586e-07,1.00547361373389e-05,8.79510126178527e-06,7.28850697404944e-06,1.45537056666884e-06,5.00800767926199,5.00800411343741,4.77797153963348,1.50037617104993,0.000476807171092519,4.7779669927397,1.50037874726941,0.00048087240625169,1,7.28850682038174e-06,0
1,1e-06,M6,0.462426996771961,0.462426996771961,0.0106919363671768,0.952380952380952,1.66533453781149e-16,4.44089223550241e-16,9.64806072603586e-07,0.104114513270064,8.43587740756181e-06,0.104108602086855,0.0207884270062055,5.00800767926199,4.92642691201588,4.77797153963348,1.50037617104993,0.000476807171092519,4.71002535333238,1.44312805771897,0.0521986534766166,1,0.104108602087684,0
1,1e-06,M7,0.462426996771961,0.850294758983956,0.0361500588577792,0.952380952380952,1.66533453781149e-16,4.44089223550241e-16,9.64806072603586e-07,0.275462710981976,8.66295865820329e-06,0.275461342222706,0.0550041772825913,5.00800767926199,4.79727688316691,4.77797153963348,1.50037617104993,0.000476807171092519,4.55203965438098,1.50596125910442,0.157737645434799,1,0.275461342222922,0
3.46,0.0001,M5,0.0462580654948861,0.0462580654948861,1e-06,0.999532886784413,5.82197198841806e-14,1.275553866301e-15,0.000104027320318394,0.0529234450679608,0.00591948403149091,0.0470744011737595,0.000414958905583065,113.443525468177,113.396555482494,24.1262933362273,86.5703744781566,69.2309591383439,24.1172747476043,86.5359174171426,69.2002229101647,1,0.047074395741884,0
3.46,0.0001,M6,0.0462580654948861,0.0462580654948861,0.000106990431166459,0.952380952380952,5.82197198841806e-14,1.275553866301e-15,0.000104027320318394,5.39518895014367,0.00564623465024042,5.38960841517146,0.0475091759792261,113.443525468177,108.061105383593,24.1262933362273,86.5703744781566,69.2309591383439,23.041332472799,82.5807386871916,65.7778161121196,1,5.38960841001202,0
3.46,0.0001,M7,0.0462580654948861,0.193946483467589,0.00188076192247218,0.952380952380952,5.82197198841806e-14,1.275553866301e-15,0.000104027320318394,4.97686461771428,0.00560126365606102,4.97131283935696,0.0438219177237356,113.443525468177,108.478253036245,24.1262933362273,86.5703744781566,69.2309591383439,22.9857783350889,82.8883979602626,66.0961334701723,1,4.97131283402526,0
3.46,1e-05,M5,0.0462580654948861,0.0462580654948861,1e-06,0.999532886784413,5.82197198841806e-14,1.275553866301e-15,1.04041834697838e-05,0.0529234450679608,0.000592177605479679,0.0523375978623367,0.000461353767404013,113.443525468177,113.391257834834,24.1262933362273,86.5703744781566,69.2309591383439,24.1157951226567,86.5316670061275,69.197372667671,1,0.0523375924459812,0
3.46,1e-05,M6,0.0462580654948861,0.0462580654948861,0.000106990431166459,0.952380952380952,5.82197198841806e-14,1.275553866301e-15,1.04041834697838e-05,5.39518895014367,0.000564841772832391,5.39463067126193,0.0475534469596082,113.443525468177,108.056055068247,24.1262933362273,86.5703744781566,69.2309591383439,23.0399031016677,82.5766723943837,65.7751250720844,1,5.39463066610263,0
3.46,1e-05,M7,0.0462580654948861,0.193946483467589,0.00188076192247218,0.952380952380952,5.82197198841806e-14,1.275553866301e-15,1.04041834697838e-05,4.97686461771428,0.000560345192631144,4.97630921503147,0.0438659605693179,113.443525468177,108.473243506352,24.1262933362273,86.5703744781566,69.2309591383439,22.9843654874325,82.8843614448154,66.0934650915929,1,4.97630920969988,0
3.46,1e-06,M5,0.0462580654948861,0.0462580654948861,1e-06,0.999532886784413,5.82197198841806e-14,1.275553866301e-15,1.04052493119495e-06,0.0529234450679608,5.9232580168702e-05,0.0528648391731213,0.000466001377821696,113.443525468177,113.390727854689,24.1262933362273,86.5703744781566,69.2309591383439,24.1156471132408,86.5312418009272,69.1970875117971,1,0.0528648337582203,0
3.46,1e-06,M6,0.0462580654948861,0.0462580654948861,0.000106990431166459,0.952380952380952,5.82197198841806e-14,1.275553866301e-15,1.04052493119495e-06,5.39518895014367,5.64982972517049e-05,5.39513310806688,0.0475578759193296,113.443525468177,108.055549831482,24.1262933362273,86.5703744781566,69.2309591383439,23.0397601196787,82.5762656085217,65.7748558429612,1,5.3951331029076,0
3.46,1e-06,M7,0.0462580654948861,0.193946483467589,0.00188076192247218,0.952380952380952,5.82197198841806e-14,1.275553866301e-15,1.04052493119495e-06,4.97686461771428,5.60485734822605e-05,4.97680906331084,0.043870366711293,113.443525468177,108.47274234752,24.1262933362273,86.5703744781566,69.2309591383439,22.9842241579389,82.8839576362383,66.0931981281236,1,4.97680905797926,0
3.4611091472136,0.0001,M5,0.00107224095337557,0.00107224095337557,1e-06,0.534818955200441,2.89865532422196e-14,1.91392660685806e-13,8.50265341075853e-05,2202.9594610447,0.169471038647054,2202.78999084641,0.465144776976984,4735.70832110067,2532.92260012855,13.0175333535452,3356.22460229794,3341.03580724564,7.98842332657357,1796.63181877246,1785.42633315101,1,2202.7899908463,0
3.4611091472136,0.0001,M6,0.00107224095337557,0.00107224095337557,5.7485033104787e-08,0.952380952380952,2.89865532422196e-14,1.91392660685806e-13,8.50265341075853e-05,225.509686284801,0.301785192365337,225.207901564946,0.0475552728958196,4735.70832110067,4510.50066499672,13.0175333535452,3356.22460229794,3341.03580724564,12.4916837482982,3196.77585730537,3181.9937656951,1,225.207901564738,0
3.4611091472136,0.0001,M7,0.00107224095337557,0.0107192921629638,5.74516122374888e-06,0.952380952380952,2.89865532422196e-14,1.91392660685806e-13,8.50265341075853e-05,225.522048087069,0.301784291496458,225.220264268067,0.0475578834246536,4735.70832110067,4510.48830222385,13.0175333535452,3356.22460229794,3341.03580724564,12.4915947703725,3196.76708127952,3181.98505851393,1,225.220264267859,0
3.4611091472136,1e-05,M5,0.00107224095337557,0.00107224095337557,1e-06,0.534818955200441,2.89865532422196e-14,1.91392660685806e-13,8.5039427251571e-06,2202.9594610447,0.0169524345107856,2202.94250869421,0.465176982897927,4735.70832110067,2532.77008227152,13.0175333535452,3356.22460229794,3341.03580724564,7.98793720361764,1796.52359921721,1785.3188622665,1,2202.9425086941,0
3.4611091472136,1e-05,M6,0.00107224095337557,0.00107224095337557,5.7485033104787e-08,0.952380952380952,2.89865532422196e-14,1.91392660685806e-13,8.5039427251571e-06,225.509686284801,0.0301880118146855,225.479498320176,0.0476126237157635,4735.70832110067,4510.22906823571,13.0175333535452,3356.22460229794,3341.03580724564,12.490926075508,3196.58332892474,3181.80220094911,1,225.479498319968,0
3.4611091472136,1e-05,M7,0.00107224095337557,0.0107192921629638,5.74516122374888e-06,0.952380952380952,2.89865532422196e-14,1.91392660685806e-13,8.5039427251571e-06,225.522048087069,0.0301879217004798,225.491860212557,0.0476152340734001,4735.70832110067,4510.2167062736,13.0175333535452,3356.22460229794,3341.03580724564,12.4908371031275,3196.57455347431,3181.79349433908,1,225.491860212349,0
3.4611091472136,1e-06,M5,0.00107224095337557,0.00107224095337557,1e-06,0.534818955200441,2.89865532422196e-14,1.91392660685806e-13,8.50482433796429e-07,2202.9594610447,0.00169571841722539,2202.95776533469,0.465180204515357,4735.70832110067,2532.75482563012,13.0175333535452,3356.22460229794,3341.03580724564,7.98788857598588,1796.5127738186,1785.3081117542,1,2202.95776533457,0
3.4611091472136,1e-06,M6,0.00107224095337557,0.00107224095337557,5.7485033104787e-08,0.952380952380952,2.89865532422196e-14,1.91392660685806e-13,8.50482433796429e-07,225.509686284801,0.00301964698336268,225.506666642535,0.0476183606236381,4735.70832110067,4510.20189991283,13.0175333535452,3356.22460229794,3341.03580724564,12.4908502842584,3196.56406995947,3181.7830383734,1,225.506666642327,0
3.4611091472136,1e-06,M7,0.00107224095337557,0.0107192921629638,5.74516122374888e-06,0.952380952380952,2.89865532422196e-14,1.91392660685806e-13,8.50482433796429e-07,225.522048087069,0.00301963796601082,225.519028453821,0.0476209709641505,4735.70832110067,4510.18953803182,13.0175333535452,3356.22460229794,3341.03580724564,12.4907613124327,3196.55529456659,3181.77433182049,1,225.519028453612,0
6.31,0.0001,M5,0.438727308126482,0.438727308126482,1e-06,0.99999480472658,1.24320504431885e-16,4.57756734421069e-16,0.000160281594783868,1.72120065760926e-05,0.000950597906898911,0.000952194952121908,0.000210613132897208,4.5210616214832,4.52123495725026,4.18715851670224,1.70519828381727,0.000744394279445771,4.18762080694264,1.70452250084685,0.000748351273383935,1,0.000952194954527895,0
6.31,0.0001,M6,0.438727308126482,0.438727308126482,0.00962408254479543,0.952380952380952,1.24320504431885e-16,4.57756734421069e-16,0.000160281594783868,0.158585490453556,0.000923708525530994,0.158649034671118,0.0350911020361344,4.5210616214832,4.38126938533093,4.18715851670224,1.70519828381727,0.000744394279445771,4.07156370800962,1.61683143846211,0.0612086436502526,1,0.158649034669974,0
6.31,0.0001,M7,0.438727308126482,0.604952123968648,0.0182983536147089,0.952380952380952,1.24320504431885e-16,4.57756734421069e-16,0.000160281594783868,0.22327673397788,0.000934001013808261,0.223033606290244,0.0493321314689523,4.5210616214832,4.31978583691919,4.18715851670224,1.70519828381727,0.000744394279445771,3.98876763486264,1.65599351672653,0.0892631193699522,1,0.223033606288463,0
6.31,1e-05,M5,0.438727308126482,0.438727308126482,1e-06,0.99999480472658,1.24320504431885e-16,4.57756734421069e-16,1.60287835998058e-05,1.72120065760926e-05,9.50625195655714e-05,9.80162949726661e-05,2.16799290031598e-05,4.5210616214832,4.52106526136064,4.18715851670224,1.70519828381727,0.000744394279445771,4.18719349424083,1.70512204251442,0.000747930907836286,1,9.80162971256028e-05,0
6.31,1e-05,M6,0.438727308126482,0.438727308126482,0.00962408254479543,0.952380952380952,1.24320504431885e-16,4.57756734421069e-16,1.60287835998058e-05,0.158585490453556,9.23736144529625e-05,0.158591598269514,0.0350783978514954,4.5210616214832,4.38108995604461,4.18715851670224,1.70519828381727,0.000744394279445771,4.07114176934877,1.61740751362826,0.0612113688587824,1,0.158591598268357,0
6.31,1e-05,M7,0.438727308126482,0.604952123968648,0.0182983536147089,0.952380952380952,1.24320504431885e-16,4.57756734421069e-16,1.60287835998058e-05,0.22327673397788,9.34026049813238e-05,0.223252251146828,0.0493804928660953,4.5210616214832,4.31963761533245,4.18715851670224,1.70519828381727,0.000744394279445771,3.98835941435275,1.65659032575832,0.0892569456273781,1,0.223252251145041,0
6.31,1e-06,M5,0.438727308126482,0.438727308126482,1e-06,0.99999480472658,1.24320504431885e-16,4.57756734421069e-16,1.60291895492104e-06,1.72120065760926e-05,9.50651709833606e-06,2.03479598552551e-05,4.50070394054476e-06,4.5210616214832,4.52104829317776,4.18715851670224,1.70519828381727,0.000744394279445771,4.18715075847716,1.70518199488848,0.000747888871804426,1,2.03479600032962e-05,0
6.31,1e-06,M6,0.438727308126482,0.438727308126482,0.00962408254479543,0.952380952380952,1.24320504431885e-16,4.57756734421069e-16,1.60291895492104e-06,0.158585490453556,9.2376171117226e-06,0.158586099004563,0.0350771814856477,4.5210616214832,4.38107201444215,4.18715851670224,1.70519828381727,0.000744394279445771,4.07109957112792,1.61746511945563,0.0612116413326521,1,0.158586099003404,0
6.31,1e-06,M7,0.438727308126482,0.604952123968648,0.0182983536147089,0.952380952380952,1.24320504431885e-16,4.57756734421069e-16,1.60291895492104e-06,0.22327673397788,9.34052481505799e-06,0.223274284150424,0.0493853662797845,4.5210616214832,4.31962279508169,4.18715851670224,1.70519828381727,0.000744394279445771,3.98831858817835,1.65665000494167,0.0892563281072825,1,0.223274284148636,0
9.7442944543932,0.0001,M5,0.00107224095337524,0.00107224095337524,1e-06,0.53481895520029,6.92118058498838e-15,4.37908441366141e-13,8.50265311421489e-05,2202.95946104492,0.169471027529441,2202.78999085775,0.46514477697951,4735.70832109931,2532.92260011586,13.0175333488861,3356.2246022959,3341.03580724579,7.98842332437621,1796.6318187629,1785.42633314265,1,2202.78999085869,0
9.7442944543932,0.0001,M6,0.00107224095337524,0.00107224095337524,5.7485033104752e-08,0.952380952380952,6.92118058498838e-15,4.37908441366141e-13,8.50265311421489e-05,225.509686285587,0.301785172571597,225.207901585526,0.0475552729001789,4735.70832109931,4510.50066497478,13.0175333488861,3356.2246022959,3341.03580724579,12.4916837438382,3196.7758572888,3181.99376568067,1,225.207901587203,0
9.7442944543932,0.0001,M7,0.00107224095337524,0.0107192921629618,5.74516122374673e-06,0.952380952380952,6.92118058498838e-15,4.37908441366141e-13,8.50265311421489e-05,225.522048086778,0.30178427170205,225.22026428757,0.0475578834287854,4735.70832109931,4510.48830220299,13.0175333488861,3356.2246022959,3341.03580724579,12.4915947659148,3196.76708126371,3181.98505850026,1,225.220264289247,0
9.7442944543932,1e-05,M5,0.00107224095337524,0.00107224095337524,1e-06,0.53481895520029,6.92118058498838e-15,4.37908441366141e-13,8.50391477194846e-06,2202.95946104492,0.0169523327008759,2202.94250879624,0.465176982919603,4735.70832109931,2532.77008216814,13.0175333488861,3356.2246022959,3341.03580724579,7.98793720113198,1796.52359914343,1785.31886219409,1,2202.94250879718,0
9.7442944543932,1e-05,M6,0.00107224095337524,0.00107224095337524,5.7485033104752e-08,0.952380952380952,6.92118058498838e-15,4.37908441366141e-13,8.50391477194846e-06,225.509686285587,0.0301878305203474,225.479498502256,0.0476126237542255,4735.70832109931,4510.22906805228,13.0175333488861,3356.2246022959,3341.03580724579,12.4909260705984,3196.58332879382,3181.80220082063,1,225.479498503934,0
9.7442944543932,1e-05,M7,0.00107224095337524,0.0107192921629618,5.74516122374673e-06,0.952380952380952,6.92118058498838e-15,4.37908441366141e-13,8.50391477194846e-06,225.522048086778,0.0301877404081229,225.491860393558,0.0476152341116342,4735.70832109931,4510.21670609125,13.0175333488861,3356.2246022959,3341.03580724579,12.4908370982203,3196.57455334416,3181.79349421136,1,225.491860395235,0
9.7442944543932,1e-06,M5,0.00107224095337524,0.00107224095337524,1e-06,0.53481895520029,6.92118058498838e-15,4.37908441366141e-13,8.49941101049787e-07,2202.95946104492,0.00169344471798725,2202.9577676086,0.465180204995654,4735.70832109931,2532.75482335484,13.0175333488861,3356.2246022959,3341.03580724579,7.98788856664563,1796.51277220467,1785.30811015044,1,2202.95776760954,0
9.7442944543932,1e-06,M6,0.00107224095337524,0.00107224095337524,5.7485033104752e-08,0.952380952380952,6.92118058498838e-15,4.37908441366141e-13,8.49941101049787e-07,225.509686285587,0.00301559807913299,225.506670692228,0.0476183614787915,4735.70832109931,4510.20189586178,13.0175333488861,3356.2246022959,3341.03580724579,12.4908502686326,3196.56406708782,3181.78303551605,1,225.506670693905,0
9.7442944543932,1e-06,M7,0.00107224095337524,0.0107192921629618,5.74516122374673e-06,0.952380952380952,6.92118058498838e-15,4.37908441366141e-13,8.49941101049787e-07,225.522048086778,0.00301558907882653,225.519032502418,0.0476209718190727,4735.70832109931,4510.18953398186,13.0175333488861,3356.2246022959,3341.03580724579,12.4907612968093,3196.55529169572,3181.77432896392,1,225.519032504095,0
10,0.0001,M5,0.5029989690334,0.5029989690334,1e-06,0.99999604757085,7.85046230906898e-17,4.00296608206143e-16,9.21208839111195e-05,1.2027556608755e-05,0.000370876562610317,0.00036925232759098,9.03382927980485e-05,4.08743973517902,4.08756423549525,3.06319766342875,2.70628590973845,0.000488094361505684,3.06341860018949,2.7062238673884,0.000488764075447956,1,0.000369252328972172,0
10,0.0001,M6,0.5029989690334,0.5029989690334,0.0126503981424332,0.952380952380952,7.85046230906898e-17,4.00296608206143e-16,9.21208839111195e-05,0.145555832643372,0.000363604150016181,0.145499568621987,0.0355967495666611,4.08743973517902,3.96157586582744,3.06319766342875,2.70628590973845,0.000488094361505684,2.99143128418407,2.59644367288632,0.0624697225852286,1,0.145499568621262,0
10,0.0001,M7,0.5029989690334,0.737685385400813,0.0272089863916973,0.952380952380952,7.85046230906898e-17,4.00296608206143e-16,9.21208839111195e-05,0.16767540344922,0.000356460204283233,0.167479149205421,0.0409740962696018,4.08743973517902,3.97339913095905,3.06319766342875,2.70628590973845,0.000488094361505684,2.92100925562819,2.69222855110038,0.0866660895653338,1,0.167479149204646,0
10,1e-05,M5,0.5029989690334,0.5029989690334,1e-06,0.99999604757085,7.85046230906898e-17,4.00296608206143e-16,9.21273109681507e-06,1.2027556608755e-05,3.7087532945908e-05,3.72196051605231e-05,9.10584805451401e-06,4.08743973517902,4.08744279592735,3.06319766342875,2.70628590973845,0.000488094361505684,3.06321446870212,2.70627151073688,0.000488759986377671,1,3.72196063116238e-05,0
10,1e-05,M6,0.5029989690334,0.5029989690334,0.0126503981424332,0.952380952380952,7.85046230906898e-17,4.00296608206143e-16,9.21273109681507e-06,0.145555832643372,3.63602986909103e-05,0.145550159651596,0.0356091267594485,4.08743973517902,3.96145434472108,3.06319766342875,2.70628590973845,0.000488094361505684,2.99123147852071,2.59648849620511,0.0624680421569251,1,0.145550159650869,0
10,1e-05,M7,0.5029989690334,0.737685385400813,0.0272089863916973,0.952380952380952,7.85046230906898e-17,4.00296608206143e-16,9.21273109681507e-06,0.16767540344922,3.5645754934563e-05,0.167655749589902,0.041017301893641,4.08743973517902,3.97328836540135,3.06319766342875,2.70628590973845,0.000488094361505684,2.92081690415507,2.69227399368518,0.0866590443183499,1,0.167655749589125,0
10,1e-06,M5,0.5029989690334,0.5029989690334,1e-06,0.99999604757085,7.85046230906898e-17,4.00296608206143e-16,9.21017102919003e-07,1.2027556608755e-05,3.70813703196402e-06,1.2039691994755e-05,2.94553382429936e-06,4.08743973517902,4.08743064412174,3.06319766342875,2.70628590973845,0.000488094361505684,3.06319404974334,2.70627626920028,0.000488759575964982,1,1.20396916727301e-05,0
10,1e-06,M6,0.5029989690334,0.5029989690334,0.0126503981424332,0.952380952380952,7.85046230906898e-17,4.00296608206143e-16,9.21017102919003e-07,0.145555832643372,3.6354284221084e-06,0.145555266014998,0.0356103760410851,4.08743973517902,3.96144218503428,3.06319766342875,2.70628590973845,0.000488094361505684,2.99121149229626,2.59649297292391,0.0624678739893108,1,0.14555526601427,0
10,1e-06,M7,0.5029989690334,0.737685385400813,0.0272089863916973,0.952380952380952,7.85046230906898e-17,4.00296608206143e-16,9.21017102919003e-07,0.16767540344922,3.56400834902979e-06,0.167673438955974,0.0410216296311045,4.08743973517902,3.97327728122228,3.06319766342875,2.70628590973845,0.000488094361505684,2.92079766348039,2.69227853214706,0.0866583396137072,1,0.167673438955197,0
