time,h,model,correct,lc,lp,sigma,rcond,condition,retention,rootres,identity,ftrel,damping,difference,total,relative,balance,mismatch,reference,prediction,refx,refmu1,refmu2,predx,predmu1,predmu2,feedback,executed,forward
0,1e-05,M8,fixed,1e-06,1e-10,0.417231645371235,0.177487119559153,5.65919510138306,0.999999999425559,4.72441096660559e-17,2.77691250423714e-17,1.42800284098829e-05,2.19636394126105e-09,9.81148479419212e-05,9.81150364430571e-05,1.76497551843948e-05,1.0451943162763e-09,6.55473094031191e-05,5.55900268406026,5.55896632424698,5.49977644140057,0.809298094357656,0.00255547911660063,5.4997290068849,0.809370690625905,0.00255540536650949,9.70731313148208e-13,9.81150365428944e-05,1
0,1e-05,M8,fixed,1e-06,1e-09,0.417231645371235,0.177487119559153,5.65919510138306,0.999999994255589,4.72441096660559e-17,2.77691250423714e-17,1.42800284098829e-05,2.19636427440899e-08,9.81148476433579e-05,9.8116734849456e-05,1.76500607079744e-05,1.04519347720076e-08,6.55500852199687e-05,5.55900268406026,5.55896630656049,5.49977644140057,0.809298094357656,0.00255547911660063,5.49972899003324,0.809370683652647,0.00255540727008076,9.70731313148208e-13,9.81167349494683e-05,1
0,1e-05,M8,fixed,1e-06,1e-08,0.417231645371235,0.177487119559153,5.65919510138306,0.999999942555892,4.72441096660559e-17,2.77691250423714e-17,1.42800284098829e-05,2.19636395526947e-07,9.8114844658406e-05,9.81339362954016e-05,1.76531550482586e-05,1.0451933964336e-07,6.5577911139431e-05,5.55900268406026,5.55896612969553,5.49977644140057,0.809298094357656,0.00255547911660063,5.49972882151667,0.809370613920067,0.00255542630680028,9.70731313148208e-13,9.81339363971631e-05,1
0,1e-05,M8A,adaptive,0.00174082245899188,0,0.417231645371235,0.177487119559153,5.65919510138306,1,4.72441096660559e-17,2.77691250423714e-17,1.42800284098829e-05,1.11025744359391e-16,9.81148479747518e-05,9.81148479746697e-05,1.76497212811215e-05,1.66533454245227e-16,6.55470010544836e-05,5.55900268406026,5.55896632621215,5.49977644140057,0.809298094357656,0.00255547911660063,5.49972900875731,0.809370691400712,0.00255540515500261,9.64359771262313e-13,9.81148480751026e-05,1
0,1e-06,M8,fixed,1e-06,1e-10,0.417231645371235,0.177487119559153,5.65919510138306,0.999999999425559,4.72441096660559e-17,2.77691250423714e-17,1.42799274373845e-06,2.19636394126105e-09,9.81142528642525e-06,9.81161397481424e-06,1.76499536561618e-06,1.04519587821466e-09,6.55496217599204e-06,5.55900268406026,5.55899904640969,5.49977644140057,0.809298094357656,0.00255547911660063,5.49977169641083,0.809305353315635,0.00255547193201475,9.70731313148208e-13,9.81161407481184e-06,1
0,1e-06,M8,fixed,1e-06,1e-09,0.417231645371235,0.177487119559153,5.65919510138306,0.999999994255589,4.72441096660559e-17,2.77691250423714e-17,1.42799274373845e-06,2.19636427440899e-08,9.8114252575155e-06,9.81333409771904e-06,1.76530479574287e-06,1.04519505878374e-08,6.55774477997088e-06,5.55900268406026,5.55899902872324,5.49977644140057,0.809298094357656,0.00255547911660063,5.49977167955913,0.809305346342644,0.00255547383550121,9.70731313148208e-13,9.81333419946586e-06,1
0,1e-06,M8,fixed,1e-06,1e-08,0.417231645371235,0.177487119559153,5.65919510138306,0.999999942555892,4.72441096660559e-17,2.77691250423714e-17,1.42799274373845e-06,2.19636395526947e-07,9.81142495863678e-06,9.83270467073156e-06,1.76878933678618e-06,1.04519499309208e-07,6.58624512229497e-06,5.55900268406026,5.55899885185878,5.49977644140057,0.809298094357656,0.00255547911660063,5.4997715110421,0.809305276612719,0.00255549287137465,9.70731313148208e-13,9.83270478991068e-06,1
0,1e-06,M8A,adaptive,0.00174082245899188,0,0.417231645371235,0.177487119559153,5.65919510138306,1,4.72441096660559e-17,2.77691250423714e-17,1.42799274373845e-06,1.11025744359391e-16,9.81142529019546e-06,9.81142529011331e-06,1.76496142343056e-06,2.77555756156289e-16,6.55465375800822e-06,5.55900268406026,5.55899904837485,5.49977644140057,0.809298094357656,0.00255547911660063,5.49977169828324,0.809305354090413,0.00255547172051708,9.64359771262313e-13,9.81142539053165e-06,1
1,1e-05,M8,fixed,1e-06,1e-10,0.462426996771961,0.189738697682526,4.73376489988578,0.999999999532358,1.66533453781149e-16,4.44089223550241e-16,9.64815032588691e-06,1.00547627348628e-09,8.79533218973547e-05,8.79526094125834e-05,1.75623950771466e-05,6.28149504323684e-10,7.0250732408039e-05,5.00800767926199,5.00805080596738,4.77797153963348,1.50037617104993,0.000476807171092519,4.77799100843557,1.50045812041323,0.000476807395487736,1.8676502778362e-12,8.79526082879593e-05,0
1,1e-05,M8,fixed,1e-06,1e-09,0.462426996771961,0.189738697682526,4.73376489988578,0.999999995323579,1.66533453781149e-16,4.44089223550241e-16,9.64815032588691e-06,1.00547669157091e-08,8.79533215785154e-05,8.79461969985534e-05,1.75611146449986e-05,6.28150505026579e-09,7.02479655592965e-05,5.00800767926199,5.00805079887648,4.77797153963348,1.50037617104993,0.000476807171092519,4.77799100259096,1.50045811535624,0.00047681104638317,1.8676502778362e-12,8.79461958739371e-05,0
1,1e-05,M8,fixed,1e-06,1e-08,0.462426996771961,0.189738697682526,4.73376489988578,0.999999953235788,1.66533453781149e-16,4.44089223550241e-16,9.64815032588691e-06,1.00547666606712e-07,8.79533183994056e-05,8.78820983785983e-05,1.75483154194263e-05,6.28150468017353e-08,7.02203161108033e-05,5.00800767926199,5.00805072796751,4.77797153963348,1.50037617104993,0.000476807171092519,4.77799094414485,1.50045806478626,0.000476847556111818,1.8676502778362e-12,8.788209725406e-05,0
1,1e-05,M8A,adaptive,0.00213838727343535,0,0.462426996771961,0.189738697682526,4.73376489988578,1,1.66533453781149e-16,4.44089223550241e-16,9.64815032588691e-06,7.69185092492259e-16,8.79533219327803e-05,8.79533219324953e-05,1.75625373532687e-05,9.9301366768014e-16,7.02510398578939e-05,5.00800767926199,5.00805080675525,4.77797153963348,1.50037617104993,0.000476807171092519,4.77799100908497,1.50045812097512,0.000476806989834612,1.8601558116646e-12,8.79533208172905e-05,0
1,1e-06,M8,fixed,1e-06,1e-10,0.462426996771961,0.189738697682526,4.73376489988578,0.999999999532358,1.66533453781149e-16,4.44089223550241e-16,9.64806072603586e-07,1.00547627348628e-09,8.79513659478381e-06,8.7944241251114e-06,1.7560724120949e-06,6.28140048061264e-10,7.0247313173925e-06,5.00800767926199,5.0080119912362,4.77797153963348,1.50037617104993,0.000476807171092519,4.77797348606106,1.5003843652603,0.000476807558634853,1.8676502778362e-12,8.79442300049223e-06,0
1,1e-06,M8,fixed,1e-06,1e-09,0.462426996771961,0.189738697682526,4.73376489988578,0.999999995323579,1.66533453781149e-16,4.44089223550241e-16,9.64806072603586e-07,1.00547669157091e-08,8.79513656497492e-06,8.78801445602288e-06,1.75479252805737e-06,6.28141492868468e-09,7.0219663960053e-06,5.00800767926199,5.00801198414545,4.77797153963348,1.50037617104993,0.000476807171092519,4.77797348021648,1.50038436020359,0.000476811209490592,1.8676502778362e-12,8.78801333148173e-06,0
1,1e-06,M8,fixed,1e-06,1e-08,0.462426996771961,0.189738697682526,4.73376489988578,0.999999953235788,1.66533453781149e-16,4.44089223550241e-16,9.64806072603586e-07,1.00547666606712e-07,8.79513624501316e-06,8.72417499490243e-06,1.74204505137422e-06,6.28141492166573e-08,6.99450835453434e-06,5.00800767926199,5.00801191323795,4.77797153963348,1.50037617104993,0.000476807171092519,4.77797342177062,1.50038430963638,0.000476847718815122,1.8676502778362e-12,8.72417387118101e-06,0
1,1e-06,M8A,adaptive,0.00213838727343535,0,0.462426996771961,0.189738697682526,4.73376489988578,1,1.66533453781149e-16,4.44089223550241e-16,9.64806072603586e-07,7.69185092492259e-16,8.79513659929558e-06,8.79513659901063e-06,1.75621467902915e-06,8.88178421587131e-16,7.02503874566371e-06,5.00800767926199,5.00801199202406,4.77797153963348,1.50037617104993,0.000476807171092519,4.77797348671046,1.50038436582216,0.000476807152986279,1.8601558116646e-12,8.79513548380297e-06,0
3.46,1e-05,M8,fixed,1e-06,1e-10,0.0462580654948861,0.0121692834702503,51.831736464694,0.999999953266851,5.82197198841806e-14,1.275553866301e-15,1.04041834697838e-05,5.29481768681862e-06,0.000592448521267992,0.000587210125874321,5.1762330503299e-06,2.44930544828096e-07,7.83132521397138e-05,113.443525468177,113.444109335787,24.1262933362273,86.5703744781566,69.2309591383439,24.1264567840031,86.5708432237419,69.2312727715587,5.55410469342256e-09,0.00058721533779989,0
3.46,1e-05,M8,fixed,1e-06,1e-09,0.0462580654948861,0.0121692834702503,51.831736464694,0.999999532668706,5.82197198841806e-14,1.275553866301e-15,1.04041834697838e-05,5.29481528864142e-05,0.000592448277291859,0.00054011386504696,4.76108145280155e-06,2.44930434015575e-06,7.75796323992212e-05,113.443525468177,113.444061742443,24.1262933362273,86.5703744781566,69.2309591383439,24.1264471830315,86.5708079451595,69.2312422441618,5.55410469342256e-09,0.000540119053700667,0
3.46,1e-05,M8,fixed,1e-06,1e-08,0.0462580654948861,0.0121692834702503,51.831736464694,0.999995326706717,5.82197198841806e-14,1.275553866301e-15,1.04041834697838e-05,0.00052947930389058,0.000592445837641241,0.000102911678437283,9.07162202625233e-07,2.44929404806865e-05,7.3549017339624e-05,113.443525468177,113.443585811197,24.1262933362273,86.5703744781566,69.2309591383439,24.1263511737621,86.5704551609643,69.2309369716036,5.55410469342256e-09,0.000102913837269396,0
3.46,1e-05,M8A,adaptive,2.13980862332917e-05,0,0.0462580654948861,0.0121692834702503,51.831736464694,1,5.82197198841806e-14,1.275553866301e-15,1.04041834697838e-05,1.46751159158524e-14,0.000592448548354918,0.000592448548346347,5.22240952845333e-06,2.89510744548661e-15,7.83981678298353e-05,113.443525468177,113.444114623939,24.1262933362273,86.5703744781566,69.2309591383439,24.1264578507783,86.5708471435864,69.2312761634934,5.50426804545119e-09,0.000592453712027339,0
3.46,1e-06,M8,fixed,1e-06,1e-10,0.0462580654948861,0.0121692834702503,51.831736464694,0.999999953266851,5.82197198841806e-14,1.275553866301e-15,1.04052493119495e-06,5.29481768681862e-06,5.92596787150655e-05,5.40262175489802e-05,4.76238880324073e-07,2.44929404302124e-07,7.75875346340892e-06,113.443525468177,113.443579110484,24.1262933362273,86.5703744781566,69.2309591383439,24.1263087247827,86.5704178360908,69.2309874579138,5.55410469342256e-09,5.40314062778629e-05,0
3.46,1e-06,M8,fixed,1e-06,1e-09,0.0462580654948861,0.0121692834702503,51.831736464694,0.999999532668706,5.82197198841806e-14,1.275553866301e-15,1.04052493119495e-06,5.29481528864142e-05,5.92596543468526e-05,1.03002241334995e-05,9.07960510834868e-08,2.44929293395331e-06,7.35552876520157e-06,113.443525468177,113.44353151736,24.1262933362273,86.5703744781566,69.2309591383439,24.1262991238559,86.5703825576727,69.230956930659,5.55410469342256e-09,1.03023899048987e-05,0
3.46,1e-06,M8,fixed,1e-06,1e-08,0.0462580654948861,0.0121692834702503,51.831736464694,0.999995326706717,5.82197198841806e-14,1.275553866301e-15,1.04052493119495e-06,0.00052947930389058,5.92594102856398e-05,0.000470923925854477,4.15117499135355e-06,2.44928264350183e-05,2.29710446912641e-05,113.443525468177,113.443055588322,24.1262933362273,86.5703744781566,69.2309591383439,24.126203115035,86.5700297751205,69.2306516595216,5.55410469342256e-09,0.000470918493982731,0
3.46,1e-06,M8A,adaptive,2.13980862332917e-05,0,0.0462580654948861,0.0121692834702503,51.831736464694,1,5.82197198841806e-14,1.275553866301e-15,1.04052493119495e-06,1.46751159158524e-14,5.92596814395879e-05,5.9259681431017e-05,5.22371648681178e-07,8.59975056989852e-15,7.8406199286708e-06,113.443525468177,113.443584398612,24.1262933362273,86.5703744781566,69.2309591383439,24.1263097915529,86.570421755917,69.2309908498327,5.50426804545119e-09,5.92648451701375e-05,0
3.4611091472136,1e-05,M8,fixed,1e-06,1e-10,0.00107224095337557,0.000284445120559208,2259.38210785108,0.999913028402838,2.89865532422196e-14,1.91392660685806e-13,8.5039427251571e-06,0.411871690085747,0.0316946510331321,0.380177087739682,8.02788225038576e-05,0.000441628649569084,0.000411657777617002,4735.70832110067,4735.32814444421,13.0175333535452,3356.22460229794,3341.03580724564,13.016657641166,3355.95546005733,3340.76729993286,5.86041559017272e-10,0.380177087622813,0
3.4611091472136,1e-05,M8,fixed,1e-06,1e-09,0.00107224095337557,0.000284445120559208,2259.38210785108,0.999130964261219,2.89865532422196e-14,1.91392660685806e-13,8.5039427251571e-06,4.11549551345198,0.0316698617012342,4.08382569707517,0.000862347387164676,0.00441283236906465,0.00437922084626352,4735.70832110067,4731.62449967438,13.0175333535452,3356.22460229794,3341.03580724564,13.0079943165572,3353.33324703123,3338.15178390044,5.86041559017272e-10,4.08382569695826,0
3.4611091472136,1e-05,M8,fixed,1e-06,1e-08,0.00107224095337557,0.000284445120559208,2259.38210785108,0.991377085202376,2.89865532422196e-14,1.91392660685806e-13,8.5039427251571e-06,40.8355670286865,0.031424084533048,40.8041429895158,0.00861627030695847,0.0437858603914001,0.0437519107500593,4735.70832110067,4694.90422081063,13.0175333535452,3356.22460229794,3341.03580724564,12.9221238236812,3327.33496684923,3312.2199020723,5.86041559017272e-10,40.8041429893989,0
3.4611091472136,1e-05,M8A,adaptive,1.14970066209574e-08,0,0.00107224095337557,0.000284445120559208,2259.38210785108,1,2.89865532422196e-14,1.91392660685806e-13,8.5039427251571e-06,1.02318308146981e-12,0.0316974078006423,0.0316974077996825,6.69327704547382e-06,8.05440352925044e-13,6.6676422215888e-05,4735.70832110067,4735.74001846408,13.0175333535452,3356.22460229794,3341.03580724564,13.0176210963347,3356.24707048062,3341.05816559865,6.13725548381453e-10,0.0316974080166572,0
3.4611091472136,1e-06,M8,fixed,1e-06,1e-10,0.00107224095337557,0.000284445120559208,2259.38210785108,0.999913028402838,2.89865532422196e-14,1.91392660685806e-13,8.50482433796429e-07,0.411871690085747,0.00317035311670266,0.408701341497389,8.63020510947345e-05,0.000441625989321949,0.000438263858626484,4735.70832110067,4735.29962018625,13.0175333535452,3356.22460229794,3341.03580724564,13.0165786808962,3355.93524107909,3340.7471797936,5.86041559017272e-10,0.408701341380478,0
3.4611091472136,1e-06,M8,fixed,1e-06,1e-09,0.00107224095337557,0.000284445120559208,2259.38210785108,0.999130964261219,2.89865532422196e-14,1.91392660685806e-13,8.50482433796429e-07,4.11549551345198,0.00316787349288482,4.11232764445957,0.000868365905504878,0.00441280578740005,0.00440940984217164,4735.70832110067,4731.59599772616,13.0175333535452,3356.22460229794,3341.03580724564,13.0079154085064,3353.31304384847,3338.13167951635,5.86041559017272e-10,4.11232764434265,0
3.4611091472136,1e-06,M8,fixed,1e-06,1e-08,0.00107224095337557,0.000284445120559208,2259.38210785108,0.991377085202376,2.89865532422196e-14,1.91392660685806e-13,8.50482433796429e-07,40.8355670286865,0.00314328888607277,40.832423744333,0.00862224211791042,0.0437855966376735,0.0437821973365766,4735.70832110067,4694.87594005528,13.0175333535452,3356.22460229794,3341.03580724564,12.9220454332266,3327.3149202728,3312.19995389496,5.86041559017272e-10,40.8324237442161,0
3.4611091472136,1e-06,M8A,adaptive,1.14970066209574e-08,0,0.00107224095337557,0.000284445120559208,2259.38210785108,1,2.89865532422196e-14,1.91392660685806e-13,8.50482433796429e-07,1.02318308146981e-12,0.00317062887021224,0.00317062886925238,6.69515234949155e-07,3.5027752840569e-13,6.66833358657704e-06,4735.70832110067,4735.7114917251,13.0175333535452,3356.22460229794,3341.03580724564,13.0175421302575,3356.2268497458,3341.03804370729,6.13725548381453e-10,0.00317062908622685,0
6.31,1e-05,M8,fixed,1e-06,1e-10,0.438727308126482,0.183499083636677,5.32831812020569,0.99999999948047,1.24320504431885e-16,4.57756734421069e-16,1.60287835998058e-05,1.72120927345788e-09,9.50628102469922e-05,9.50629544123941e-05,2.10266885018053e-05,8.29343390494486e-10,6.64750666895543e-05,4.5210616214832,4.52108047313189,4.18715851670224,1.70519828381727,0.000744394279445771,4.18720599961755,1.70513166855469,0.000744441511604451,2.90958885099113e-12,9.50629568436442e-05,0
6.31,1e-05,M8,fixed,1e-06,1e-09,0.438727308126482,0.183499083636677,5.32831812020569,0.9999999948047,1.24320504431885e-16,4.57756734421069e-16,1.60287835998058e-05,1.72120849927952e-08,9.50628099845496e-05,9.50642530341161e-05,2.10269757400318e-05,8.293420655055e-09,6.64739131202802e-05,4.5210616214832,4.52108045943986,4.18715851670224,1.70519828381727,0.000744394279445771,4.18720598836154,1.70513165989034,0.000744444633333831,2.90958885099113e-12,9.50642554651427e-05,0
6.31,1e-05,M8,fixed,1e-06,1e-08,0.438727308126482,0.183499083636677,5.32831812020569,0.999999948046999,1.24320504431885e-16,4.57756734421069e-16,1.60287835998058e-05,1.7212085739932e-07,9.50628073689514e-05,9.5077377103928e-05,2.10298786134962e-05,8.29342157443733e-08,6.64624224375167e-05,4.5210616214832,4.52108032251958,4.18715851670224,1.70519828381727,0.000744394279445771,4.18720587580147,1.70513157324681,0.000744475852530691,2.90958885099113e-12,9.50773795327163e-05,0
6.31,1e-05,M8A,adaptive,0.00192481650895909,0,0.438727308126482,0.183499083636677,5.32831812020569,1,1.24320504431885e-16,4.57756734421069e-16,1.60287835998058e-05,2.48253511511357e-16,9.50628102757147e-05,9.50628102756247e-05,2.10266566206275e-05,4.57756683265911e-16,6.64751949146516e-05,4.5210616214832,4.52108047465323,4.18715851670224,1.70519828381727,0.000744394279445771,4.18720600086822,1.7051316695174,0.000744441164747196,2.89765738091123e-12,9.50628126959346e-05,0
6.31,1e-06,M8,fixed,1e-06,1e-10,0.438727308126482,0.183499083636677,5.32831812020569,0.99999999948047,1.24320504431885e-16,4.57756734421069e-16,1.60291895492104e-06,1.72120927345788e-09,9.50654616803612e-06,9.50669050340126e-06,2.10275623278996e-06,8.29344194274585e-10,6.64755969333381e-06,4.5210616214832,4.52106350506064,4.18715851670224,1.70519828381727,0.000744394279445771,4.18716326379884,1.70519162118349,0.000744399315004336,2.90958885099113e-12,9.50669293440498e-06,0
6.31,1e-06,M8,fixed,1e-06,1e-09,0.438727308126482,0.183499083636677,5.32831812020569,0.9999999948047,1.24320504431885e-16,4.57756734421069e-16,1.60291895492104e-06,1.72120849927952e-08,9.50654614137572e-06,9.50800342081395e-06,2.1030466330372e-06,8.29343620066338e-09,6.64641084437848e-06,4.5210616214832,4.52106349136852,4.18715851670224,1.70519828381727,0.000744394279445771,4.18716325254288,1.70519161251891,0.000744402436878022,2.90958885099113e-12,9.50800584957933e-06,0
6.31,1e-06,M8,fixed,1e-06,1e-08,0.438727308126482,0.183499083636677,5.32831812020569,0.999999948046999,1.24320504431885e-16,4.57756734421069e-16,1.60291895492104e-06,1.7212085739932e-07,9.50654587946654e-06,9.52250874724436e-06,2.1062550224919e-06,8.29343658303577e-08,6.63537323308127e-06,4.5210616214832,4.52106335444723,4.18715851670224,1.70519828381727,0.000744394279445771,4.1871631399833,1.70519152587308,0.000744433657513404,2.90958885099113e-12,9.52251115331248e-06,0
6.31,1e-06,M8A,adaptive,0.00192481650895909,0,0.438727308126482,0.183499083636677,5.32831812020569,1,1.24320504431885e-16,4.57756734421069e-16,1.60291895492104e-06,2.48253511511357e-16,9.50654617039002e-06,9.50654617030002e-06,2.10272430818611e-06,5.90091631823467e-16,6.64768784856252e-06,4.5210616214832,4.52106350658199,4.18715851670224,1.70519828381727,0.000744394279445771,4.1871632650495,1.70519162214622,0.000744398968131394,2.89765738091123e-12,9.5065485905871e-06,0
9.7442944543932,1e-05,M8,fixed,1e-06,1e-10,0.00107224095337524,0.000284445120559281,2259.38210785227,0.999913028402838,6.92118058498838e-15,4.37908441366141e-13,8.50391477194846e-06,0.411871689653521,0.0316944606882128,0.380177277652457,8.02788626061762e-05,0.000441628649088236,0.0004116579606943,4735.70832109931,4735.32814425294,13.0175333488861,3356.2246022959,3341.03580724579,13.0166576359819,3355.95545992082,3340.7672997989,9.52068311002607e-10,0.380177278594479,0
9.7442944543932,1e-05,M8,fixed,1e-06,1e-09,0.00107224095337524,0.000284445120559281,2259.38210785227,0.999130964261219,6.92118058498838e-15,4.37908441366141e-13,8.50391477194846e-06,4.1154955131955,0.0316696715020184,4.08382588701801,0.000862347427273566,0.00441283236861419,0.00437922104815039,4735.70832109931,4731.62449948308,13.0175333488861,3356.2246022959,3341.03580724579,13.0079943113781,3353.3332468947,3338.15178376646,9.52068311002607e-10,4.08382588796002,0
9.7442944543932,1e-05,M8,fixed,1e-06,1e-08,0.00107224095337524,0.000284445120559281,2259.38210785227,0.991377085202371,6.92118058498838e-15,4.37908441366141e-13,8.50391477194846e-06,40.8355670282847,0.0314238958117442,40.8041431778353,0.0086162703467268,0.0437858603891945,0.0437519109517915,4735.70832109931,4694.90422062095,13.0175333488861,3356.2246022959,3341.03580724579,12.9221238185471,3327.33496671385,3312.21990193945,9.52068311002607e-10,40.8041431787773,0
9.7442944543932,1e-05,M8A,adaptive,1.14970066209504e-08,0,0.00107224095337524,0.000284445120559281,2259.38210785227,1,6.92118058498838e-15,4.37908441366141e-13,8.50391477194846e-06,1.02318192498858e-12,0.0316972174405591,0.0316972174396453,6.69323684873551e-06,1.5802167450353e-13,6.66762026732412e-05,4735.70832109931,4735.74001827236,13.0175333488861,3356.2246022959,3341.03580724579,13.0176210911494,3356.24707034379,3341.05816546438,1.74943090721382e-09,0.0316972156957868,0
9.7442944543932,1e-06,M8,fixed,1e-06,1e-10,0.00107224095337524,0.000284445120559281,2259.38210785227,0.999913028402838,6.92118058498838e-15,4.37908441366141e-13,8.49941101049787e-07,0.411871689653521,0.00316610213556851,0.40870559204824,8.63029486481055e-05,0.000441625988464226,0.000438268386643295,4735.70832109931,4735.29961593434,13.0175333488861,3356.2246022959,3341.03580724579,13.0165786645451,3355.93523806519,3340.74717679445,9.52068311002607e-10,0.408705592990252,0
9.7442944543932,1e-06,M8,fixed,1e-06,1e-09,0.00107224095337524,0.000284445120559281,2259.38210785227,0.999130964261219,6.92118058498838e-15,4.37908441366141e-13,8.49941101049787e-07,4.1154955131955,0.00316362583489959,4.11233189186304,0.000868366802393869,0.00441280578316638,0.00440941439351032,4735.70832109931,4731.59599347739,13.0175333488861,3356.2246022959,3341.03580724579,13.0079153921676,3353.31304083679,3338.13167651943,9.52068311002607e-10,4.11233189280506,0
9.7442944543932,1e-06,M8,fixed,1e-06,1e-08,0.00107224095337524,0.000284445120559281,2259.38210785227,0.991377085202371,6.92118058498838e-15,4.37908441366141e-13,8.49941101049787e-07,40.8355670282847,0.00313907419597186,40.8324279586232,0.00862224300780938,0.0437855965979195,0.0437822018550105,4735.70832109931,4694.87593583963,13.0175333488861,3356.2246022959,3341.03580724579,12.9220454170064,3327.31491728457,3312.19995092142,9.52068311002607e-10,40.8324279595652,0
9.7442944543932,1e-06,M8A,adaptive,1.14970066209504e-08,0,0.00107224095337524,0.000284445120559281,2259.38210785227,1,6.92118058498838e-15,4.37908441366141e-13,8.49941101049787e-07,1.02318192498858e-12,0.00316637752287216,0.00316637752195839,6.68617513424766e-07,1.78735976743749e-13,6.66408909591445e-06,4735.70832109931,4735.71148747239,13.0175333488861,3356.2246022959,3341.03580724579,13.0175421139044,3356.22684673133,3341.03804070758,1.74943090721382e-09,0.00316637577810009,0
10,1e-05,M8,fixed,1e-06,1e-10,0.5029989690334,0.195949973321745,4.10966032133325,0.999999999604755,7.85046230906898e-17,4.00296608206143e-16,9.21273109681507e-06,1.2027592053997e-09,3.70875922969239e-05,3.70874105170743e-05,9.07350638050445e-06,6.53237173380266e-10,4.20494158886849e-05,4.08743973517902,4.08745323456649,3.06319766342875,2.70628590973845,0.000488094361505684,3.06322034906404,2.70628062100209,0.000488094839097559,1.60426568913424e-12,3.70874119167304e-05,0
10,1e-05,M8,fixed,1e-06,1e-09,0.5029989690334,0.195949973321745,4.10966032133325,0.999999996047555,7.85046230906898e-17,4.00296608206143e-16,9.21273109681507e-06,1.20275994528998e-08,3.70875922432081e-05,3.70857761740104e-05,9.07310653532758e-06,6.53237143472077e-09,4.20482352714069e-05,4.08743973517902,4.08745322517074,3.06319766342875,2.70628590973845,0.000488094361505684,3.06322034377117,2.706280612802,0.000488095413621763,1.60426568913424e-12,3.70857775735082e-05,0
10,1e-05,M8,fixed,1e-06,1e-08,0.5029989690334,0.195949973321745,4.10966032133325,0.999999960475554,7.85046230906898e-17,4.00296608206143e-16,9.21273109681507e-06,1.20275993334822e-07,3.70875917083018e-05,3.70696026397121e-05,9.0691496490256e-06,6.53237137685587e-08,4.20364725032602e-05,4.08743973517902,4.08745313121324,3.06319766342875,2.70628590973845,0.000488094361505684,3.06322029084248,2.7062805308011,0.000488101161261281,1.60426568913424e-12,3.70696040376191e-05,0
10,1e-05,M8A,adaptive,0.00253007962848664,0,0.5029989690334,0.195949973321745,4.10966032133325,1,7.85046230906898e-17,4.00296608206143e-16,9.21273109681507e-06,1.08779196457726e-15,3.70875923022318e-05,3.70875923025446e-05,9.07355085466973e-06,1.01753621552426e-15,4.20495471183216e-05,4.08743973517902,4.08745323561047,3.06319766342875,2.70628590973845,0.000488094361505684,3.06322034965214,2.70628062191322,0.000488094775264014,1.59843596886301e-12,3.70875936976704e-05,0
10,1e-06,M8,fixed,1e-06,1e-10,0.5029989690334,0.195949973321745,4.10966032133325,0.999999999604755,7.85046230906898e-17,4.00296608206143e-16,9.21017102919003e-07,1.2027592053997e-09,3.70814296499744e-06,3.70796168526087e-06,9.07159964548926e-07,6.53236342322357e-10,4.20365514040732e-06,4.08743973517902,4.08744108276223,3.06319766342875,2.70628590973845,0.000488094361505684,3.06319993007003,2.70628537948887,0.000488094466470032,1.60426568913424e-12,3.70796308467277e-06,0
10,1e-06,M8,fixed,1e-06,1e-09,0.5029989690334,0.195949973321745,4.10966032133325,0.999999996047555,7.85046230906898e-17,4.00296608206143e-16,9.21017102919003e-07,1.20275994528998e-08,3.70814295984654e-06,3.70634734162398e-06,9.06765012270364e-07,6.53236299329527e-09,4.20247979011505e-06,4.08743973517902,4.08744107336648,3.06319766342875,2.70628590973845,0.000488094361505684,3.06319992477719,2.70628537128875,0.000488095040959634,1.60426568913424e-12,3.7063487394437e-06,0
10,1e-06,M8,fixed,1e-06,1e-08,0.5029989690334,0.195949973321745,4.10966032133325,0.999999960475554,7.85046230906898e-17,4.00296608206143e-16,9.21017102919003e-07,1.20275993334822e-07,3.70814290610141e-06,3.69191111374813e-06,9.03233161329151e-07,6.53236205806479e-08,4.19116177182911e-06,4.08743973517902,4.08744097940896,3.06319766342875,2.70628590973845,0.000488094361505684,3.06319987184882,2.70628528928764,0.000488100788259963,1.60426568913424e-12,3.69191249493052e-06,0
10,1e-06,M8A,adaptive,0.00253007962848664,0,0.5029989690334,0.195949973321745,4.10966032133325,1,7.85046230906898e-17,4.00296608206143e-16,9.21017102919003e-07,1.08779196457726e-15,3.70814296556412e-06,3.70814296587668e-06,9.0720431520057e-07,3.14018496562221e-16,4.2037862235237e-06,4.08743973517902,4.0874410838062,3.06319766342875,2.70628590973845,0.000488094361505684,3.06319993065812,2.70628538039999,0.000488094402639953,1.59843596886301e-12,3.70814436091806e-06,0
