trial,time,model,jacobian,residual,derivative,correction,prediction,svdc,svdp,formula,fixed,drift,balance
1,0,M8,4.40093601651721e-11,0,0,6.09281464340498e-15,7.31090765784979e-16,1.96993290693283e-15,4.62985963945236e-16,5.09719070668721e-15,0,1.61200443902034e-10,2.33206133614887e-11
1,0,M8A,4.40093601651721e-11,0,0,3.09212268449816e-15,0,7.33924967589062e-16,3.05626573292934e-16,2.75977593495597e-15,0,1.61200443902034e-10,5.76387816844525e-17
1,5e-06,M8,6.04160046054001e-11,0,0,7.43512028884733e-16,4.20934145542537e-16,8.51833076033424e-16,8.44152876808032e-17,7.38746098217867e-16,0,2.32266991554921e-10,2.33208244519216e-11
1,5e-06,M8A,6.04160046054001e-11,0,0,3.11236819429957e-15,0,2.19065084298209e-15,1.57162500415227e-16,2.4905942606998e-15,0,2.32266991554921e-10,5.59431511413976e-17
1,1e-05,M8,7.1162933785805e-11,0,0,2.12733004961523e-15,5.55458348655266e-16,8.63514558087673e-16,1.68402251858762e-16,2.09840717915591e-15,0,1.61200443902034e-10,2.33205344656548e-11
1,1e-05,M8A,7.1162933785805e-11,0,0,9.91589608474097e-16,0,0,2.27295118201398e-16,8.68437054826567e-16,0,1.61200443902034e-10,1.67254693333923e-16
1,0.3,M8,8.68704403336652e-11,0,0,2.25538033493226e-15,7.47341745035227e-17,3.20907890291651e-15,3.11014198159584e-16,2.06445708911141e-15,0,1.10386732521412e-10,2.42683056569638e-11
1,0.3,M8A,8.68704403336652e-11,0,0,1.05160378484233e-15,0,1.4783091658344e-15,3.10394338653223e-16,1.01038777540069e-15,0,1.10386732521412e-10,1.18774731498903e-16
2,0,M8,8.01136637545074e-11,0,0,2.47097029967068e-16,5.20417042793042e-18,3.49447971001539e-16,6.93889390390723e-18,7.1047454574144e-17,0,8.05679839837995e-11,6.78012681317856e-13
2,0,M8A,8.01136637545074e-11,0,0,5.97873396028182e-16,0,7.10889595793335e-16,1.73472347597681e-18,5.12331000610225e-16,0,8.05679839837995e-11,1.38777878078145e-17
2,5e-06,M8,6.97363372177628e-11,0,0,6.98895830585963e-16,1.73472347597681e-18,7.81389293190695e-16,0,7.55244801722422e-16,0,9.94641311889508e-11,6.77997487605711e-13
2,5e-06,M8A,6.97363372177628e-11,0,0,7.44760245974182e-16,0,7.85046229341888e-16,6.93889390390723e-18,7.68496500890438e-16,0,9.94641311889508e-11,2.77555756156289e-17
2,1e-05,M8,6.67396845627941e-11,0,0,4.94193902366557e-16,1.73472347597681e-18,5.95088261560934e-16,7.75791922889773e-18,4.01905095297479e-16,0,8.05679839837995e-11,6.77991356536251e-13
2,1e-05,M8A,6.67396845627941e-11,0,0,2.22044604925031e-16,0,1.11022302462516e-16,1.73472347597681e-18,1.58867099196009e-16,0,8.05679839837995e-11,1.38777878078145e-17
2,0.3,M8,2.32408175764065e-11,0,0,1.09454635387563e-16,2.11038219202008e-17,1.54792229829694e-16,3.47378105352097e-17,1.42094637561191e-16,0,8.05679839837995e-11,6.79211559100306e-13
2,0.3,M8A,2.32408175764065e-11,0,0,5.61261869174827e-16,0,5.50362542915e-16,7.152448122691e-18,5.12330017314432e-16,0,8.05679839837995e-11,0
3,0,M8,1.17693303047616e-10,0,0,5.74072407618547e-16,1.03677849621369e-16,6.30111326841027e-16,3.12250225675825e-17,5.98597362433165e-16,0,6.89353592623549e-11,8.69940560102722e-12
3,0,M8A,1.17693303047616e-10,0,0,3.73207988774571e-16,0,7.56944226392209e-16,6.00925839494864e-17,2.92907561659229e-16,0,6.89353592623549e-11,6.20633538311818e-17
3,5e-06,M8,1.45005690012867e-10,0,0,3.73724887506276e-16,1.85315240390139e-16,7.48498827844613e-16,5.41944938641421e-17,3.44381295648546e-16,0,1.00863278279407e-10,8.69936976332414e-12
3,5e-06,M8A,1.45005690012867e-10,0,0,4.15358244632464e-16,0,2.78488731144604e-16,2.94392336003208e-17,3.49833982614692e-16,0,1.00863278279407e-10,3.92523114670944e-17
3,1e-05,M8,1.04664790811416e-10,0,0,8.56998247097833e-16,1.88503070197662e-16,7.74769876628044e-16,1.71693812384946e-16,8.8230392411089e-16,0,6.89353592623549e-11,8.69939026371927e-12
3,1e-05,M8A,1.04664790811416e-10,0,0,7.60074232438449e-16,0,4.30330876653745e-16,1.40029904828549e-16,4.67196067559512e-16,0,6.89353592623549e-11,3.92523114670944e-17
3,0.3,M8,7.34520150526346e-11,0,0,2.40622414715005e-16,1.82302848586719e-16,3.17698435409531e-16,1.76089386689359e-16,2.38275083608483e-16,0,2.00593071307396e-10,8.85139799382836e-12
3,0.3,M8A,7.34520150526346e-11,0,0,5.28564662473305e-16,0,1.58917411636286e-16,1.05004518624757e-16,5.32799914414911e-16,0,2.00593071307396e-10,2.77555756156289e-17
4,0,M8,3.90195685970501e-11,0,0,8.36922779994626e-15,7.9802878368173e-15,4.30609049433923e-16,8.15087672094165e-16,1.49348061831654e-15,0,4.96925763802873e-11,7.70378379273908e-10
4,0,M8A,3.90195685970501e-11,0,0,1.11692446314418e-14,0,4.0518593279893e-16,2.40178153153701e-16,2.63899324787166e-15,0,4.96925763802873e-11,2.16840434497101e-19
4,5e-06,M8,6.38705393772743e-11,0,0,7.94960894489804e-15,1.09290426354239e-15,9.73754121022815e-17,2.79779837576856e-16,1.72895419690929e-15,0,1.71262950401989e-11,7.70377692913979e-10
4,5e-06,M8A,6.38705393772743e-11,0,0,1.14255845443948e-14,0,5.25141618732217e-16,4.01367269644365e-16,2.84905867287632e-15,0,1.71262950401989e-11,5.55115747461159e-17
4,1e-05,M8,5.43297040347776e-11,0,0,7.23505665729845e-15,6.39462482994466e-15,5.54652168216235e-16,2.97356675625662e-16,2.03679215939317e-15,0,4.96925763802873e-11,7.70377070377893e-10
4,1e-05,M8A,5.43297040347776e-11,0,0,1.01292291400548e-14,0,2.38478397536711e-16,2.11698179226824e-16,2.26870363147183e-15,0,4.96925763802873e-11,1.10805462028019e-16
4,0.3,M8,5.09674766652259e-11,0,0,1.15067684613143e-14,5.51087458585092e-15,6.52112255383021e-16,6.28178850657369e-16,3.89848824879823e-15,0,4.96152628939079e-11,7.25221867269596e-10
4,0.3,M8A,5.09674766652259e-11,0,0,1.27184828113416e-14,0,8.34337261681298e-16,2.07038254946764e-16,4.46263914503709e-15,0,4.96152628939079e-11,1.10805462028019e-16
5,0,M8,6.80940158860295e-11,0,4.62415245355457e-17,3.0517097514994e-15,2.44915679308304e-16,6.07299148480407e-16,1.11563086482951e-16,1.77897530107037e-15,0,4.76638719680977e-08,2.0519212861196e-11
5,0,M8A,6.80940158860295e-11,0,4.62415245355457e-17,2.85132364225384e-15,5.4856772946511e-18,1.09169019784924e-15,9.92589309420364e-17,1.72828933079584e-15,0,4.76638719680977e-08,2.60208521396521e-18
5,5e-06,M8,1.10125905346064e-10,0,2.74022496261952e-18,1.96819721348847e-15,1.12342599519562e-16,7.27981124112738e-16,9.29170750122032e-17,1.357581465228e-15,0,4.7667110025124e-08,2.05191958638871e-11
5,5e-06,M8A,1.10125905346064e-10,0,2.74022496261952e-18,8.5507805628634e-16,1.59933602078778e-17,4.37974403714029e-16,8.56538929757435e-17,7.64494015681164e-16,0,4.7667110025124e-08,1.11414632542962e-17
5,1e-05,M8,8.10997988498616e-11,0,2.98490039146772e-17,2.77439631517962e-15,3.3176784893547e-16,8.03118552234755e-16,1.35452914275871e-16,1.29630885658926e-15,0,4.76725541589307e-08,2.05191938290436e-11
5,1e-05,M8A,8.10997988498616e-11,0,2.98490039146772e-17,1.02944181547802e-15,8.84538885469324e-18,1.50552080333419e-15,1.16652898649417e-16,8.22203297459958e-16,0,4.76725541589307e-08,2.85703216154631e-17
5,0.3,M8,8.055316746771e-11,0,4.62970904626432e-17,8.6572834679624e-16,1.95570358156126e-16,7.89176453783047e-16,3.10801260893794e-17,7.78012303021096e-16,0,5.81745259530182e-08,2.12766445923559e-11
5,0.3,M8A,8.055316746771e-11,0,4.62970904626432e-17,8.29263677877393e-16,3.18925030670142e-17,8.38981943320349e-16,5.23300261769054e-17,7.49696034389678e-16,0,5.81745259530182e-08,3.01462799115866e-17
6,0,M8,1.70558871430687e-10,0,4.96155164597492e-17,7.43129342477273e-15,2.77779282846897e-16,2.37293447712769e-15,3.14769864888793e-17,6.88830353760091e-15,0,2.30028272747341e-08,7.48428281343346e-12
6,0,M8A,1.70558871430687e-10,0,4.96155164597492e-17,7.11972609346699e-15,7.99668010393891e-18,1.58994627854223e-15,3.25578529052133e-17,6.73726483804392e-15,0,2.30028272747341e-08,1.78811203067275e-18
6,5e-06,M8,2.36010072345026e-10,0,4.46241481955419e-17,6.03949656541395e-15,2.90531226740049e-16,1.83813316974019e-15,4.55695216168507e-17,5.82520987660713e-15,0,2.30025718794212e-08,7.48428744775401e-12
6,5e-06,M8A,2.36010072345026e-10,0,4.46241481955419e-17,1.32523559809135e-15,3.60242385527828e-18,1.69135999824801e-15,3.94077288962247e-17,1.3138899903864e-15,0,2.30025718794212e-08,1.39048664439199e-17
6,1e-05,M8,1.49154851200236e-10,0,4.97854669731326e-17,4.03485411670945e-15,1.54690385356437e-16,5.46212247271436e-15,1.08600478637151e-16,3.88927235786807e-15,0,2.3007249099286e-08,7.4842929477512e-12
6,1e-05,M8A,1.49154851200236e-10,0,4.97854669731326e-17,2.25963496656835e-15,2.4532694666934e-18,5.04089285002883e-15,1.1666015375944e-16,2.2744929399752e-15,0,2.3007249099286e-08,1.42059448875874e-17
6,0.3,M8,2.08640723934548e-10,0,9.65254233120426e-17,1.15472475607602e-15,2.45716477271808e-16,2.74276564921538e-15,9.93280682676028e-17,1.15305849741686e-15,0,2.00609530961439e-08,7.30377765402444e-12
6,0.3,M8A,2.08640723934548e-10,0,9.65254233120426e-17,5.52838658704473e-15,8.80276022655424e-18,3.05369156925608e-15,9.07295204411793e-17,5.25002775310777e-15,0,2.00609530961439e-08,1.52776358871153e-17
7,0,M8,1.74814399361877e-10,0,2.87496255737418e-17,1.25922355576053e-14,4.44037300637243e-15,1.02944727231219e-15,2.45664422425782e-16,1.27198909233527e-14,0,1.10567527642764e-08,7.95108785152195e-11
7,0,M8A,1.74814399361877e-10,0,2.87496255737418e-17,1.06198151730235e-14,6.3336711640171e-17,9.80467959516437e-16,3.48873550092576e-16,1.04392003613594e-14,0,1.10567527642764e-08,2.73116014918341e-16
7,5e-06,M8,2.09260688852352e-10,0,1.6681052759278e-17,3.48841609232362e-15,6.61785069806803e-16,1.79040452144838e-15,3.11150836746907e-16,3.45579490685176e-15,0,1.10676791982293e-08,7.95108473648324e-11
7,5e-06,M8A,2.09260688852352e-10,0,1.6681052759278e-17,1.52994341166932e-14,2.20495910052794e-17,1.43174152742092e-15,2.42446224624972e-16,1.53308474978626e-14,0,1.10676791982293e-08,1.17120334349606e-16
7,1e-05,M8,3.15584290189709e-10,0,2.6136772867931e-17,2.19747275137609e-14,1.36130160955373e-14,2.1411630531543e-15,8.69390834176713e-16,2.17670469146356e-14,0,1.10507636635831e-08,7.95108741063218e-11
7,1e-05,M8A,3.15584290189709e-10,0,2.6136772867931e-17,4.90525660187815e-15,6.25703960757376e-17,2.06103902994398e-15,6.23183715154453e-16,4.77849779173643e-15,0,1.10507636635831e-08,1.77904857651825e-16
7,0.3,M8,2.69889362695397e-10,0,2.84545242524188e-17,1.01589264409891e-14,6.2641258644074e-15,2.40291738158914e-15,7.06141132964231e-16,1.02111514097109e-14,0,9.6847183562222e-09,7.93973392838525e-11
7,0.3,M8A,2.69889362695397e-10,0,2.84545242524188e-17,2.12226039887404e-14,1.64570318839533e-17,2.82467397288787e-15,4.49229746918435e-16,2.1248053708534e-14,0,9.6847183562222e-09,1.62448077791706e-16
8,0,M8,1.64990921358683e-10,0,9.53471735038889e-17,8.29288673118905e-15,5.96464351010607e-16,6.92817711547572e-16,1.54264881110997e-15,1.90815162534179e-15,0,5.03354956226489e-09,1.74337541828089e-09
8,0,M8A,1.64990921358683e-10,0,9.53471735038889e-17,7.37457503116171e-15,2.63084265749882e-18,6.52480087952108e-16,1.17584490289092e-15,1.80693824281059e-15,0,5.03354956226489e-09,1.24196399990812e-16
8,5e-06,M8,1.63043527750658e-10,0,4.87030798197849e-17,2.98326924116709e-15,5.14950035613621e-15,2.2537024404281e-15,2.15271053893081e-15,8.94549540705421e-16,0,5.04343883470364e-09,1.74338340934938e-09
8,5e-06,M8A,1.63043527750658e-10,0,4.87030798197849e-17,4.5707257903742e-16,1.56159957491254e-18,2.91768289592308e-15,1.7310631266227e-15,4.18691549368869e-16,0,5.04343883470364e-09,2.28962251433405e-16
8,1e-05,M8,1.19671925376997e-10,0,4.87077901511102e-17,9.09743584792341e-15,2.39715004472817e-15,5.50760289442185e-16,8.51939370909534e-16,1.99875446252431e-15,0,5.04332014733146e-09,1.74339096450204e-09
8,1e-05,M8A,1.19671925376997e-10,0,4.87077901511102e-17,5.43030748923186e-15,7.80798008508348e-19,7.39717119374471e-16,6.8701048715572e-16,1.25419239389496e-15,0,5.04332014733146e-09,1.36004951911338e-16
8,0.3,M8,1.6986633490344e-10,0,2.82985910758512e-17,6.16656329085731e-15,1.37048748135477e-15,1.81837485573065e-15,7.60958523644854e-16,1.2955084999474e-15,0,5.52629797279164e-09,2.31206450776605e-09
8,0.3,M8A,1.6986633490344e-10,0,2.82985910758512e-17,3.25828654814984e-15,2.10219594055867e-17,1.83634618924045e-15,9.15043206676236e-16,8.59871683787874e-16,0,5.52629797279164e-09,1.84118606729829e-16
9,0,M8,6.563342352296e-11,0,0,2.89396331947084e-15,5.65466638288141e-16,1.28014059453928e-15,1.9638418250041e-16,2.5632291268913e-15,0,1.42281154873013e-10,2.38084226379959e-11
9,0,M8A,6.563342352296e-11,0,0,1.37689720463811e-15,0,1.22398095239361e-15,1.16317057473615e-16,1.4644211852312e-15,0,1.42281154873013e-10,5.25022593123785e-17
9,5e-06,M8,7.87077493301063e-11,0,0,1.9484439962756e-15,7.99750795267501e-16,1.70179050275961e-15,2.3724523730671e-16,1.58151513998879e-15,0,1.88299085703828e-10,2.38081932266238e-11
9,5e-06,M8A,7.87077493301063e-11,0,0,2.77367286643789e-15,0,1.13064793555153e-15,2.28983498828939e-16,2.42371528362942e-15,0,1.88299085703828e-10,1.80043906801835e-16
9,1e-05,M8,7.35022546665772e-11,0,0,2.05275084812566e-15,1.03851854526381e-16,1.43798186713878e-15,1.40330444599023e-16,2.06808740334031e-15,0,1.42281154873013e-10,2.38082857290276e-11
9,1e-05,M8A,7.35022546665772e-11,0,0,9.66533310292157e-16,0,8.87607749484317e-16,1.42205008407109e-16,8.70003811378865e-16,0,1.42281154873013e-10,7.64066433232334e-17
9,0.3,M8,7.90911194627028e-11,0,0,1.57232294836087e-15,4.08865160135725e-16,6.51795543121557e-16,2.20412301941539e-16,1.39719877728724e-15,0,4.17991641231785e-11,2.35513402841936e-11
9,0.3,M8A,7.90911194627028e-11,0,0,1.16752137932109e-15,0,2.98703046607009e-16,2.8609792490764e-17,1.02966547875178e-15,0,4.17991641231785e-11,1.6957753825944e-16
10,0,M8,1.25182309913241e-10,0,0,3.02435350197694e-15,3.4777636565402e-16,4.55515577635234e-16,1.24126707662364e-16,2.87245597281908e-15,0,1.96617227916474e-10,1.95111152982075e-11
10,0,M8A,1.25182309913241e-10,0,0,2.02405677929225e-16,0,6.41816820978067e-16,1.14439169963056e-16,2.27361333360616e-16,0,1.96617227916474e-10,1.77722398948334e-16
10,5e-06,M8,8.41278963823812e-11,0,0,8.77708679382758e-16,2.77555756156289e-17,6.06714839761636e-16,6.20633538311818e-17,8.98985018480767e-16,0,5.675356338627e-11,1.95111047476731e-11
10,5e-06,M8A,8.41278963823812e-11,0,0,2.02806329410446e-15,0,7.85187206871894e-16,2.77555756156289e-17,1.95591671903287e-15,0,5.675356338627e-11,2.77555756156289e-17
10,1e-05,M8,7.69198480448859e-11,0,0,1.06465341405012e-15,8.32667268468867e-17,8.1936769114249e-16,8.77708367144175e-17,1.03947452447139e-15,0,1.96617227916474e-10,1.95113310043164e-11
10,1e-05,M8A,7.69198480448859e-11,0,0,5.36679690954509e-16,0,8.90157994710915e-16,5.55111512312578e-17,5.32618120018415e-16,0,1.96617227916474e-10,8.32667268468867e-17
10,0.3,M8,1.88169557477214e-10,0,0,1.77464075193175e-15,2.8977671675841e-16,1.55867383509855e-15,6.20633538311818e-17,1.69276896538444e-15,0,1.53724123003694e-10,1.94698768531544e-11
10,0.3,M8A,1.88169557477214e-10,0,0,7.01889225090838e-16,0,1.73835037388971e-15,1.61841426228473e-16,5.42626441267358e-16,0,1.53724123003694e-10,8.32667268468867e-17
11,0,M8,7.77078500826605e-11,0,0,4.4593312274027e-16,8.77708367144175e-17,5.13022638763746e-16,1.03851854526381e-16,4.86349450983535e-16,0,1.58069549524663e-10,3.99256916092482e-11
11,0,M8A,7.77078500826605e-11,0,0,3.35808018039362e-16,0,5.86716440468854e-16,1.96751599439962e-16,3.25095080744543e-16,0,1.58069549524663e-10,1.14439169963056e-16
11,5e-06,M8,5.84134178524393e-11,0,0,7.39495913949588e-16,1.86190061493545e-16,2.75741192454661e-16,2.05840857889096e-16,7.0941358439203e-16,0,4.95261052182104e-11,3.99256919834582e-11
11,5e-06,M8A,5.84134178524393e-11,0,0,4.00309451246931e-16,0,2.98373048341259e-16,2.04432580067863e-16,3.54707812763552e-16,0,4.95261052182104e-11,5.55111512312578e-17
11,1e-05,M8,1.29529596173593e-10,0,0,6.94634976793009e-16,2.59258471528154e-16,7.17415919149999e-16,1.88758321594477e-16,5.49509398860357e-16,0,1.58069549524663e-10,3.99257887721731e-11
11,1e-05,M8A,1.29529596173593e-10,0,0,1.30967212434653e-15,0,8.31527516389708e-16,1.94289029309402e-16,8.77498665797485e-16,0,1.58069549524663e-10,1.24126707662364e-16
11,0.3,M8,8.33831221026108e-11,0,0,5.95689772500916e-16,3.9545608034805e-16,3.31990079574653e-16,4.06029066988494e-16,4.87604334573372e-16,0,8.89332457753219e-11,4.02081110191677e-11
11,0.3,M8A,8.33831221026108e-11,0,0,4.49346794500752e-16,0,4.61331478627747e-16,3.0054303251242e-16,4.77174470265534e-16,0,8.89332457753219e-11,1.35973995551052e-16
12,0,M8,8.06625566576213e-11,0,0,6.3690279483716e-16,1.98758665868869e-15,3.83534436660767e-16,7.40988902673242e-16,4.1209254729492e-17,0,9.70035784234612e-12,1.1393280920094e-08
12,0,M8A,8.06625566576213e-11,0,0,6.48402749654774e-16,0,2.61828120702919e-16,6.15252755887416e-16,1.61716410420805e-16,0,9.70035784234612e-12,0
12,5e-06,M8,7.32146693816951e-11,0,0,7.95412341633166e-15,5.33921055564452e-15,7.65645291479159e-16,2.69036372432451e-16,5.30384132562725e-16,0,1.24774699937406e-11,1.1393339147181e-08
12,5e-06,M8A,7.32146693816951e-11,0,0,5.71254271951772e-15,0,5.19508418709899e-16,2.52415604690421e-16,4.60732428811574e-16,0,1.24774699937406e-11,2.48253415324727e-16
12,1e-05,M8,5.58345519870323e-11,0,0,6.80412692976205e-15,2.23268077721122e-15,7.72426637752977e-16,7.4114305084039e-16,5.18974998860321e-16,0,9.70035784234612e-12,1.13933975205904e-08
12,1e-05,M8A,5.58345519870323e-11,0,0,5.05412532817975e-15,0,6.44467682422093e-16,4.94516578776294e-16,4.15783936005722e-16,0,9.70035784234612e-12,4.44089209850063e-16
12,0.3,M8,3.75361394373239e-11,0,0,7.76876365857712e-15,8.2327828431689e-15,3.41276618812694e-16,2.46755034197101e-16,9.64787650051469e-16,0,1.87011296179427e-11,1.5647636182229e-08
12,0.3,M8A,3.75361394373239e-11,0,0,3.92288919356481e-15,0,1.88490954562879e-16,1.10352202343446e-16,4.1778899427605e-16,0,1.87011296179427e-11,2.22044604925031e-16
13,0,M8,9.98762748715993e-11,0,5.5772405950411e-17,4.31270688089345e-15,3.17153895068414e-16,4.43660100798981e-16,2.38025617533677e-16,3.78555823371173e-15,0,6.00555590177632e-08,2.09110414604748e-11
13,0,M8A,9.98762748715993e-11,0,5.5772405950411e-17,4.35103495533061e-15,1.90822662452398e-17,5.96860989653584e-16,2.48074649867316e-16,3.73455255011067e-15,0,6.00555590177632e-08,1.24187301616503e-17
13,5e-06,M8,9.1388003828841e-11,0,6.60391053713261e-17,6.24583865046305e-15,6.03049778196946e-16,1.58145754916748e-15,2.72170616631043e-16,5.83539796980462e-15,0,6.00552122864604e-08,2.09112039004873e-11
13,5e-06,M8A,9.1388003828841e-11,0,6.60391053713261e-17,4.46040750377949e-15,1.59049169849124e-17,1.49873479295011e-15,2.66725016947113e-16,4.23283217962723e-15,0,6.00552122864604e-08,2.83057759038764e-17
13,1e-05,M8,9.38027928230208e-11,0,5.29171718678144e-17,1.11742062449729e-14,6.22575670926017e-16,1.89390107084765e-15,1.89566789288757e-16,1.062916815057e-14,0,6.00456120813068e-08,2.09110944408028e-11
13,1e-05,M8A,9.38027928230208e-11,0,5.29171718678144e-17,8.49099640867767e-15,1.90403312139548e-17,1.40611117184999e-15,1.96637841760551e-16,8.16838977690509e-15,0,6.00456120813068e-08,1.14682147844763e-16
13,0.3,M8,7.38909935556873e-11,0,3.09759647783148e-17,6.16609024617427e-15,6.05060750208468e-16,8.08935432614281e-16,2.15755687498715e-16,5.82682159605631e-15,0,4.62481409320327e-08,2.10323087377837e-11
13,0.3,M8A,7.38909935556873e-11,0,3.09759647783148e-17,4.70859167735025e-15,7.98564765890088e-18,1.00237441490779e-15,1.78828557430122e-16,4.45555944796764e-15,0,4.62481409320327e-08,1.56365861034638e-17
14,0,M8,1.769177650882e-10,0,1.63898126616683e-17,5.51424671738394e-15,2.52509266123904e-16,1.74624628830309e-15,6.59964825442599e-17,5.50324256077261e-15,0,5.77886396020283e-08,1.53544097791795e-11
14,0,M8A,1.769177650882e-10,0,1.63898126616683e-17,4.21670472036771e-15,1.73472347597681e-18,2.37606939211947e-15,1.17629890008038e-16,3.68621267501708e-15,0,5.77886396020283e-08,3.10809800142869e-17
14,5e-06,M8,1.47217961570046e-10,0,3.66478431061083e-17,2.83283497161413e-15,9.69788389395282e-17,1.64116698176504e-15,8.93698321377135e-17,2.16917682083072e-15,0,5.77990785932951e-08,1.5354388869012e-11
14,5e-06,M8A,1.47217961570046e-10,0,3.66478431061083e-17,4.45325967953199e-15,3.47621661097998e-18,3.19690804912895e-15,4.82405397586915e-17,3.740813462667e-15,0,5.77990785932951e-08,3.47708830333651e-18
14,1e-05,M8,1.47829090287407e-10,0,1.64938915945126e-17,4.086969748285e-15,5.7889492439235e-17,1.67834036925424e-15,4.82731809711159e-17,4.02197965382942e-15,0,5.78044165163897e-08,1.53544069083207e-11
14,1e-05,M8A,1.47829090287407e-10,0,1.64938915945126e-17,4.26076004909011e-15,6.50521303491303e-19,1.41812790467555e-15,4.04307116466366e-17,3.90496391086891e-15,0,5.78044165163897e-08,1.84797044352204e-18
14,0.3,M8,1.49541908459746e-10,0,2.85336024308112e-17,2.50059631623621e-15,3.70180664196347e-16,2.90139158211304e-15,2.90307152816727e-17,2.51867769228513e-15,0,4.14261026135555e-08,1.4297128098581e-11
14,0.3,M8A,1.49541908459746e-10,0,2.85336024308112e-17,2.38481796109354e-15,1.95156391047391e-18,2.91998175705821e-15,8.50426510835659e-17,2.31397903424077e-15,0,4.14261026135555e-08,1.39194482665541e-17
15,0,M8,1.0752533648199e-10,0,1.98894181598905e-17,4.0554883432609e-15,3.7534560907871e-16,1.59610659519509e-15,2.75065168105564e-16,3.96893388762761e-15,0,1.23068909579817e-08,1.77922351866727e-11
15,0,M8A,1.0752533648199e-10,0,1.98894181598905e-17,4.99485156116681e-15,3.49644694633735e-18,1.27611402002787e-15,2.73658556159402e-16,4.77615605594285e-15,0,1.23068909579817e-08,9.02398213671652e-17
15,5e-06,M8,1.3522975986905e-10,0,1.78072267977458e-17,6.80483670190421e-15,3.58740479950736e-16,7.09184863309831e-16,2.04586421851018e-16,6.67914327426617e-15,0,1.23083671516625e-08,1.77922653253733e-11
15,5e-06,M8A,1.3522975986905e-10,0,1.78072267977458e-17,5.7775400661603e-15,9.93687704810078e-19,8.57209357568424e-16,1.83422175623631e-16,5.73133657376312e-15,0,1.23083671516625e-08,6.8402073612318e-17
15,1e-05,M8,1.00735701047634e-10,0,1.78039758016897e-17,7.20667032073716e-15,4.14397913216114e-16,9.26590188564728e-16,1.80743266095508e-16,6.63186077991692e-15,0,1.23083890902681e-08,1.77923890501799e-11
15,1e-05,M8A,1.00735701047634e-10,0,1.78039758016897e-17,6.40588695799722e-15,3.53822198798455e-18,6.82770380204603e-16,1.68502493702026e-16,5.29849518440222e-15,0,1.23083890902681e-08,9.4399335773551e-17
15,0.3,M8,1.57667642668778e-10,0,1.54159276209663e-17,3.28676959991392e-15,2.92898696810122e-16,5.25890927020636e-16,1.80914621578929e-16,3.21497962365718e-15,0,1.04741788315303e-08,1.84196835467145e-11
15,0.3,M8A,1.57667642668778e-10,0,1.54159276209663e-17,6.01378930031376e-15,8.94056015336375e-19,9.66902224489151e-16,1.75374586106359e-16,5.91309023231117e-15,0,1.04741788315303e-08,6.25110017579104e-17
16,0,M8,2.89741939566848e-11,0,4.94299908689852e-17,9.30512272524386e-16,6.8076892153247e-16,5.46875420218438e-16,9.09040039925003e-17,7.23554210265699e-16,0,8.70713968159675e-09,1.03195192015099e-10
16,0,M8A,2.89741939566848e-11,0,4.94299908689852e-17,2.9258127604398e-15,9.77286631466485e-19,2.00198758114965e-15,1.08911292247728e-16,2.07047166058819e-15,0,8.70713968159675e-09,2.5375427001204e-17
16,5e-06,M8,3.68189481294026e-11,0,3.83143312598561e-17,1.89268263687823e-15,1.5255643693342e-16,7.07159469306796e-16,9.52916878904243e-17,1.59429591643534e-15,0,8.71009246544647e-09,1.03195556700344e-10
16,5e-06,M8A,3.68189481294026e-11,0,3.83143312598561e-17,7.31510472029315e-16,3.03431367904104e-18,6.85242215044581e-16,9.41145097807875e-17,7.82333852032312e-16,0,8.71009246544647e-09,5.05876464807137e-17
16,1e-05,M8,3.27764178965947e-11,0,4.93819651188223e-17,2.88768096569051e-15,4.36365548941951e-16,1.36034606921387e-15,1.98475497484197e-16,2.3994943447504e-15,0,8.70623112368174e-09,1.03195816219016e-10
16,1e-05,M8A,3.27764178965947e-11,0,4.93819651188223e-17,2.06222426877929e-15,7.4790247039171e-17,1.27000156609027e-15,2.57419429273951e-16,1.71245755890912e-15,0,8.70623112368174e-09,1.39866282521502e-17
16,0.3,M8,5.66652168031036e-11,0,5.87050620955296e-17,2.00010653089245e-15,3.03663754438037e-16,8.15245297013672e-16,4.68457174354394e-16,1.46374683907218e-15,0,7.87783010331447e-09,1.24806761166035e-10
16,0.3,M8A,5.66652168031036e-11,0,5.87050620955296e-17,1.78853874718295e-15,1.48789038885517e-17,1.36352203067921e-15,4.25169140259222e-16,1.24116973543599e-15,0,7.87783010331447e-09,1.68693635739635e-17
17,0,M8,8.75877017615005e-11,0,0,3.86293671680606e-16,2.79715755706988e-17,4.0718928274e-16,3.43457725337076e-17,3.62224646825702e-16,0,5.4955244938312e-11,4.13340771914066e-12
17,0,M8A,8.75877017615005e-11,0,0,3.72684520086513e-16,0,1.83497172969464e-16,1.39857877853494e-17,2.65800552280585e-16,0,5.4955244938312e-11,9.81307786677359e-18
17,5e-06,M8,5.45403720581421e-11,0,0,6.56572923469068e-16,2.88193908422263e-17,6.47033826745502e-16,3.70435565972803e-17,5.7272745432751e-16,0,6.12804152892854e-11,4.13338244307977e-12
17,5e-06,M8A,5.45403720581421e-11,0,0,1.29752082418593e-16,0,3.24380206046482e-16,2.22152998685417e-17,1.74007307232013e-16,0,6.12804152892854e-11,9.81307786677359e-18
17,1e-05,M8,1.08338967486358e-10,0,0,1.4396312236824e-16,3.10801260893794e-17,5.30909762753874e-16,4.53771963044037e-17,1.58846015654432e-16,0,5.4955244938312e-11,4.13334884889596e-12
17,1e-05,M8A,1.08338967486358e-10,0,0,5.34981487698913e-16,0,8.30818621084835e-16,1.43311678859634e-17,6.39343671370574e-16,0,5.4955244938312e-11,6.93889390390723e-18
17,0.3,M8,9.03163594412015e-11,0,0,6.89265476939664e-16,4.39196904579864e-17,7.01048646327866e-16,5.23946799507005e-17,7.34825170746198e-16,0,9.24684431262096e-11,4.02067301823038e-12
17,0.3,M8A,9.03163594412015e-11,0,0,6.48157208262075e-16,0,4.8262929761793e-16,2.00995994609496e-17,2.35607439624578e-16,0,9.24684431262096e-11,2.08166817117217e-17
18,0,M8,1.01239283139166e-10,0,0,1.03127571631017e-15,5.59431511413976e-17,3.95314732322455e-16,1.38951242140839e-16,8.29453620882261e-16,0,3.97034147042487e-11,1.87478266750295e-11
18,0,M8A,1.01239283139166e-10,0,0,4.18488443685146e-16,0,2.95916016377971e-16,8.77708367144175e-17,3.83019179383438e-16,0,3.97034147042487e-11,6.20633538311818e-17
18,5e-06,M8,7.82274868904346e-11,0,0,6.21565615072419e-16,6.20633538311818e-17,2.37554714689191e-16,5.81585287368077e-17,6.36161886976367e-16,0,2.49996512281546e-11,1.87478102818251e-11
18,5e-06,M8A,7.82274868904346e-11,0,0,5.33470464626304e-16,0,2.95916171408575e-16,2.96429677516722e-17,3.83019179315048e-16,0,2.49996512281546e-11,5.55111512312578e-17
18,1e-05,M8,1.07146815192275e-10,0,0,2.37554839822672e-16,3.10316769155909e-17,2.94650515077871e-16,1.32794186820416e-16,2.01172052307904e-16,0,3.97034147042487e-11,1.87478797103862e-11
18,1e-05,M8A,1.07146815192275e-10,0,0,2.95916326439317e-16,0,3.56330443222781e-16,1.40886888990214e-16,7.11248760185216e-17,0,3.97034147042487e-11,6.20633538311818e-17
18,0.3,M8,5.71331285750924e-11,0,0,1.36050066302807e-16,1.04083408558608e-17,1.92403848927189e-16,1.38777878078145e-17,1.42248501250001e-16,0,3.96959942398344e-11,1.88383832080862e-11
18,0.3,M8A,5.71331285750924e-11,0,0,4.58205334947451e-16,0,0,1.04083408558608e-17,5.12882902917969e-16,0,3.96959942398344e-11,0
19,0,M8,8.32745244805719e-11,0,0,1.39398825044831e-15,3.42264063067325e-16,9.57499630415424e-16,1.31656255071626e-16,9.8281291309224e-16,0,6.21585634116832e-11,2.12460513100854e-11
19,0,M8A,8.32745244805719e-11,0,0,2.57850469214461e-15,0,9.71703470582763e-16,8.35553472161042e-17,2.03030135325258e-15,0,6.21585634116832e-11,6.20633538311818e-17
19,5e-06,M8,1.21655556848321e-10,0,0,2.2945047919478e-15,8.55484294927236e-17,1.00764639782868e-15,1.06822913836379e-16,2.03316616465561e-15,0,9.62830143663094e-11,2.12461577629326e-11
19,5e-06,M8A,1.21655556848321e-10,0,0,1.17784626790553e-15,0,7.04328942707585e-16,1.43720557518934e-16,8.83526612320451e-16,0,9.62830143663094e-11,1.03851854526381e-16
19,1e-05,M8,1.02801717654009e-10,0,0,4.6932609930977e-16,2.18216905566398e-16,1.0690740224554e-15,3.39367957642375e-16,4.61560847627455e-16,0,6.21585634116832e-11,2.12461840228157e-11
19,1e-05,M8A,1.02801717654009e-10,0,0,7.75048516068563e-16,0,1.71771258246636e-15,2.21719105695662e-16,7.69724936411136e-16,0,6.21585634116832e-11,1.18216027504564e-16
19,0.3,M8,8.72616576848153e-11,0,0,1.08005188665818e-15,5.76387816844525e-17,1.24856126751131e-15,7.88106850030428e-17,9.31429540186749e-16,0,1.44872836349484e-10,2.06027351729067e-11
19,0.3,M8A,8.72616576848153e-11,0,0,1.16251357184787e-15,0,1.04336263154408e-15,3.92523114670944e-17,1.18726421573109e-15,0,1.44872836349484e-10,4.06088354287779e-17
20,0,M8,8.18399691243479e-11,0,0,2.62148058059549e-16,1.22773820826625e-16,4.1561121398485e-16,1.13925248588042e-16,7.94801174685642e-17,0,4.14166367231686e-11,9.17836037909552e-12
20,0,M8A,8.18399691243479e-11,0,0,7.34743451367758e-16,0,6.86772612060114e-16,4.96749206466014e-17,7.10892472087941e-17,0,4.14166367231686e-11,5.55111512312578e-17
20,5e-06,M8,4.9091232762867e-11,0,0,4.47876071935118e-16,4.91878998599906e-17,5.33079152096926e-16,2.19488796979536e-16,2.010705597993e-16,0,5.12110796320418e-11,9.17834803884726e-12
20,5e-06,M8A,4.9091232762867e-11,0,0,1.94638384836626e-16,0,5.16800649191992e-16,1.89522013135208e-16,1.62885928118656e-16,0,5.12110796320418e-11,7.85046229341888e-17
20,1e-05,M8,6.76030851584581e-11,0,0,5.09929574649744e-16,4.23499971748596e-17,1.7769313252953e-16,1.43217156471297e-16,5.0892106595219e-16,0,4.14166367231686e-11,9.17836037909552e-12
20,1e-05,M8A,6.76030851584581e-11,0,0,6.86773245354117e-16,0,1.3056745805769e-16,1.36867373667737e-16,7.10892471239064e-17,0,4.14166367231686e-11,6.20633538311818e-17
20,0.3,M8,6.17996865307572e-11,0,0,4.05748713110101e-16,1.09768388958628e-16,3.19241380274919e-16,1.88375314798237e-16,2.93097559895899e-16,0,1.83456201021655e-11,8.91957831543413e-12
20,0.3,M8A,6.17996865307572e-11,0,0,4.1940790545662e-16,0,1.54876633233523e-16,1.34203033667495e-16,1.58954595014282e-16,0,1.83456201021655e-11,0
21,0,M8,1.62473536072214e-10,0,3.03422260203611e-17,1.46249600090982e-15,2.73135812651697e-16,1.31289580955851e-15,7.0095095076688e-16,1.43246247560896e-15,0,3.51717722767242e-07,2.18754082478863e-11
21,0,M8A,1.62473536072214e-10,0,3.03422260203611e-17,1.79573812748664e-15,6.95581393367055e-18,1.31424059362842e-15,6.64461826276313e-16,1.73160390818458e-15,0,3.51717722767242e-07,5.73049824924251e-17
21,5e-06,M8,1.55733009085292e-10,0,1.80123427567971e-17,6.80423096923714e-15,7.6554716177878e-16,2.0414987407881e-15,6.16333375633839e-16,5.86791544266449e-15,0,3.51720522071301e-07,2.18754067290266e-11
21,5e-06,M8A,1.55733009085292e-10,0,1.80123427567971e-17,9.01837809693162e-15,1.59004819101453e-17,1.71799169074551e-15,6.03123377358861e-16,8.30478443416064e-15,0,3.51720522071301e-07,3.05614265273949e-17
21,1e-05,M8,2.61850435186684e-10,0,3.04411585138329e-17,3.15665161939541e-15,7.06853054537976e-16,1.88612442984689e-15,4.98961525088139e-16,2.91609908622252e-15,0,3.51721640371269e-07,2.18754054695178e-11
21,1e-05,M8A,2.61850435186684e-10,0,3.04411585138329e-17,1.74181553214365e-15,2.32788078674376e-17,2.0097693232779e-15,5.34769178496426e-16,1.53543843924868e-15,0,3.51721640371269e-07,3.64395172675058e-17
21,0.3,M8,1.62237672529807e-10,0,1.28124545206496e-17,1.88925253904851e-15,4.31804024706805e-16,6.00555850608533e-16,2.9496907201249e-16,1.6685459332598e-15,0,8.77279310894454e-07,2.94478583779828e-11
21,0.3,M8A,1.62237672529807e-10,0,1.28124545206496e-17,2.93336559631398e-15,1.0842021724855e-19,9.09554785685108e-16,1.83950387653682e-16,2.83976876638046e-15,0,8.77279310894454e-07,4.16694878236656e-17
22,0,M8,9.15792080246366e-11,0,6.43936322993325e-17,1.39462414080252e-15,3.45233943196433e-16,5.52140763846773e-16,2.52682289126799e-16,1.38296409743356e-15,0,1.05302170951331e-08,4.02682387715626e-11
22,0,M8A,9.15792080246366e-11,0,6.43936322993325e-17,1.06220738714612e-15,7.152448122691e-18,4.71605757056498e-16,1.61680974184145e-16,7.17855819324844e-16,0,1.05302170951331e-08,6.20758531259745e-17
22,5e-06,M8,5.44554781722184e-11,0,2.616435821201e-17,1.48028954226947e-15,2.75514012134257e-16,1.2522885242379e-15,2.06339141099053e-16,1.42469791835233e-15,0,1.05262004344297e-08,4.0268279930113e-11
22,5e-06,M8A,5.44554781722184e-11,0,2.616435821201e-17,9.4141731035313e-16,6.9928938926747e-18,8.10613750190855e-16,1.60013548898107e-16,9.56409500000212e-16,0,1.05262004344297e-08,2.85744357088843e-17
22,1e-05,M8,7.2940633218508e-11,0,8.29545360902457e-17,2.12641119498169e-15,2.47429283682417e-16,1.73396963548858e-15,3.93130212701553e-16,1.15674405855901e-15,0,1.05207959733697e-08,4.02683460041492e-11
22,1e-05,M8A,7.2940633218508e-11,0,8.29545360902457e-17,1.54631528372747e-15,2.86754565488888e-17,1.58453365627622e-15,2.51009451789549e-16,8.11757696464317e-16,0,1.05207959733697e-08,1.11105492282215e-16
22,0.3,M8,7.38553847662185e-11,0,8.70899228527933e-17,4.01309130271496e-15,8.25419911541614e-16,2.08985973402646e-15,3.99600622182284e-16,2.43411008730687e-15,0,1.2757594072181e-08,4.0438066581724e-11
22,0.3,M8A,7.38553847662185e-11,0,8.70899228527933e-17,4.10715990336798e-15,1.93947980722443e-18,1.3616177389961e-15,3.46059942308863e-16,3.08224823718459e-15,0,1.2757594072181e-08,2.78139594837406e-17
23,0,M8,4.21233080252167e-11,0,1.60435084737706e-17,4.54185454346291e-15,1.16635000781828e-15,1.18126466837368e-15,5.70629477619781e-16,3.02410757507411e-15,0,4.47816080441228e-08,5.47085802189616e-11
23,0,M8A,4.21233080252167e-11,0,1.60435084737706e-17,3.00757067044732e-15,3.90312782094782e-18,1.52436680601996e-15,3.63944367708602e-16,2.8005059978383e-15,0,4.47816080441228e-08,1.00168076852991e-16
23,5e-06,M8,3.46980659737453e-11,0,1.85967245841449e-17,1.80321828531873e-15,7.22812698640658e-16,1.11799212150496e-15,7.12452140651543e-16,1.51328345100865e-15,0,4.47701416254254e-08,5.47084290818158e-11
23,5e-06,M8A,3.46980659737453e-11,0,1.85967245841449e-17,2.68007101882005e-15,1.80329908005155e-17,1.4195773915518e-15,7.76585279645613e-16,1.74240538784413e-15,0,4.47701416254254e-08,1.36328324431986e-16
23,1e-05,M8,4.38094358052793e-11,0,2.26964973651446e-17,4.45226190496474e-15,1.97484463559258e-15,1.31682222021877e-15,6.71220344563154e-16,4.22951021576627e-15,0,4.47757177326325e-08,5.4708601633081e-11
23,1e-05,M8A,4.38094358052793e-11,0,2.26964973651446e-17,6.88238758799236e-15,6.29722691556527e-17,1.47205183027582e-15,5.40958433942042e-16,6.29902268493452e-15,0,4.47757177326325e-08,1.25387032040119e-16
23,0.3,M8,4.07807645701959e-11,0,2.45290065272601e-17,3.11879315113488e-15,1.01683210399084e-15,1.47286372905169e-15,6.63670747982528e-16,2.6176753696352e-15,0,5.50336681065217e-08,5.68073155944013e-11
23,0.3,M8A,4.07807645701959e-11,0,2.45290065272601e-17,4.91101090525176e-15,7.99668010393891e-18,1.4553046893348e-15,5.77939111395886e-16,4.15717473759986e-15,0,5.50336681065217e-08,1.84185240254052e-16
24,0,M8,1.92823214753972e-10,0,2.549380443501e-17,4.34943082980863e-15,4.60115781714879e-17,9.29596910740353e-16,4.65252868597088e-17,4.27425942577699e-15,0,7.47515851760199e-08,8.72457841128644e-12
24,0,M8A,1.92823214753972e-10,0,2.549380443501e-17,2.95064289319631e-15,1.04084820270613e-17,5.35276655382252e-16,2.65859549049105e-17,2.90326112657832e-15,0,7.47515851760199e-08,1.57145745478758e-17
24,5e-06,M8,2.05652629090644e-10,0,3.60507432438232e-17,2.86505390436798e-15,1.99086563033139e-16,8.05703401864138e-16,4.08619459219806e-17,2.84011906570337e-15,0,7.47374714926167e-08,8.72454341422424e-12
24,5e-06,M8A,2.05652629090644e-10,0,3.60507432438232e-17,2.70870709764634e-15,8.69054152744994e-19,7.96651278600604e-16,4.13398554150272e-17,2.69013598583129e-15,0,7.47374714926167e-08,1.6553977824063e-17
24,1e-05,M8,1.95368567262991e-10,0,2.55973006272098e-17,2.12664217663302e-15,1.45839429215001e-16,8.98231164204149e-16,2.58758880471449e-17,2.11194899326992e-15,0,7.47289117020826e-08,8.72455699862489e-12
24,1e-05,M8A,1.95368567262991e-10,0,2.55973006272098e-17,1.56851956164763e-15,6.93910565891297e-18,7.77653556217987e-16,4.99053737558399e-17,1.53114959704869e-15,0,7.47289117020826e-08,2.05484916612204e-17
24,0.3,M8,2.37178704137739e-10,0,3.32116866121847e-17,5.25543974783078e-15,2.03791365644283e-16,3.97088451372897e-16,3.33388642159925e-17,4.94531498368333e-15,0,6.34971802691459e-08,8.13302564072994e-12
24,0.3,M8A,2.37178704137739e-10,0,3.32116866121847e-17,5.21940678994626e-15,4.98290873137807e-18,6.59826406039252e-16,2.55499896579534e-17,5.03293480774031e-15,0,6.34971802691459e-08,1.55218981488907e-17
25,0,M8,8.24551770445525e-11,0,0,7.28541508029994e-16,3.68807269888147e-17,9.0632995384539e-16,3.87895961444886e-18,4.45111718604707e-16,0,6.41707156876294e-11,3.43021795679486e-12
25,0,M8A,8.24551770445525e-11,0,0,1.20373790283565e-15,0,4.66892797745553e-16,4.9065389333868e-18,8.29310675529953e-16,0,6.41707156876294e-11,7.75791922889773e-18
25,5e-06,M8,9.97514779577117e-11,0,0,7.96888595179292e-16,4.04603565571184e-17,1.13534973837868e-15,2.24845860624929e-17,5.95487105686717e-16,0,1.2090796554228e-10,3.43024871330577e-12
25,5e-06,M8A,9.97514779577117e-11,0,0,1.89906094662451e-15,0,2.77375604944896e-16,2.98453111774546e-17,9.76742089417074e-16,0,1.2090796554228e-10,1.2509268882771e-17
25,1e-05,M8,6.28323852314524e-11,0,0,3.28757782879557e-15,4.71895803986192e-17,5.05873599747794e-16,5.59431511413976e-17,1.97052954185655e-15,0,6.41707156876294e-11,3.43012522006036e-12
25,1e-05,M8A,6.28323852314524e-11,0,0,2.55727626969658e-15,0,1.33024643515104e-15,4.04975273105316e-17,1.0943395900377e-15,0,6.41707156876294e-11,3.04442734473391e-17
25,0.3,M8,8.34240254215176e-11,0,0,5.21684780614304e-16,3.04936559184769e-17,1.25957929618167e-15,3.70435565972803e-17,2.24671432540862e-16,0,9.52272257328577e-11,3.39164406307675e-12
25,0.3,M8A,8.34240254215176e-11,0,0,9.84733704682972e-16,0,2.03220496362834e-15,2.79715755706988e-17,1.09144952067116e-15,0,9.52272257328577e-11,7.75791922889773e-18
26,0,M8,7.47122992078538e-11,0,0,3.33066907387547e-16,2.83223824033419e-17,1.57009245868378e-16,1.38845624178386e-17,4.76832112344163e-16,0,4.45267173410651e-11,7.39791584965593e-12
26,0,M8A,7.47122992078538e-11,0,0,4.57756679852224e-16,0,1.11022302462516e-16,2.80286707594483e-17,3.82787786518644e-16,0,4.45267173410651e-11,0
26,5e-06,M8,2.06716229373095e-11,0,0,3.5108334685767e-16,1.73472347597681e-18,4.96506830649455e-16,7.80625564189563e-18,2.93078323911758e-16,0,4.85198122705446e-11,7.3979005046746e-12
26,5e-06,M8A,2.06716229373095e-11,0,0,1.11022302462516e-16,0,2.48253415324727e-16,5.20417042793042e-18,1.42163814943472e-16,0,4.85198122705446e-11,0
26,1e-05,M8,5.29736947540058e-11,0,0,2.48253415324727e-16,1.40461728539134e-17,4.00296604248672e-16,1.73472347597681e-17,3.82787931977413e-16,0,4.45267173410651e-11,7.3979005046746e-12
26,1e-05,M8A,5.29736947540058e-11,0,0,4.44089209850063e-16,0,2.48253415324727e-16,7.37257477290143e-18,3.17887954172627e-16,0,4.45267173410651e-11,1.38777878078145e-17
26,0.3,M8,4.49594413700768e-11,0,0,6.75322301446426e-16,1.44162200741172e-17,5.66104886700368e-16,1.17093834628434e-17,5.55169595052966e-16,0,2.55939026331332e-12,7.51215180752733e-12
26,0.3,M8A,4.49594413700768e-11,0,0,1.11022302462516e-16,0,2.48253415324727e-16,4.33680868994202e-18,1.42164311096463e-16,0,2.55939026331332e-12,0
27,0,M8,1.3693929616094e-10,0,0,6.92536542686435e-14,1.41283333885702e-13,2.87845353030362e-16,3.51875305421299e-16,2.30708783356904e-15,0,7.91708601329974e-11,3.40572001012045e-09
27,0,M8A,1.3693929616094e-10,0,0,4.33692960083107e-14,0,4.21969949507619e-16,2.01832672254341e-16,1.39115759914084e-15,0,7.91708601329974e-11,5.7219584981528e-17
27,5e-06,M8,1.01869813794189e-10,0,0,1.36563504845346e-14,3.34521666060388e-15,5.5253543872735e-16,3.55038187889901e-16,4.48835862250675e-16,0,1.40584250243153e-10,3.40575028931447e-09
27,5e-06,M8A,1.01869813794189e-10,0,0,5.7140027348563e-14,0,5.59414596060174e-16,9.05917710143703e-16,1.92528379079638e-15,0,1.40584250243153e-10,0
27,1e-05,M8,7.0578686039043e-11,0,0,5.79114509615538e-15,4.96611265502401e-14,2.75833546649751e-16,5.60345220596983e-16,3.35672643011206e-16,0,7.91708601329974e-11,3.40578052769385e-09
27,1e-05,M8A,7.0578686039043e-11,0,0,1.43092723102415e-14,0,2.79773004837553e-16,1.665424884668e-16,3.99514134233122e-16,0,7.91708601329974e-11,6.21602521787588e-17
27,0.3,M8,1.28898768487965e-10,0,0,1.24639138356121e-13,1.45964765603924e-13,8.98871574956945e-16,2.57885184514585e-16,2.94836109064876e-15,0,1.53518379392142e-10,5.76382734429396e-09
27,0.3,M8A,1.28898768487965e-10,0,0,1.1677199346761e-13,0,5.60179427322521e-16,3.53365556548054e-16,2.7459202689217e-15,0,1.53518379392142e-10,6.94756210704194e-17
28,0,M8,1.54292128912919e-10,0,0,3.94811023610607e-15,9.61481343191782e-17,3.67654915665395e-16,1.8253379971364e-16,3.26752607456495e-15,0,3.43613228708366e-11,4.48345881388171e-11
28,0,M8A,1.54292128912919e-10,0,0,2.74827543512014e-15,0,5.72585517123341e-16,8.88611994741668e-17,2.24844024792444e-15,0,3.43613228708366e-11,2.77555756156289e-17
28,5e-06,M8,1.59026739732041e-10,0,0,2.93287176439533e-16,6.24500451351651e-17,5.48690065085525e-16,1.4304896245382e-16,1.00503588320842e-16,0,2.17780102806543e-11,4.48345057927465e-11
28,5e-06,M8A,1.59026739732041e-10,0,0,9.85490107838779e-16,0,4.30787477562284e-16,6.3596013107845e-17,8.55752768229618e-16,0,2.17780102806543e-11,2.77555756156289e-17
28,1e-05,M8,1.26352113808558e-10,0,0,1.35991675477704e-15,6.31439345255558e-16,2.35152895898677e-16,2.69189736352577e-16,1.20813506904049e-15,0,3.43613228708366e-11,4.48344997163283e-11
28,1e-05,M8A,1.26352113808558e-10,0,0,1.00722010503798e-15,0,2.94283884427137e-16,1.94289029309402e-16,7.55446185945987e-16,0,3.43613228708366e-11,3.92523114670944e-17
28,0.3,M8,1.30285035557491e-10,0,0,7.7777296086192e-16,1.27381159444647e-16,8.81911641819005e-16,4.16333634234434e-17,7.686624411454e-16,0,1.74211621695052e-10,4.04362496382511e-11
28,0.3,M8A,1.30285035557491e-10,0,0,6.20652894917126e-16,0,5.10831401242265e-16,2.8609792490764e-17,3.33312768219791e-16,0,1.74211621695052e-10,0
29,0,M8,6.07429507414978e-11,0,5.94666252478457e-17,2.17281623992079e-15,1.1333600464725e-16,1.4585779134246e-15,1.84597320232763e-16,1.83281185779988e-15,0,1.37514419641131e-08,2.88135347960427e-11
29,0,M8A,6.07429507414978e-11,0,5.94666252478457e-17,1.0987632921218e-15,4.50694379621148e-18,1.51130562891829e-15,1.70431615630901e-16,7.60918514829929e-16,0,1.37514419641131e-08,7.3630020684449e-18
29,5e-06,M8,5.07304041283923e-11,0,6.70869067757184e-17,2.00764239554035e-15,4.83339420041483e-16,8.26636248833147e-16,1.28410554535235e-16,1.72758598707761e-15,0,1.37417003986149e-08,2.88135300480961e-11
29,5e-06,M8A,5.07304041283923e-11,0,6.70869067757184e-17,7.22263147478766e-15,3.03576608295941e-18,1.22120684162634e-15,1.25183618611934e-16,6.85599854710082e-15,0,1.37417003986149e-08,4.00544842655138e-17
29,1e-05,M8,5.17740295025732e-11,0,3.60941241051432e-17,2.45500527495083e-15,5.29660536969305e-16,1.32022210087504e-15,1.05069875347954e-16,2.08885158191373e-15,0,1.37407395745171e-08,2.88135517930543e-11
29,1e-05,M8A,5.17740295025732e-11,0,3.60941241051432e-17,1.71547781523944e-15,4.75073589413134e-18,7.14864001223733e-16,9.50236250949223e-17,1.68057870124941e-15,0,1.37407395745171e-08,6.25076168383597e-17
29,0.3,M8,6.46144472492996e-11,0,7.58127561680482e-17,1.44179503506587e-15,4.46583493412776e-16,2.46900139805697e-15,2.42573027559408e-16,1.41128045964159e-15,0,1.71940775734113e-08,2.79237504293526e-11
29,0.3,M8A,6.46144472492996e-11,0,7.58127561680482e-17,2.11615177119554e-15,9.38195166207825e-18,2.60453156005594e-15,2.61549836406122e-16,2.08335935501159e-15,0,1.71940775734113e-08,3.96486078600707e-17
30,0,M8,5.20445169454784e-11,0,3.59409737365374e-17,7.38658555070211e-16,1.96192614403613e-16,6.33436780871292e-16,1.51349652642984e-16,7.47175176773556e-16,0,1.19246826889873e-08,3.03459793306505e-11
30,0,M8A,5.20445169454784e-11,0,3.59409737365374e-17,7.46613215126113e-16,1.26554772845411e-18,7.93536028957056e-16,1.06785617044299e-16,7.17491950164355e-16,0,1.19246826889873e-08,3.59727268723259e-17
30,5e-06,M8,3.53947428297928e-11,0,8.02957426322556e-17,2.94157986667643e-15,6.32715346774105e-16,8.83013113330658e-16,2.30399696363526e-16,1.92270926099059e-15,0,1.19286152182099e-08,3.03458406785121e-11
30,5e-06,M8A,3.53947428297928e-11,0,8.02957426322556e-17,3.38645478442411e-15,1.62630325872826e-19,8.70174800628582e-16,1.51155048205684e-16,2.23180857435486e-15,0,1.19286152182099e-08,2.1148891235426e-18
30,1e-05,M8,8.73254114972764e-11,0,6.22008618433519e-17,2.14548931385279e-15,1.76287414150969e-16,1.13469235067936e-15,2.31509332179491e-16,1.54951775532115e-15,0,1.19309416009364e-08,3.03458488219093e-11
30,1e-05,M8A,8.73254114972764e-11,0,6.22008618433519e-17,1.20719924920555e-15,2.60264984133737e-18,1.5930063157594e-15,8.66980997816382e-17,1.16892249901199e-15,0,1.19309416009364e-08,3.21717698595993e-18
30,0.3,M8,9.41140330574803e-11,0,9.78317899756894e-17,1.42117955675485e-15,1.6647559835233e-16,1.31321728018595e-15,2.35646004672067e-16,1.02840766803695e-15,0,1.37743937326153e-08,3.1062855234229e-11
30,0.3,M8A,9.41140330574803e-11,0,9.78317899756894e-17,1.26366116899846e-15,1.96656462243307e-18,1.26563634219099e-15,1.49108389792112e-16,8.40817034060775e-16,0,1.37743937326153e-08,2.79523427028275e-17
31,0,M8,1.06581673643244e-10,0,3.31603344541993e-17,4.42018377719539e-15,1.10420838392768e-15,8.36133581232131e-16,4.70407673299226e-16,4.14970588156571e-15,0,1.3430806341203e-08,6.1404201467931e-11
31,0,M8A,1.06581673643244e-10,0,3.31603344541993e-17,3.63339231917171e-15,8.36456179119282e-17,5.91477826070615e-16,4.61058245442848e-16,3.44112889331359e-15,0,1.3430806341203e-08,7.34922745830078e-17
31,5e-06,M8,6.02499782881163e-11,0,3.16102689058307e-17,5.49382038232431e-15,2.41286379318879e-15,1.21217189498988e-15,1.39966091365588e-16,5.0058648807225e-15,0,1.34346605791867e-08,6.14042564939636e-11
31,5e-06,M8A,6.02499782881163e-11,0,3.16102689058307e-17,3.08826440593134e-15,5.20417042793042e-18,8.10873332054002e-16,1.53523027623947e-16,3.03354641591194e-15,0,1.34346605791867e-08,8.38979151869929e-18
31,1e-05,M8,9.70430633657409e-11,0,3.31361777911402e-17,6.71472734891908e-15,2.46711217079021e-15,1.06105678441671e-15,3.48429112766925e-16,6.72621176531324e-15,0,1.34374683882186e-08,6.14041276344341e-11
31,1e-05,M8A,9.70430633657409e-11,0,3.31361777911402e-17,6.92525518220794e-15,6.26965159251272e-18,1.14876411020604e-15,4.07796787929794e-16,6.59493134195861e-15,0,1.34374683882186e-08,1.25019182794079e-16
31,0.3,M8,7.98326178458398e-11,0,3.63110494657187e-17,4.76826934369566e-15,1.60574043070562e-15,8.49385390273318e-16,2.23917227525958e-16,4.6950542612208e-15,0,1.13741433320584e-08,5.93721044463493e-11
31,0.3,M8A,7.98326178458398e-11,0,3.63110494657187e-17,4.19735631223102e-15,7.37257477290143e-18,5.71972925030889e-16,1.80030456700366e-16,4.08160899804026e-15,0,1.13741433320584e-08,7.87512992630362e-17
32,0,M8,1.0069817493735e-10,0,3.7970413642435e-17,3.57323693890949e-15,9.8241429651203e-16,1.22926833366217e-15,2.38783363210164e-16,3.29818339071482e-15,0,2.24969799275824e-08,2.6134180595982e-11
32,0,M8A,1.0069817493735e-10,0,3.7970413642435e-17,1.99992905668876e-15,3.27421875865057e-18,1.14257991472901e-15,3.48451715805572e-16,1.70692942450952e-15,0,2.24969799275824e-08,6.24635961920969e-17
32,5e-06,M8,1.43159162638647e-10,0,3.46374541871547e-17,1.93303396872329e-15,2.85177736793688e-16,1.04570135818331e-15,1.58711200820246e-16,1.48996522353689e-15,0,2.24935477554058e-08,2.61339898108328e-11
32,5e-06,M8A,1.43159162638647e-10,0,3.46374541871547e-17,3.54693886201846e-16,3.35927756636661e-18,7.35737264657264e-16,1.14974515748522e-16,3.3992558185677e-16,0,2.24935477554058e-08,1.24906113470501e-16
32,1e-05,M8,6.30659519149074e-11,0,3.79602384845521e-17,5.09701758546463e-15,1.35035715750121e-16,7.46777631970736e-16,2.12314580769058e-16,4.20015155520521e-15,0,2.24775912793172e-08,2.61340295855944e-11
32,1e-05,M8A,6.30659519149074e-11,0,3.79602384845521e-17,3.90383266564885e-15,2.60208521396521e-18,8.66237067702837e-16,1.95247442789428e-16,3.40379130977927e-15,0,2.24775912793172e-08,1.12121393076584e-16
32,0.3,M8,6.96435171486005e-11,0,1.55017605418767e-17,4.49369072938162e-15,5.41718618267545e-16,5.69718584144534e-16,1.56947542641658e-16,4.0632439383137e-15,0,2.64602003188443e-08,2.51475802769599e-11
32,0.3,M8A,6.96435171486005e-11,0,1.55017605418767e-17,6.05920263824357e-15,1.98737540962016e-18,6.09822576786652e-16,1.51563242787363e-16,5.32532153528357e-15,0,2.64602003188443e-08,4.86051594638738e-17
33,0,M8,4.37470023500024e-11,0,0,3.00222453186504e-16,1.05084194678232e-16,2.78054907684582e-15,6.09088685155989e-16,2.56348620787317e-16,0,3.70983829127016e-11,7.03302792541439e-12
33,0,M8A,4.37470023500024e-11,0,0,4.80740671595891e-16,0,2.62080837789844e-15,6.50021655807627e-16,8.19947518035412e-16,0,3.70983829127016e-11,1.4304896245382e-17
33,5e-06,M8,3.39533089320449e-11,0,0,5.74882230075734e-16,2.95540068761411e-17,3.10428463091514e-15,7.3628794571554e-16,6.8932374044927e-16,0,1.29661555097364e-11,7.03302914681953e-12
33,5e-06,M8A,3.39533089320449e-11,0,0,3.55444797896667e-16,0,3.08686426537519e-15,7.63275495714311e-16,5.5982988706869e-16,0,1.29661555097364e-11,3.68807269888147e-17
33,1e-05,M8,8.87221728836415e-11,0,0,1.49468349007045e-16,4.16897940430485e-17,2.74836264744788e-15,6.09122650856296e-16,2.93145863222925e-16,0,3.70983829127016e-11,7.0329489851735e-12
33,1e-05,M8A,8.87221728836415e-11,0,0,6.16273790642733e-16,0,2.8114082755383e-15,6.74486275808565e-16,7.14530747940513e-16,0,3.70983829127016e-11,2.22152998685417e-17
33,0.3,M8,5.78901222723694e-11,0,0,3.73413079542798e-16,1.65083800021274e-17,3.76494945393561e-16,3.25924950709682e-17,2.93150608070138e-16,0,2.370613738575e-11,7.36436943571254e-12
33,0.3,M8A,5.78901222723694e-11,0,0,3.10316769155909e-16,0,5.1178752665209e-16,3.16200644375593e-17,2.84398492793016e-16,0,2.370613738575e-11,1.4304896245382e-17
34,0,M8,7.77461264030867e-11,0,0,2.06502015942013e-16,9.43791607972383e-17,2.30876272568543e-16,1.00074151062168e-16,7.09832103529516e-17,0,4.99946068233513e-11,1.82953669596478e-11
34,0,M8A,7.77461264030867e-11,0,0,0,0,5.20132933219797e-16,4.16333634234434e-17,0,0,4.99946068233513e-11,1.11022302462516e-16
34,5e-06,M8,5.73864518670885e-11,0,0,1.03250947633709e-16,5.55111512312578e-17,6.28050995484111e-16,2.77555756156289e-17,7.09832103150953e-17,0,1.31449861079097e-11,1.8295257662089e-11
34,5e-06,M8A,5.73864518670885e-11,0,0,3.28960757572081e-16,0,7.92242415003075e-16,2.77555756156289e-17,2.00770200032466e-16,0,1.31449861079097e-11,0
34,1e-05,M8,1.21478961663789e-10,0,0,3.72276368384532e-16,2.08166817117217e-17,1.46018805141706e-16,6.54613941668034e-17,2.83932841108861e-16,0,4.99946068233513e-11,1.8295243042128e-11
34,1e-05,M8A,1.21478961663789e-10,0,0,1.18608418159987e-15,0,8.57824200374312e-16,5.55111512312578e-17,2.83931939654583e-16,0,4.99946068233513e-11,0
34,0.3,M8,8.38536702697104e-11,0,0,8.22248051710398e-16,1.45716771982052e-16,9.02932578425683e-16,1.61990109242127e-16,2.12943095407346e-16,0,1.31449861079097e-11,1.83743027928578e-11
34,0.3,M8A,8.38536702697104e-11,0,0,3.17617458292927e-16,0,1.42042845516738e-16,6.93889390390723e-18,2.00764032575375e-16,0,1.31449861079097e-11,1.11022302462516e-16
35,0,M8,3.33968419140969e-11,0,0,8.62106448137221e-16,3.6599376620056e-16,6.64753515755143e-16,7.12927029495967e-17,5.60462474529177e-16,0,4.49941900679041e-11,2.05535800555617e-11
35,0,M8A,3.33968419140969e-11,0,0,2.00769054024624e-15,0,5.65524941077189e-16,3.5381555418773e-17,1.96376478995824e-15,0,4.49941900679041e-11,2.8609792490764e-17
35,5e-06,M8,2.65649282110649e-11,0,0,5.74112795971279e-16,7.27757332293183e-17,4.77370809003144e-16,2.96429677516722e-17,3.44775974229704e-16,0,1.85372541864022e-11,2.05535793996121e-11
35,5e-06,M8A,2.65649282110649e-11,0,0,3.00680626330304e-16,0,4.95334545415141e-16,5.59700404249216e-17,2.29181293099744e-16,0,1.85372541864022e-11,6.24500451351651e-17
35,1e-05,M8,3.19960741538421e-11,0,0,1.8526692753723e-15,3.65479518859002e-16,8.90985061672169e-16,1.46868701148805e-16,9.70952868978259e-16,0,4.49941900679041e-11,2.05535614603345e-11
35,1e-05,M8A,3.19960741538421e-11,0,0,2.1358811553606e-15,0,9.39503823970514e-16,1.15394973920509e-16,9.4539828937728e-16,0,4.49941900679041e-11,3.17980065539225e-17
35,0.3,M8,5.0605629153197e-11,0,0,3.42864601081191e-16,1.66858397327039e-16,7.30371601221166e-16,1.5674068984501e-16,2.14031217893362e-16,0,3.16132615796258e-11,2.0185615418847e-11
35,0.3,M8A,5.0605629153197e-11,0,0,1.14035594232707e-15,0,4.4794302713358e-16,3.5381555418773e-17,6.42892084306391e-16,0,3.16132615796258e-11,5.7219584981528e-17
36,0,M8,9.81975947270733e-11,0,0,5.39970497648131e-16,2.37143742013377e-16,5.62134695172513e-16,2.63312510143253e-16,3.17313954536722e-16,0,4.43259319894854e-11,2.96001965484431e-11
36,0,M8A,9.81975947270733e-11,0,0,7.77370510344693e-16,0,7.32951673266849e-16,1.14439169963056e-16,7.58408560879832e-16,0,4.43259319894854e-11,8.32667268468867e-17
36,5e-06,M8,7.59051959491023e-11,0,0,3.75986948406859e-16,3.21294016469582e-16,3.67599567328356e-16,1.41526221675092e-16,2.92549011004329e-16,0,4.43259319894854e-11,2.96001759549161e-11
36,5e-06,M8A,7.59051959491023e-11,0,0,2.24310054872332e-16,0,3.4263926853072e-16,3.92523114670944e-17,1.62575378534645e-16,0,4.43259319894854e-11,5.55111512312578e-17
36,1e-05,M8,9.04085251261543e-11,0,0,3.23210947607543e-16,1.44222201478767e-16,1.64395416799108e-16,4.80740671595891e-17,2.8602293323336e-16,0,4.43259319894854e-11,2.9600234918726e-11
36,1e-05,M8A,9.04085251261543e-11,0,0,1.07575253152074e-15,0,5.83223736102632e-16,1.03851854526381e-16,9.43977744246176e-16,0,4.43259319894854e-11,5.55111512312578e-17
36,0.3,M8,6.07889231849991e-11,0,0,7.12708259639517e-16,1.00074151062168e-16,5.26369933873881e-16,2.18547620945192e-16,5.50739765865063e-16,0,1.91287405039652e-10,2.99342874133199e-11
36,0.3,M8A,6.07889231849991e-11,0,0,2.95524337106679e-16,0,3.44074044458872e-16,1.57009245868378e-16,3.83735310410678e-16,0,1.91287405039652e-10,5.55111512312578e-17
37,0,M8,4.79374010143993e-11,0,2.81245225262911e-17,1.62412462684597e-14,1.97877788103568e-15,1.3683805097198e-15,7.73679863605304e-17,1.40340248658256e-14,0,5.71286628371912e-08,7.65154541015476e-12
37,0,M8A,4.79374010143993e-11,0,2.81245225262911e-17,2.48106330275271e-15,1.43377282744444e-17,6.61198048091813e-16,4.55880906844518e-17,2.11524952076397e-15,0,5.71286628371912e-08,4.01991989218991e-17
37,5e-06,M8,9.11306835442687e-11,0,8.56616095889463e-18,1.79668560354311e-14,7.84007334581599e-16,1.11575287856436e-15,5.60455973694035e-17,1.66808817239286e-14,0,5.7127246504223e-08,7.65151776776466e-12
37,5e-06,M8A,9.11306835442687e-11,0,8.56616095889463e-18,1.79655206132317e-14,3.49644694633735e-18,1.54344005587326e-15,4.54517413517801e-17,1.66379952249704e-14,0,5.7127246504223e-08,2.79715755706988e-17
37,1e-05,M8,6.0676417268056e-11,0,1.15938160014557e-17,8.68690462013327e-15,1.70567656123955e-15,3.20644130656099e-15,2.25518221846787e-16,8.45610478087206e-15,0,5.71387992276372e-08,7.6514823354505e-12
37,1e-05,M8A,6.0676417268056e-11,0,1.15938160014557e-17,1.73198527188594e-14,3.73066389718183e-18,2.77092028064595e-15,1.9367723431181e-16,1.4740937552089e-14,0,5.71387992276372e-08,2.86754565488888e-17
37,0.3,M8,6.02455484559501e-11,0,1.18851975573071e-17,5.73239183448939e-14,4.75473864274127e-15,4.72296246290435e-16,1.09907302068243e-16,5.31932715683392e-14,0,6.75893904105665e-08,8.87818566739201e-12
37,0.3,M8A,6.02455484559501e-11,0,1.18851975573071e-17,7.34229640159753e-14,1.57862219157823e-18,6.82404285016371e-16,8.69551772032882e-17,6.78216753544442e-14,0,6.75893904105665e-08,5.55721041394e-17
38,0,M8,4.92155969514638e-11,0,7.83239732417656e-17,1.66764589757393e-15,1.19859224421458e-16,4.1670354424453e-15,8.53062505770975e-17,1.96171785206947e-15,0,9.32010700673457e-08,6.63274515126405e-12
38,0,M8A,4.92155969514638e-11,0,7.83239732417656e-17,1.09564233869295e-15,2.58795220459055e-17,3.71440228604911e-15,7.2194514417634e-17,1.44374929415182e-15,0,9.32010700673457e-08,5.73656686966518e-17
38,5e-06,M8,5.86390340386187e-11,0,8.21289272367955e-17,5.65594345589416e-16,2.4149444326625e-16,4.42039675105862e-15,1.20560161533765e-16,6.55939544815986e-16,0,9.32024081464917e-08,6.63274450082096e-12
38,5e-06,M8A,5.86390340386187e-11,0,8.21289272367955e-17,6.73036940234247e-16,2.12149305217537e-17,4.73867017216794e-15,1.30900519682186e-16,7.67823532659303e-16,0,9.32024081464917e-08,1.81162364399889e-17
38,1e-05,M8,4.18437627300913e-11,0,6.88075150855524e-17,1.45180499073994e-15,1.36139878247298e-16,4.48654091776255e-15,1.06105677013228e-16,1.66495175317538e-15,0,9.32093894822701e-08,6.63273986803822e-12
38,1e-05,M8A,4.18437627300913e-11,0,6.88075150855524e-17,1.22447395305309e-15,1.73526549238621e-17,4.43240552857021e-15,1.07644623802444e-16,1.37801839005514e-15,0,9.32093894822701e-08,1.88439203324679e-17
38,0.3,M8,4.21350244217954e-11,0,4.6656721122447e-17,4.96555315277337e-16,2.79010197314076e-16,1.45525000149397e-15,8.19186312750297e-17,6.00784328248174e-16,0,7.36184695273934e-08,6.59480269634407e-12
38,0.3,M8A,4.21350244217954e-11,0,4.6656721122447e-17,1.05838036825341e-15,6.49074090789879e-18,1.72074775744429e-15,1.0324975180519e-16,1.37309282221423e-15,0,7.36184695273934e-08,2.16840434497101e-18
39,0,M8,1.47110192589228e-10,0,1.04009472996854e-17,1.33468455843825e-14,5.88561184019312e-16,2.1574614209805e-15,3.48107180795202e-16,1.28854013992142e-14,0,1.39495998889392e-08,6.24563973791048e-11
39,0,M8A,1.47110192589228e-10,0,1.04009472996854e-17,2.26013006768295e-14,7.37257477290143e-18,2.04207266314303e-15,2.92364278009816e-16,2.19842347489723e-14,0,1.39495998889392e-08,1.00156810408844e-16
39,5e-06,M8,9.93247854005255e-11,0,2.16318624978161e-17,8.62403095223931e-15,1.49561467180134e-15,1.14102105585993e-15,4.92286434808638e-16,8.60319413419752e-15,0,1.39606797090516e-08,6.24564747554655e-11
39,5e-06,M8A,9.93247854005255e-11,0,2.16318624978161e-17,1.44840867088083e-14,3.99834005196946e-18,1.42736074580121e-15,6.08148163630294e-16,1.44257027120258e-14,0,1.39606797090516e-08,1.03885353227129e-16
39,1e-05,M8,1.30012485483258e-10,0,2.23473628964404e-17,1.95713613958051e-14,2.62300834180566e-15,8.89190994846479e-16,2.25637450363255e-16,1.94083426445073e-14,0,1.39673638637903e-08,6.24565096674721e-11
39,1e-05,M8A,1.30012485483258e-10,0,2.23473628964404e-17,1.85916436057707e-14,8.85601395024099e-18,4.51165167068535e-16,3.35665910875764e-16,1.82188360160284e-14,0,1.39673638637903e-08,1.61962822199287e-16
39,0.3,M8,1.37847050072677e-10,0,2.23618206646885e-17,1.0002673793594e-14,8.27952208239311e-16,1.09612411769003e-15,3.09103434389235e-16,9.94758930799789e-15,0,1.51803686746678e-08,6.44976550623711e-11
39,0.3,M8A,1.37847050072677e-10,0,2.23618206646885e-17,4.74247711180023e-15,9.69739903612216e-19,7.43664961748435e-16,2.5652544168875e-16,4.61728301816098e-15,0,1.51803686746678e-08,1.00277858347066e-16
40,0,M8,3.56943165150894e-11,0,3.35398511303258e-17,5.99022486714695e-14,3.18170817443289e-14,3.25399178048394e-15,3.05515538268133e-15,2.39981118652178e-15,0,7.63461001403266e-08,4.28431668645576e-08
40,0,M8A,3.56943165150894e-11,0,3.35398511303258e-17,7.47814193850342e-15,1.67376093903088e-17,2.72240731301095e-15,2.93481347103506e-15,4.92768684067061e-16,0,7.63461001403266e-08,2.33951434967686e-16
40,5e-06,M8,4.96383216038736e-11,0,3.56679031688916e-17,1.55763133487327e-14,2.02855457602498e-14,4.10839176292282e-15,4.75397785114438e-15,1.39897299102474e-15,0,7.63481810586372e-08,4.28427934409636e-08
40,5e-06,M8A,4.96383216038736e-11,0,3.56679031688916e-17,1.47051589149513e-15,1.8882019125757e-17,5.4004993982511e-15,4.75574348738942e-15,4.05769912163459e-16,0,7.63481810586372e-08,2.36637202167038e-16
40,1e-05,M8,4.20671596491694e-11,0,3.31719038829634e-17,2.90354450685978e-14,2.39262718530887e-14,6.98641987524694e-16,1.56759925669088e-15,1.60229082736128e-15,0,7.63486316589228e-08,4.28424209083928e-08
40,1e-05,M8A,4.20671596491694e-11,0,3.31719038829634e-17,3.76600163346371e-14,2.18112556014938e-18,1.72605090309345e-15,1.96616321264978e-15,8.50386382056922e-16,0,7.63486316589228e-08,3.00143508117529e-16
40,0.3,M8,4.17777609187275e-11,0,3.58650905793262e-17,3.39155830986317e-15,5.65922736023168e-15,2.68356768139491e-15,2.12180668773997e-15,3.44121480245753e-16,0,9.12394608749287e-08,2.64338142539315e-08
40,0.3,M8A,4.17777609187275e-11,0,3.58650905793262e-17,5.99032087938087e-15,1.71200054500163e-16,2.49553463718354e-15,2.12664864134699e-15,5.74459337779634e-16,0,9.12394608749287e-08,2.31856678947812e-16
