time,step,model,sigma,lc,lp,root,speed,predictor,identity,oracle,damping,difference,total,balance
0,0.0001,M8,0.417231645371235,1e-06,1e-10,4.88616928281712e-17,5.55900268406026,5.55863907237343,6.04686143766152e-18,1.11022363053479e-16,2.19636277372732e-09,0.000981205269435182,0.000981205458086193,1.0451783796984e-09
0,0.0001,M8A,0.417231645371235,0.00174082245899188,0,4.88616928281712e-17,5.55900268406026,5.55863907433865,6.04686143766152e-18,1.11022363053479e-16,0,0.000981205269765755,0.000981205269765674,5.5511152885619e-17
0,1e-05,M8,0.417231645371235,1e-06,1e-10,4.88616928281712e-17,5.55900268406026,5.55896632424698,6.04686143766152e-18,1.11022363053479e-16,2.19636277372732e-09,9.81148479434297e-05,9.81150364430571e-05,1.0451943162763e-09
0,1e-05,M8A,0.417231645371235,0.00174082245899188,0,4.88616928281712e-17,5.55900268406026,5.55896632621215,6.04686143766152e-18,1.11022363053479e-16,0,9.81148479747518e-05,9.81148479746697e-05,1.66533454245227e-16
0,1e-06,M8,0.417231645371235,1e-06,1e-10,4.88616928281712e-17,5.55900268406026,5.55899904640969,6.04686143766152e-18,1.11022363053479e-16,2.19636277372732e-09,9.81142528793369e-06,9.81161397481424e-06,1.04519587821466e-09
0,1e-06,M8A,0.417231645371235,0.00174082245899188,0,4.88616928281712e-17,5.55900268406026,5.55899904837485,6.04686143766152e-18,1.11022363053479e-16,0,9.81142529019546e-06,9.81142529011331e-06,2.77555756156289e-16
0.17,0.0001,M8,0.494728376180533,1e-06,1e-10,2.2541730902445e-16,4.22005654455752,4.21925537522645,1.44239760663725e-16,5.08768289903538e-16,1.54815355736447e-09,0.000907135689614683,0.000907136898650813,7.78043924566672e-10
0.17,0.0001,M8A,0.494728376180533,0.00244756166198227,0,2.2541730902445e-16,4.22005654455752,4.21925537666118,1.44239760663725e-16,5.08768289903538e-16,0,0.000907135689852354,0.000907135689852679,4.440894218312e-16
0.17,1e-05,M8,0.494728376180533,1e-06,1e-10,2.2541730902445e-16,4.22005654455752,4.21997643212163,1.44239760663725e-16,5.08768289903538e-16,1.54815355736447e-09,9.07057856577782e-05,9.07069946841178e-05,7.78169321036303e-10
0.17,1e-05,M8A,0.494728376180533,0.00244756166198227,0,2.2541730902445e-16,4.22005654455752,4.21997643355659,1.44239760663725e-16,5.08768289903538e-16,0,9.07057856799915e-05,9.07057856803166e-05,9.15513462459891e-16
0.17,1e-06,M8,0.494728376180533,1e-06,1e-10,2.2541730902445e-16,4.22005654455752,4.22004853171587,1.44239760663725e-16,5.08768289903538e-16,1.54815355736447e-09,9.07085690313883e-06,9.07206598403672e-06,7.78183621832914e-10
0.17,1e-06,M8A,0.494728376180533,0.00244756166198227,0,2.2541730902445e-16,4.22005654455752,4.22004853315085,1.44239760663725e-16,5.08768289903538e-16,0,9.07085690145803e-06,9.07085690178318e-06,4.44090057053454e-16
1,0.0001,M8,0.462426996771961,1e-06,1e-10,1.40471435610389e-16,5.00800767926199,5.00843889896585,6.09904063114747e-17,7.69185075150392e-16,1.00547894753403e-09,0.000879454774204808,0.000879454061762076,6.2823989150177e-10
1,0.0001,M8A,0.462426996771961,0.00213838727343535,0,1.40471435610389e-16,5.00800767926199,5.00843889975389,6.09904063114747e-17,7.69185075150392e-16,0,0.000879454774556382,0.000879454774556097,1.33226763425478e-15
1,1e-05,M8,0.462426996771961,1e-06,1e-10,1.40471435610389e-16,5.00800767926199,5.00805080596738,6.09904063114747e-17,7.69185075150392e-16,1.00547894753403e-09,8.79533218988474e-05,8.79526094125834e-05,6.28149504323684e-10
1,1e-05,M8A,0.462426996771961,0.00213838727343535,0,1.40471435610389e-16,5.00800767926199,5.00805080675525,6.09904063114747e-17,7.69185075150392e-16,0,8.79533219327803e-05,8.79533219324953e-05,9.9301366768014e-16
1,1e-06,M8,0.462426996771961,1e-06,1e-10,1.40471435610389e-16,5.00800767926199,5.0080119912362,6.09904063114747e-17,7.69185075150392e-16,1.00547894753403e-09,8.79513659627657e-06,8.7944241251114e-06,6.28140048061264e-10
1,1e-06,M8A,0.462426996771961,0.00213838727343535,0,1.40471435610389e-16,5.00800767926199,5.00801199202406,6.09904063114747e-17,7.69185075150392e-16,0,8.79513659929558e-06,8.79513659901063e-06,8.88178421587131e-16
2.3,0.0001,M8,0.451021614492561,1e-06,1e-10,4.52469180463364e-17,4.85167019771791,4.85174001859454,1.36959221873069e-16,1.01753622281218e-15,1.21105590992326e-09,0.000236017694040559,0.000236017849562584,6.8588307712443e-10
2.3,0.0001,M8A,0.451021614492561,0.00203420496739477,0,4.52469180463364e-17,4.85167019771791,4.85174001956416,1.36959221873069e-16,1.01753622281218e-15,0,0.000236017694101464,0.00023601769410153,3.33066912143835e-16
2.3,1e-05,M8,0.451021614492561,1e-06,1e-10,4.52469180463364e-17,4.85167019771791,4.85167718740544,1.36959221873069e-16,1.01753622281218e-15,1.21105590992326e-09,2.36062398873367e-05,2.36063950860653e-05,6.85887533989664e-10
2.3,1e-05,M8A,0.451021614492561,0.00203420496739477,0,4.52469180463364e-17,4.85167019771791,4.85167718837509,1.36959221873069e-16,1.01753622281218e-15,0,2.36062398935515e-05,2.3606239893618e-05,4.44089210315352e-16
2.3,1e-06,M8,0.451021614492561,1e-06,1e-10,4.52469180463364e-17,4.85167019771791,4.85167089658144,1.36959221873069e-16,1.01753622281218e-15,1.21105590992326e-09,2.36098303766338e-06,2.36113819912391e-06,6.85888899670293e-10
2.3,1e-06,M8A,0.451021614492561,0.00203420496739477,0,4.52469180463364e-17,4.85167019771791,4.8516708975511,1.36959221873069e-16,1.01753622281218e-15,0,2.36098303936957e-06,2.36098303943635e-06,4.57756683463398e-16
3.4601091472136,0.0001,M8,0.0454742703993344,1e-06,1e-10,1.28713226377368e-13,115.713714768426,115.719720321077,1.20079836621673e-15,5.17325809988894e-14,5.58890042447821e-06,0.00604280900495216,0.00603727565772912,2.54165489882759e-07
3.4601091472136,0.0001,M8A,0.0454742703993344,2.06790926835178e-05,0,1.28713226377368e-13,115.713714768426,115.719725903539,1.20079836621673e-15,5.17325809988894e-14,0,0.0060428092913959,0.00604280929144348,2.03967036527362e-14
3.4601091472136,1e-05,M8,0.0454742703993344,1e-06,1e-10,1.28713226377368e-13,115.713714768426,115.714310535306,1.20079836621673e-15,5.17325809988894e-14,5.58890042447821e-06,0.000604515470847522,0.000598982558021736,2.54153646812415e-07
3.4601091472136,1e-05,M8A,0.0454742703993344,2.06790926835178e-05,0,1.28713226377368e-13,115.713714768426,115.714316117509,1.20079836621673e-15,5.17325809988894e-14,0,0.000604515499419079,0.00060451549946666,2.00160618564156e-14
3.4601091472136,1e-06,M8,0.0454742703993344,1e-06,1e-10,1.28713226377368e-13,115.713714768426,115.713769339119,1.20079836621673e-15,5.17325809988894e-14,5.58890042447821e-06,6.04694578469406e-05,5.49416244168736e-05,2.54152465155026e-07
3.4601091472136,1e-06,M8A,0.0454742703993344,2.06790926835178e-05,0,1.28713226377368e-13,115.713714768426,115.713774921296,1.20079836621673e-15,5.17325809988894e-14,0,6.04694606959817e-05,6.04694607435624e-05,5.99520433322094e-15
3.4610091472136,0.0001,M8,0.00655318435192419,1e-06,1e-10,7.55920898053953e-14,784.7699947838,784.818830685061,4.68911744573011e-15,2.84217229829409e-14,0.00182735590672821,0.0506654501428534,0.0488382317292607,1.19757733502494e-05
3.4610091472136,0.0001,M8A,0.00655318435192419,4.29442251503051e-07,0,7.55920898053953e-14,784.7699947838,784.820658102298,4.68911744573011e-15,2.84217229829409e-14,0,0.0506655681216191,0.0506655681216244,8.89889290917904e-14
3.4610091472136,1e-05,M8,0.00655318435192419,1e-06,1e-10,7.55920898053953e-14,784.7699947838,784.773235447669,4.68911744573011e-15,2.84217229829409e-14,0.00182735590672821,0.00506818802971541,0.00324103929835229,1.19750775990823e-05
3.4610091472136,1e-05,M8A,0.00655318435192419,4.29442251503051e-07,0,7.55920898053953e-14,784.7699947838,784.775062758738,4.68911744573011e-15,2.84217229829409e-14,0,0.00506819984623447,0.00506819984623971,1.1370873649647e-13
3.4610091472136,1e-06,M8,0.00655318435192419,1e-06,1e-10,7.55920898053953e-14,784.7699947838,784.768674390915,4.68911744573011e-15,2.84217229829409e-14,0.00182735590672821,0.000506928856266584,0.00132047789699457,1.19750079988274e-05
3.4610091472136,1e-06,M8A,0.00655318435192419,4.29442251503051e-07,0,7.55920898053953e-14,784.7699947838,784.770501691363,4.68911744573011e-15,2.84217229829409e-14,0,0.000506930052655334,0.000506930052660572,1.33794173883246e-13
3.4610991472136,0.0001,M8,0.00114677656231458,1e-06,1e-10,2.53860142346383e-14,4430.3034812187,4430.26263951654,1.68693715684052e-14,2.2740142932499e-13,0.336854486173652,0.296012855301242,0.0408457990887407,0.000386322641979645
3.4610991472136,0.0001,M8A,0.00114677656231458,1.31509648387396e-08,0,2.53860142346383e-14,4430.3034812187,4430.59951612158,1.68693715684052e-14,2.2740142932499e-13,0,0.296035363852943,0.296035363852897,7.43236065379647e-14
3.4610991472136,1e-05,M8,0.00114677656231458,1e-06,1e-10,2.53860142346383e-14,4430.3034812187,4429.99623768865,1.68693715684052e-14,2.2740142932499e-13,0.336854486173652,0.0296106124963882,0.307243929083012,0.000386299411491857
3.4610991472136,1e-05,M8A,0.00114677656231458,1.31509648387396e-08,0,2.53860142346383e-14,4430.3034812187,4430.33309403649,1.68693715684052e-14,2.2740142932499e-13,0,0.0296128638782181,0.0296128638781721,3.27635824894167e-13
3.4610991472136,1e-06,M8,0.00114677656231458,1e-06,1e-10,2.53860142346383e-14,4430.3034812187,4429.96958877052,1.68693715684052e-14,2.2740142932499e-13,0.336854486173652,0.0029616528789843,0.333892838392524,0.000386297087680365
3.4610991472136,1e-06,M8A,0.00114677656231458,1.31509648387396e-08,0,2.53860142346383e-14,4430.3034812187,4430.30644309197,1.68693715684052e-14,2.2740142932499e-13,0,0.00296187788036432,0.00296187788031837,3.74489663994661e-13
3.4611091472136,0.0001,M8,0.00107224095337554,1e-06,1e-10,2.89792276885096e-14,4735.70832110067,4735.6132962405,2.44097858116369e-14,4.54748218247375e-13,0.411871689264456,0.316846846103862,0.0950267912040259,0.000441655243571512
3.4611091472136,0.0001,M8A,0.00107224095337554,1.14970066209574e-08,0,2.89792276885096e-14,4735.70832110067,4736.02519506263,2.44097858116369e-14,4.54748218247375e-13,0,0.31687440591934,0.316874405919033,7.09023575660076e-13
3.4611091472136,1e-05,M8,0.00107224095337554,1e-06,1e-10,2.89792276885096e-14,4735.70832110067,4735.32814444421,2.44097858116369e-14,4.54748218247375e-13,0.411871689264456,0.0316946502121516,0.380177087739682,0.000441628649569084
3.4611091472136,1e-05,M8A,0.00107224095337554,1.14970066209574e-08,0,2.89792276885096e-14,4735.70832110067,4735.74001846408,2.44097858116369e-14,4.54748218247375e-13,0,0.0316974077999897,0.0316974077996825,8.05440352925044e-13
3.4611091472136,1e-06,M8,0.00107224095337554,1e-06,1e-10,2.89792276885096e-14,4735.70832110067,4735.29962018625,2.44097858116369e-14,4.54748218247375e-13,0.411871689264456,0.00317035229572222,0.408701341497389,0.000441625989321949
3.4611091472136,1e-06,M8A,0.00107224095337554,1.14970066209574e-08,0,2.89792276885096e-14,4735.70832110067,4735.7114917251,2.44097858116369e-14,4.54748218247375e-13,0,0.00317062886955962,0.00317062886925238,3.5027752840569e-13
3.4611191472136,0.0001,M8,0.0011474915932338,1e-06,1e-10,1.2021056435155e-14,4423.35600024001,4423.31632860829,8.95732458024348e-15,6.8212160457061e-13,0.33590723611594,0.296235685955061,0.0396754258113817,0.000385476545137424
3.4611191472136,0.0001,M8A,0.0011474915932338,1.31673695654241e-08,0,1.2021056435155e-14,4423.35600024001,4423.65225793361,8.95732458024348e-15,6.8212160457061e-13,0,0.296258183327699,0.296258183327023,3.89927775832543e-13
3.4611191472136,1e-05,M8,0.0011474915932338,1e-06,1e-10,1.2021056435155e-14,4423.35600024001,4423.04972624044,8.95732458024348e-15,6.8212160457061e-13,0.33590723611594,0.0296328773020498,0.306274409013017,0.000385453311641751
3.4611191472136,1e-05,M8A,0.0011474915932338,1.31673695654241e-08,0,1.2021056435155e-14,4423.35600024001,4423.38563531855,8.95732458024348e-15,6.8212160457061e-13,0,0.029635127502564,0.0296351275018883,3.76076508830714e-13
3.4611191472136,1e-06,M8,0.0011474915932338,1e-06,1e-10,1.2021056435155e-14,4423.35600024001,4423.02305744756,8.95732458024348e-15,6.8212160457061e-13,0.33590723611594,0.00296404034523275,0.332943200388973,0.000385450987547369
3.4611191472136,1e-06,M8A,0.0011474915932338,1.31673695654241e-08,0,1.2021056435155e-14,4423.35600024001,4423.3589645003,8.95732458024348e-15,6.8212160457061e-13,0,0.00296426517982551,0.0029642651791498,1.42167515515655e-13
3.4612091472136,0.0001,M8,0.00732832701648565,1e-06,1e-10,3.30752966615697e-14,690.289705960096,690.334895682331,7.15421843987744e-15,4.10903260624953e-13,0.00128527865836321,0.046478492988606,0.0451932829416266,9.41957667044096e-06
3.4612091472136,0.0001,M8A,0.00732832701648565,5.37043768605535e-07,0,3.30752966615697e-14,690.289705960096,690.336180977693,7.15421843987744e-15,4.10903260624953e-13,0,0.0464785795378599,0.0464785795374584,5.39600370753296e-14
3.4612091472136,1e-05,M8,0.00732832701648565,1e-06,1e-10,3.30752966615697e-14,690.289705960096,690.293069697125,7.15421843987744e-15,4.10903260624953e-13,0.00128527865836321,0.00464930195255087,0.00336411545430591,9.4190059129973e-06
3.4612091472136,1e-05,M8A,0.00732832701648565,5.37043768605535e-07,0,3.30752966615697e-14,690.289705960096,690.294354914602,7.15421843987744e-15,4.10903260624953e-13,0,0.00464931062213368,0.00464931062173221,7.32898574664778e-14
3.4612091472136,1e-06,M8,0.00732832701648565,1e-06,1e-10,3.30752966615697e-14,690.289705960096,690.288885739306,7.15421843987744e-15,4.10903260624953e-13,0.00128527865836321,0.000465023614308177,0.000820292836617093,9.41894881815319e-06
3.4612091472136,1e-06,M8A,0.00732832701648565,5.37043768605535e-07,0,3.30752966615697e-14,690.289705960096,690.290170948992,7.15421843987744e-15,4.10903260624953e-13,0,0.000465024493275555,0.000465024492874081,8.38388208453918e-14
3.4621091472136,0.0001,M8,0.266759739885238,1e-06,1e-10,1.16910938092956e-13,18.5177734687974,18.5189957027353,1.55082677589582e-16,4.28264686784203e-15,2.34547625208079e-08,0.00136995017387377,0.00136992788901458,6.3505111185327e-09
3.4621091472136,0.0001,M8A,0.266759739885238,0.000711607588236398,0,1.16910938092956e-13,18.5177734687974,18.5189957245124,1.55082677589582e-16,4.28264686784203e-15,0,0.00136995017565818,0.00136995017565482,1.83102671945905e-15
3.4621091472136,1e-05,M8,0.266759739885238,1e-06,1e-10,1.16910938092956e-13,18.5177734687974,18.5178957091297,1.55082677589582e-16,4.28264686784203e-15,2.34547625208079e-08,0.000137028684854614,0.000137006399673307,6.35007875143039e-09
3.4621091472136,1e-05,M8A,0.266759739885238,0.000711607588236398,0,1.16910938092956e-13,18.5177734687974,18.5178957309052,1.55082677589582e-16,4.28264686784203e-15,0,0.000137028685050861,0.000137028685047503,1.40433338749607e-15
3.4621091472136,1e-06,M8,0.266759739885238,1e-06,1e-10,1.16910938092956e-13,18.5177734687974,18.5177856762372,1.55082677589582e-16,4.28264686784203e-15,2.34547625208079e-08,1.37052971633211e-05,1.36830131452519e-05,6.35003253112804e-09
3.4621091472136,1e-06,M8A,0.266759739885238,0.000711607588236398,0,1.16910938092956e-13,18.5177734687974,18.5177856980125,1.55082677589582e-16,4.28264686784203e-15,0,1.37052971919973e-05,1.37052971886388e-05,1.01753620972552e-15
5,0.0001,M8,0.453459186422957,1e-06,1e-10,1.6257043540384e-16,5.45959858496539,5.45955376149709,9.60256928859471e-17,2.22045038884236e-16,2.25923134406289e-09,0.000693144743999564,0.000693144621393524,1.06540646604091e-09
5,0.0001,M8A,0.453459186422957,0.0020562523375137,0,1.6257043540384e-16,5.45959858496539,5.45955376357618,9.60256928859471e-17,2.22045038884236e-16,0,0.000693144744197033,0.000693144744196892,6.28037137047616e-16
5,1e-05,M8,0.453459186422957,1e-06,1e-10,1.6257043540384e-16,5.45959858496539,5.45959410746469,9.60256928859471e-17,2.22045038884236e-16,2.25923134406289e-09,6.93106539393684e-05,6.93105310517796e-05,1.0653995773493e-09
5,1e-05,M8A,0.453459186422957,0.0020562523375137,0,1.6257043540384e-16,5.45959858496539,5.45959410954374,9.60256928859471e-17,2.22045038884236e-16,0,6.93106539593069e-05,6.93106539591652e-05,6.28036988774212e-16
5,1e-06,M8,0.453459186422957,1e-06,1e-10,1.6257043540384e-16,5.45959858496539,5.45959813528661,9.60256928859471e-17,2.22045038884236e-16,2.25923134406289e-09,6.93088247121284e-06,6.93075992398263e-06,1.06539984884326e-09
5,1e-06,M8A,0.453459186422957,0.0020562523375137,0,1.6257043540384e-16,5.45959858496539,5.45959813736566,9.60256928859471e-17,2.22045038884236e-16,0,6.93088247345201e-06,6.93088247331027e-06,6.28037135704162e-16
6.31,0.0001,M8,0.438727308126481,1e-06,1e-10,1.22260803801717e-16,4.5210616214832,4.52125016790523,1.10376253599057e-16,2.48253424596008e-16,1.72121253952096e-09,0.00095060081374982,0.000950600958011809,8.29327553232685e-10
6.31,0.0001,M8A,0.438727308126481,0.00192481650895909,0,1.22260803801717e-16,4.5210616214832,4.52125016942646,1.10376253599057e-16,2.48253424596008e-16,0,0.000950600814041357,0.000950600814041267,4.74287508823283e-16
6.31,1e-05,M8,0.438727308126481,1e-06,1e-10,1.22260803801717e-16,4.5210616214832,4.52108047313189,1.10376253599057e-16,2.48253424596008e-16,1.72121253952096e-09,9.50628102463544e-05,9.50629544123941e-05,8.29343390494486e-10
6.31,1e-05,M8A,0.438727308126481,0.00192481650895909,0,1.22260803801717e-16,4.5210616214832,4.52108047465323,1.10376253599057e-16,2.48253424596008e-16,0,9.50628102757147e-05,9.50628102756247e-05,4.57756683265911e-16
6.31,1e-06,M8,0.438727308126481,1e-06,1e-10,1.22260803801717e-16,4.5210616214832,4.52106350506064,1.10376253599057e-16,2.48253424596008e-16,1.72121253952096e-09,9.50654616739827e-06,9.50669050340126e-06,8.29344194274585e-10
6.31,1e-06,M8A,0.438727308126481,0.00192481650895909,0,1.22260803801717e-16,4.5210616214832,4.52106350658199,1.10376253599057e-16,2.48253424596008e-16,0,9.50654617039002e-06,9.50654617030002e-06,5.90091631823467e-16
9.74329445439319,0.0001,M8,0.0454742703993333,1e-06,1e-10,1.55168453977644e-13,115.713714768446,115.719720320511,4.38337826437995e-16,6.51283742736865e-14,5.58890056559e-06,0.00604280842219659,0.00603727507471616,2.541654939834e-07
9.74329445439319,0.0001,M8A,0.0454742703993333,2.06790926835169e-05,0,1.55168453977644e-13,115.713714768446,115.719725902974,4.38337826437995e-16,6.51283742736865e-14,0,0.00604280870850379,0.00604280870843929,7.77156117256517e-15
9.74329445439319,1e-05,M8,0.0454742703993333,1e-06,1e-10,1.55168453977644e-13,115.713714768446,115.714310529931,4.38337826437995e-16,6.51283742736865e-14,5.58890056559e-06,0.000604510104384903,0.000598977191999993,2.54153651516181e-07
9.74329445439319,1e-05,M8A,0.0454742703993333,2.06790926835169e-05,0,1.55168453977644e-13,115.713714768446,115.714316112134,4.38337826437995e-16,6.51283742736865e-14,0,0.000604510132863482,0.000604510132798985,4.68403607228418e-15
9.74329445439319,1e-06,M8,0.0454742703993333,1e-06,1e-10,1.55168453977644e-13,115.713714768446,115.713769239368,4.38337826437995e-16,6.51283742736865e-14,5.58890056559e-06,6.03701177424567e-05,5.48424262039176e-05,2.54152466780001e-07
9.74329445439319,1e-06,M8A,0.0454742703993333,2.06790926835169e-05,0,1.55168453977644e-13,115.713714768446,115.713774821546,4.38337826437995e-16,6.51283742736865e-14,0,6.03701204293375e-05,6.03701203648406e-05,5.384295522488e-15
9.74419445439319,0.0001,M8,0.00655318435190632,1e-06,1e-10,6.25613325711551e-14,784.769994785938,784.818830683845,9.74892889513517e-15,9.78493732604267e-13,0.00182735592636244,0.0506654468068447,0.0488382283745972,1.19757732553876e-05
9.74419445439319,0.0001,M8A,0.00655318435190632,4.29442251500685e-07,0,6.25613325711551e-14,784.769994785938,784.820658101067,9.74892889513517e-15,9.78493732604267e-13,0,0.050665564752212,0.0506655647531876,1.91898444848957e-14
9.74419445439319,1e-05,M8,0.00655318435190632,1e-06,1e-10,6.25613325711551e-14,784.769994785938,784.773235416198,9.74892889513517e-15,9.78493732604267e-13,0.00182735592636244,0.00506815444204069,0.00324100569422346,1.19750775018182e-05
9.74419445439319,1e-05,M8A,0.00655318435190632,4.29442251500685e-07,0,6.25613325711551e-14,784.769994785938,784.775062727254,9.74892889513517e-15,9.78493732604267e-13,0,0.00506816622499557,0.00506816622597126,3.76016656720563e-14
9.74419445439319,1e-06,M8,0.00655318435190632,1e-06,1e-10,6.25613325711551e-14,784.769994785938,784.768673709511,9.74892889513517e-15,9.78493732604267e-13,0.00182735592636244,0.000506245365219902,0.00132116138968107,1.19750078932401e-05
9.74419445439319,1e-06,M8A,0.00655318435190632,4.29442251500685e-07,0,6.25613325711551e-14,784.769994785938,784.770501009945,9.74892889513517e-15,9.78493732604267e-13,0,0.000506246526580877,0.000506246527556568,8.26435582333132e-14
9.74428445439319,0.0001,M8,0.00114677656231235,1e-06,1e-10,4.07189672367705e-14,4430.30348122664,4430.26263950577,6.96307313066424e-15,1.01684598917008e-12,0.336854485550231,0.2960128359657,0.0408458177980289,0.000386322642129755
9.74428445439319,0.0001,M8A,0.00114677656231235,1.31509648386916e-08,0,4.07189672367705e-14,4430.30348122664,4430.59951611093,6.96307313066424e-15,1.01684598917008e-12,0,0.29603534527238,0.296035345273332,2.24089545077858e-13
9.74428445439319,1e-05,M8,0.00114677656231235,1e-06,1e-10,4.07189672367705e-14,4430.30348122664,4429.9962375107,6.96307313066424e-15,1.01684598917008e-12,0.336854485550231,0.0296104259822737,0.307244114972721,0.000386299411627031
9.74428445439319,1e-05,M8A,0.00114677656231235,1.31509648386916e-08,0,4.07189672367705e-14,4430.30348122664,4430.33309385866,6.96307313066424e-15,1.01684598917008e-12,0,0.0296126781059995,0.0296126781069516,5.49385918690365e-13
9.74428445439319,1e-06,M8,0.00114677656231235,1e-06,1e-10,4.07189672367705e-14,4430.30348122664,4429.96958507213,6.96307313066424e-15,1.01684598917008e-12,0.336854485550231,0.00295794593967266,0.333896544708903,0.000386297087508356
9.74428445439319,1e-06,M8A,0.00114677656231235,1.31509648386916e-08,0,4.07189672367705e-14,4430.30348122664,4430.30643939344,6.96307313066424e-15,1.01684598917008e-12,0,0.00295817141436759,0.00295817141531974,3.0924691889128e-13
9.74429445439319,0.0001,M8,0.0010722409533752,1e-06,1e-10,5.59490463782468e-15,4735.70832110249,4735.61329622171,7.95787103989642e-14,1.65530939395549e-12,0.411871689542492,0.316846825767134,0.0950268118197293,0.000441655243726226
9.74429445439319,0.0001,M8A,0.0010722409533752,1.14970066209467e-08,0,5.59490463782468e-15,4735.70832110249,4736.02519504398,7.95787103989642e-14,1.65530939395549e-12,0,0.316874385450275,0.316874385448662,4.19164699271589e-14
9.74429445439319,1e-05,M8,0.0010722409533752,1e-06,1e-10,5.59490463782468e-15,4735.70832110249,4735.32814424852,7.95787103989642e-14,1.65530939395549e-12,0.411871689542492,0.0316944529732082,0.38017728525808,0.0004416286497064
9.74429445439319,1e-05,M8A,0.0010722409533752,1.14970066209467e-08,0,5.59490463782468e-15,4735.70832110249,4735.74001826851,7.95787103989642e-14,1.65530939395549e-12,0,0.0316972104120027,0.0316972104103902,2.61194307021708e-13
9.74429445439319,1e-06,M8,0.0010722409533752,1e-06,1e-10,5.59490463782468e-15,4735.70832110249,4735.29961601074,7.95787103989642e-14,1.65530939395549e-12,0.411871689542492,0.00316617524843765,0.40870551882585,0.00044162598908792
9.74429445439319,1e-06,M8A,0.0010722409533752,1.14970066209467e-08,0,5.59490463782468e-15,4735.70832110249,4735.71148754937,7.95787103989642e-14,1.65530939395549e-12,0,0.00316645132738,0.00316645132576751,1.55986137411134e-13
9.74430445439319,0.0001,M8,0.00114749159322448,1e-06,1e-10,2.1821266916068e-14,4423.35600027576,4423.31632862397,6.30186083616219e-14,1.13745803028199e-13,0.335907235859699,0.296235665635496,0.0396754458721496,0.00038547654530639
9.74430445439319,0.0001,M8A,0.00114749159322448,1.31673695652091e-08,0,2.1821266916068e-14,4423.35600027576,4423.65225794944,6.30186083616219e-14,1.13745803028199e-13,0,0.296258163414263,0.296258163414287,3.30986588006588e-13
9.74430445439319,1e-05,M8,0.00114749159322448,1e-06,1e-10,2.1821266916068e-14,4423.35600027576,4423.04972609056,6.30186083616219e-14,1.13745803028199e-13,0.335907235859699,0.0296326914219128,0.306274594636258,0.000385453311796363
9.74430445439319,1e-05,M8A,0.00114749159322448,1.31673695652091e-08,0,2.1821266916068e-14,4423.35600027576,4423.38563516881,6.30186083616219e-14,1.13745803028199e-13,0,0.0296349420166709,0.029634942016694,4.04194680804071e-13
9.74430445439319,1e-06,M8,0.00114749159322448,1e-06,1e-10,2.1821266916068e-14,4423.35600027576,4423.02305350778,6.30186083616219e-14,1.13745803028199e-13,0.335907235859699,0.00296006457860958,0.332947175900181,0.00038545098737149
9.74430445439319,1e-06,M8A,0.00114749159322448,1.31673695652091e-08,0,2.1821266916068e-14,4423.35600027576,4423.35896056038,6.30186083616219e-14,1.13745803028199e-13,0,0.00296028951980943,0.00296028951983254,2.07722223529647e-13
9.74439445439319,0.0001,M8,0.00732832701640484,1e-06,1e-10,2.29837084485856e-14,690.289705967736,690.33489568707,8.92440764348367e-15,2.84217094304073e-14,0.00128527866112734,0.0464784900898005,0.045193280040468,9.41957664012738e-06
9.74439445439319,0.0001,M8A,0.00732832701640484,5.37043768593667e-07,0,2.29837084485856e-14,690.289705967736,690.336180982428,8.92440764348367e-15,2.84217094304073e-14,0,0.0464785766323762,0.0464785766323821,4.04633267142847e-14
9.74439445439319,1e-05,M8,0.00732832701640484,1e-06,1e-10,2.29837084485856e-14,690.289705967736,690.293069675732,8.92440764348367e-15,2.84217094304073e-14,0.00128527866112734,0.00464927292640927,0.00336408642683376,9.41900588171121e-06
9.74439445439319,1e-05,M8A,0.00732832701640484,5.37043768593667e-07,0,2.29837084485856e-14,690.289705967736,690.294354893205,8.92440764348367e-15,2.84217094304073e-14,0,0.00464928158923517,0.00464928158924107,5.62316728113142e-14
9.74439445439319,1e-06,M8,0.00732832701640484,1e-06,1e-10,2.29837084485856e-14,690.289705967736,690.288885147208,8.92440764348367e-15,2.84217094304073e-14,0.00128527866112734,0.00046442394760153,0.000820892501498644,9.41894878149764e-06
9.74439445439319,1e-06,M8A,0.00732832701640484,5.37043768593667e-07,0,2.29837084485856e-14,690.289705967736,690.290170356889,8.92440764348367e-15,2.84217094304073e-14,0,0.000464424819025205,0.000464424819031098,6.52890435308138e-14
9.74529445439319,0.0001,M8,0.266759739885085,1e-06,1e-10,5.60700609991423e-14,18.5177734688072,18.5189957026666,1.9958358978415e-16,1.60119017578501e-15,2.34547587283122e-08,0.00136995010582917,0.00136992782097757,6.35051401550774e-09
9.74529445439319,0.0001,M8A,0.266759739885085,0.000711607588235585,0,5.60700609991423e-14,18.5177734688072,18.5189957244437,1.9958358978415e-16,1.60119017578501e-15,0,0.00136995010763099,0.00136995010763169,1.9484335006297e-15
9.74529445439319,1e-05,M8,0.266759739885085,1e-06,1e-10,5.60700609991423e-14,18.5177734688072,18.5178957083437,1.9958358978415e-16,1.60119017578501e-15,2.34547587283122e-08,0.000137027991967437,0.00013700570680569,6.350081892833e-09
9.74529445439319,1e-05,M8A,0.266759739885085,0.000711607588235585,0,5.60700609991423e-14,18.5177734688072,18.5178957301192,1.9958358978415e-16,1.60119017578501e-15,0,0.000137027992175821,0.000137027992176527,2.22044604925031e-15
9.74529445439319,1e-06,M8,0.266759739885085,1e-06,1e-10,5.60700609991423e-14,18.5177734688072,18.5177856586819,1.9958358978415e-16,1.60119017578501e-15,2.34547587283122e-08,1.36902592740993e-05,1.36679781433675e-05,6.35003725899022e-09
9.74529445439319,1e-06,M8A,0.266759739885085,0.000711607588235585,0,5.60700609991423e-14,18.5177734688072,18.5177856804572,1.9958358978415e-16,1.60119017578501e-15,0,1.3690259320943e-05,1.36902593216494e-05,7.6918507467282e-16
10,0.0001,M8,0.5029989690334,1e-06,1e-10,9.75668289818635e-17,4.08743973517902,4.08757467412079,8.7701895989268e-17,1.08779196991707e-15,1.20275753182677e-09,0.000370877156114699,0.000370876974555654,6.53245917664332e-10
10,0.0001,M8A,0.5029989690334,0.00253007962848664,0,9.75668289818635e-17,4.08743973517902,4.08757467516476,8.7701895989268e-17,1.08779196991707e-15,0,0.000370877156184021,0.000370877156184334,3.14018535092837e-16
10,1e-05,M8,0.5029989690334,1e-06,1e-10,9.75668289818635e-17,4.08743973517902,4.08745323456649,8.7701895989268e-17,1.08779196991707e-15,1.20275753182677e-09,3.70875922856216e-05,3.70874105170743e-05,6.53237173380266e-10
10,1e-05,M8A,0.5029989690334,0.00253007962848664,0,9.75668289818635e-17,4.08743973517902,4.08745323561047,8.7701895989268e-17,1.08779196991707e-15,0,3.70875923022318e-05,3.70875923025446e-05,1.01753621552426e-15
10,1e-06,M8,0.5029989690334,1e-06,1e-10,9.75668289818635e-17,4.08743973517902,4.08744108276223,8.7701895989268e-17,1.08779196991707e-15,1.20275753182677e-09,3.70814295369296e-06,3.70796168526087e-06,6.53236342322357e-10
10,1e-06,M8A,0.5029989690334,0.00253007962848664,0,9.75668289818635e-17,4.08743973517902,4.0874410838062,8.7701895989268e-17,1.08779196991707e-15,0,3.70814296556412e-06,3.70814296587668e-06,3.14018496562221e-16
