id,group,example,model,port,noise,seed,scale,gamma,p,repeat,rtol,atol,status,complete,last,seconds,calls,steps,tc6,tc4,rmse,rmsed,peak,peakd,residual,equality,inequality,bias,lastresidual,lasterror,lastdelta,lastgradient,sigma,smallest,tested,motion,rate,excess,margin,identifier,reason
1,initial,1,VFCR-ZNN,none,zero,1,1,NaN,0.5,1,1e-05,1e-07,budget,0,2.04501457008304,11.1077754,500001,49017,NaN,NaN,NaN,NaN,NaN,NaN,NaN,NaN,NaN,1.11022302462516e-15,5.58560639735767e-08,5.80906183215815e-08,5.8090618093376e-08,3.83029240879675e-08,0.38217542475812,2.63843932479801e-07,0,NaN,NaN,NaN,NaN,Compare:Calls,达到 500000 次函数调用上限。
2,initial,1,GNN,none,zero,1,1,100,1,1,1e-05,1e-07,solver_failure,0,0.0209343694496859,0.223302,864,200,NaN,NaN,NaN,NaN,NaN,NaN,NaN,NaN,NaN,1.11022302462516e-15,9.747908182291e-08,9.28217804047113e-08,9.28217803522008e-08,4.39043345420147e-08,0.417336482439449,5.55111512312578e-17,1,1,100,5.45754867513348e-10,-0.00101,MATLAB:ode15s:IntegrationTolNotMet,求解器提前停止，未完成时间区间。
10,main,2,VFCR-ZNN,state,zero,1,1,NaN,0.5,1,1e-05,1e-07,budget,0,4.87922136165176,11.1764891,500001,54778,NaN,NaN,NaN,NaN,NaN,NaN,NaN,NaN,NaN,0.00739475231371525,1.08287125727706e-08,0.000158040094331511,1.06069882548956e-08,1.27166070101376e-08,0.0106237110155474,5.0990900390957e-10,0,NaN,NaN,NaN,NaN,Compare:Calls,达到 500000 次函数调用上限。
11,main,2,GNN,state,zero,1,1,100,1,1,1e-05,1e-07,complete,1,10,0.3406914,26514,5611,Inf,Inf,483.369198140974,483.369244653906,933.988312315464,933.988301729374,3786.03545701814,929.457593937765,710.554908728105,0.00739475231371525,1449.13487683031,261.01050813989,261.010463575553,2483.32863536819,0.00133934788101333,4.50681159058774e-15,1,0,100,2140.3905870297,2137.68373681985,,
19,main,2,VFCR-ZNN,state,cosine,1,1,NaN,0.5,1,1e-05,1e-07,complete,1,10,0.3766926,14578,4365,Inf,Inf,0.0378172936859307,0.0378062733641064,0.142737285269858,0.142507208122818,0.101640538490281,0.064152436488909,0.00933681695753208,0.00739475231371525,0.0529909437699793,0.0505124551278895,0.0505292703179673,0.0665132566251353,0.0202160903349678,6.07806532109951e-06,0,NaN,NaN,NaN,NaN,,
20,main,2,GNN,state,cosine,1,1,100,1,1,1e-05,1e-07,complete,1,10,0.0947684,6536,1723,Inf,Inf,744343.925913961,744343.925913436,1372357.41076403,1372357.41074943,22399779.0922791,1344660.78729085,1264475.84479943,0.00739475231371525,22399779.0922791,1372357.41076403,1372357.41074943,50789067.1536207,0.00175146619812383,3.21825899263217e-14,1,0,102.645751311065,14240476.0094417,14226234.5069984,,
37,main,2,VFCR-ZNN,state,gaussian,1,1,NaN,0.5,1,1e-05,1e-07,complete,1,10,3.2818694,100672,48594,Inf,Inf,0.0220292454382558,0.0220251483625643,0.103380051104391,0.103780213081901,0.11064227615556,0.0424575381031544,0.0262861685241829,0.00739475231371525,0.0383303373996266,0.0324377032882436,0.0324817153607266,0.0650549964207471,0.00941960781537134,1.14541853424299e-06,0,NaN,NaN,NaN,NaN,,
38,main,2,GNN,state,gaussian,1,1,100,1,1,1e-05,1e-07,budget,0,0.255927495955294,7.0166591,500001,377000,NaN,NaN,NaN,NaN,NaN,NaN,NaN,NaN,NaN,0.00739475231371525,4.69956876001606e-07,0.00034547220352292,1.77771059123076e-07,1.03851588403478e-06,0.353323479506644,1.27675647831893e-15,1,0,104.77279185708,0.0150371404075125,0.0135859669825524,Compare:Calls,达到 500000 次函数调用上限。
40,main,2,VFCR-ZNN,state,gaussian,2,1,NaN,0.5,1,1e-05,1e-07,complete,1,10,3.364926,100857,48863,Inf,Inf,0.0194757960110815,0.0194672697415184,0.0525989690250266,0.0526477338553335,0.124276591514351,0.049332614807845,0.0181154444908742,0.00739475231371525,0.0682152787821325,0.0509484123482529,0.0509372070729961,0.104545844832679,0.00189447772482331,2.15969984829201e-06,0,NaN,NaN,NaN,NaN,,
41,main,2,GNN,state,gaussian,2,1,100,1,1,1e-05,1e-07,budget,0,0.488726704419537,6.4369778,500001,91949,NaN,NaN,NaN,NaN,NaN,NaN,NaN,NaN,NaN,0.00739475231371525,3.36791894613214e-07,9.00923471364819e-06,5.91956253763569e-07,1.90578535813329e-07,0.288356978928255,5.55111512312578e-16,1,0,105.455732486552,0.459272106497819,0.456801618379581,Compare:Calls,达到 500000 次函数调用上限。
43,main,2,VFCR-ZNN,state,gaussian,3,1,NaN,0.5,1,1e-05,1e-07,complete,1,10,3.3495464,102401,49762,Inf,Inf,0.0177820827961258,0.0177430104244762,0.0621749936734445,0.0614579314216775,0.102065408977093,0.0368696954141762,0.0226988378181203,0.00739475231371525,0.0516541101221328,0.0244467633434325,0.0244037895532689,0.104285782836111,0.00502457673659485,1.09678438953154e-06,0,NaN,NaN,NaN,NaN,,
44,main,2,GNN,state,gaussian,3,1,100,1,1,1e-05,1e-07,budget,0,0.559388839276293,6.4658028,500001,92520,NaN,NaN,NaN,NaN,NaN,NaN,NaN,NaN,NaN,0.00739475231371525,1.25382587014901e-06,0.000243029701254075,1.39717690085981e-06,1.83504369421776e-06,0.353323479506644,7.28583859910259e-16,1,0,104.884894774414,0.155377097293658,0.154329327223961,Compare:Calls,达到 500000 次函数调用上限。
46,main,2,VFCR-ZNN,state,gaussian,4,1,NaN,0.5,1,1e-05,1e-07,complete,1,10,3.6410342,102708,50147,Inf,Inf,0.0197271674261887,0.0197509302921056,0.0722337398022062,0.072288271104018,0.115932448370853,0.0357115567779779,0.0381615469624954,0.00739475231371525,0.0292358714518754,0.0128764830822375,0.0128464427241466,0.0467093636274799,0.0149814001692645,3.33661694242038e-06,0,NaN,NaN,NaN,NaN,,
47,main,2,GNN,state,gaussian,4,1,100,1,1,1e-05,1e-07,budget,0,0.0639581917218391,7.2493638,500001,447344,NaN,NaN,NaN,NaN,NaN,NaN,NaN,NaN,NaN,0.00739475231371525,9.03074919662166e-07,2.35028710256303e-05,3.26094718449174e-07,2.07106257275689e-06,0.353323479506644,2.24820162486594e-15,1,1,104.930744879654,0.000552976489047195,-0.000459604341106729,Compare:Calls,达到 500000 次函数调用上限。
49,main,2,VFCR-ZNN,state,gaussian,5,1,NaN,0.5,1,1e-05,1e-07,complete,1,10,3.5569837,100155,48440,Inf,Inf,0.0205514795264661,0.0205640434167715,0.0823922192830652,0.0825149442027443,0.127003413433523,0.0420775030996282,0.0248128246901946,0.00739475231371525,0.0221307552473331,0.00881784880039861,0.00880533997776299,0.0361394811466507,0.00181743598726728,8.85676085360387e-07,0,NaN,NaN,NaN,NaN,,
50,main,2,GNN,state,gaussian,5,1,100,1,1,1e-05,1e-07,budget,0,0.336908562573839,6.6909073,500001,202406,NaN,NaN,NaN,NaN,NaN,NaN,NaN,NaN,NaN,0.00739475231371525,9.84799003344595e-07,0.00013120461345267,1.33534834479856e-07,2.24762600728773e-06,0.295912921476677,1.41553435639707e-15,1,0,105.235802525163,0.101397112702504,0.100191012197332,Compare:Calls,达到 500000 次函数调用上限。
62,precision,2,VFCR-ZNN,state,zero,1,1,NaN,0.5,1,1e-07,1e-09,budget,0,1.56755274669671,11.96559,500001,58056,NaN,NaN,NaN,NaN,NaN,NaN,NaN,NaN,NaN,0.00739475231371525,1.14193735014763e-09,8.08009420830014e-05,5.98655301010673e-10,2.30251638856155e-09,0.353323479506644,3.51610740523256e-10,0,NaN,NaN,NaN,NaN,Compare:Calls,达到 500000 次函数调用上限。
63,precision,2,GNN,state,zero,1,1,100,1,1,1e-07,1e-09,solver_failure,0,0.211444701242583,0.1649563,12429,2933,NaN,NaN,NaN,NaN,NaN,NaN,NaN,NaN,NaN,0.00739475231371525,6.12280179253057e-14,0.000270013016510985,3.72540729000235e-14,8.59767178436247e-14,0.00925845115777606,5.82867087928207e-16,1,1,100,1.86188066819422e-07,-1.01e-05,MATLAB:ode15s:IntegrationTolNotMet,求解器提前停止，未完成时间区间。
64,timing,2,VFCR-ZNN,state,zero,1,1,NaN,0.5,2,1e-05,1e-07,budget,0,4.87922136165176,11.8235056,500001,54778,NaN,NaN,NaN,NaN,NaN,NaN,NaN,NaN,NaN,0.00739475231371525,1.08287125727706e-08,0.000158040094331511,1.06069882548956e-08,1.27166070101376e-08,0.0106237110155474,5.0990900390957e-10,0,NaN,NaN,NaN,NaN,Compare:Calls,达到 500000 次函数调用上限。
65,timing,2,GNN,state,zero,1,1,100,1,2,1e-05,1e-07,complete,1,10,0.3556314,26514,5611,Inf,Inf,483.369198140974,483.369244653906,933.988312315464,933.988301729374,3786.03545701814,929.457593937765,710.554908728105,0.00739475231371525,1449.13487683031,261.01050813989,261.010463575553,2483.32863536819,0.00133934788101333,4.50681159058774e-15,1,0,100,2140.3905870297,2137.68373681985,,
66,timing,2,VFCR-ZNN,state,cosine,1,1,NaN,0.5,2,1e-05,1e-07,complete,1,10,0.3798909,14578,4365,Inf,Inf,0.0378172936859307,0.0378062733641064,0.142737285269858,0.142507208122818,0.101640538490281,0.064152436488909,0.00933681695753208,0.00739475231371525,0.0529909437699793,0.0505124551278895,0.0505292703179673,0.0665132566251353,0.0202160903349678,6.07806532109951e-06,0,NaN,NaN,NaN,NaN,,
67,timing,2,GNN,state,cosine,1,1,100,1,2,1e-05,1e-07,complete,1,10,0.0952478,6536,1723,Inf,Inf,744343.925913961,744343.925913436,1372357.41076403,1372357.41074943,22399779.0922791,1344660.78729085,1264475.84479943,0.00739475231371525,22399779.0922791,1372357.41076403,1372357.41074943,50789067.1536207,0.00175146619812383,3.21825899263217e-14,1,0,102.645751311065,14240476.0094417,14226234.5069984,,
68,timing,2,VFCR-ZNN,state,zero,1,1,NaN,0.5,3,1e-05,1e-07,budget,0,4.87922136165176,11.9865813,500001,54778,NaN,NaN,NaN,NaN,NaN,NaN,NaN,NaN,NaN,0.00739475231371525,1.08287125727706e-08,0.000158040094331511,1.06069882548956e-08,1.27166070101376e-08,0.0106237110155474,5.0990900390957e-10,0,NaN,NaN,NaN,NaN,Compare:Calls,达到 500000 次函数调用上限。
69,timing,2,GNN,state,zero,1,1,100,1,3,1e-05,1e-07,complete,1,10,0.3814214,26514,5611,Inf,Inf,483.369198140974,483.369244653906,933.988312315464,933.988301729374,3786.03545701814,929.457593937765,710.554908728105,0.00739475231371525,1449.13487683031,261.01050813989,261.010463575553,2483.32863536819,0.00133934788101333,4.50681159058774e-15,1,0,100,2140.3905870297,2137.68373681985,,
70,timing,2,VFCR-ZNN,state,cosine,1,1,NaN,0.5,3,1e-05,1e-07,complete,1,10,0.4167363,14578,4365,Inf,Inf,0.0378172936859307,0.0378062733641064,0.142737285269858,0.142507208122818,0.101640538490281,0.064152436488909,0.00933681695753208,0.00739475231371525,0.0529909437699793,0.0505124551278895,0.0505292703179673,0.0665132566251353,0.0202160903349678,6.07806532109951e-06,0,NaN,NaN,NaN,NaN,,
71,timing,2,GNN,state,cosine,1,1,100,1,3,1e-05,1e-07,complete,1,10,0.1008111,6536,1723,Inf,Inf,744343.925913961,744343.925913436,1372357.41076403,1372357.41074943,22399779.0922791,1344660.78729085,1264475.84479943,0.00739475231371525,22399779.0922791,1372357.41076403,1372357.41074943,50789067.1536207,0.00175146619812383,3.21825899263217e-14,1,0,102.645751311065,14240476.0094417,14226234.5069984,,
