id,group,example,model,port,noise,seed,scale,gamma,p,repeat,rtol,atol,status,complete,last,seconds,calls,steps,tc6,tc4,rmse,rmsed,peak,peakd,residual,equality,inequality,bias,lastresidual,lasterror,lastdelta,lastgradient,sigma,smallest,tested,motion,rate,excess,margin,identifier,reason,eps,base
1,scan,2,VFCR-ZNN,state,zero,1,1,NaN,0.5,1,1e-05,1e-07,complete,1,10,1.3724034,19847,4311,Inf,1.41,0.000492557751974306,4.25167962004466e-07,0.00739389107983528,9.19764319845174e-06,2.02377773814575e-06,1.37072372397018e-06,0,0.00739475231371525,2.34253937667147e-08,4.4931590869606e-05,8.50568802241921e-09,4.20833846694604e-08,0.00108067629618499,9.45581972722209e-07,0,NaN,NaN,NaN,NaN,,,0.0001,10
2,scan,2,GNN,state,zero,1,1,100,1,1,1e-05,1e-07,budget,0,0.844961950157854,7.5759866,500001,84686,NaN,NaN,NaN,NaN,NaN,NaN,NaN,NaN,NaN,0.00739475231371525,1.03889720103156e-05,6.99847999481655e-06,1.23690257042558e-05,7.16015878699501e-06,0.353323479506644,3.11203641412128e-07,1,1,100,0,-0.00101,Compare:Calls,达到 500000 次函数调用上限。,0.0001,11
3,scan,2,VFCR-ZNN,state,cosine,1,1,NaN,0.5,1,1e-05,1e-07,complete,1,10,0.6493759,10759,3871,Inf,Inf,0.0378172258382444,0.0378062053134994,0.142736942090386,0.142506866236526,0.101642638073347,0.0641464240290808,0.00933579340667157,0.00739475231371525,0.0529922156577621,0.0505133084352096,0.0505301240223493,0.0665164704731931,0.0193864514963251,6.07806532109951e-06,0,NaN,NaN,NaN,NaN,,,0.0001,19
4,scan,2,GNN,state,cosine,1,1,100,1,1,1e-05,1e-07,budget,0,0.640179559504125,8.0023014,500001,84664,NaN,NaN,NaN,NaN,NaN,NaN,NaN,NaN,NaN,0.00739475231371525,3.6502111721177e-05,0.00031366591089011,2.94693775676228e-05,1.56723130951879e-05,0.353323479506644,4.48899619143184e-08,1,1,102.645751311065,0,-0.00101,Compare:Calls,达到 500000 次函数调用上限。,0.0001,20
5,scan,2,VFCR-ZNN,state,zero,1,1,NaN,0.5,1,1e-05,1e-07,complete,1,10,0.6606169,14599,3573,Inf,1.46,0.000492556528575096,6.19618609486758e-07,0.00739487331104974,5.5533243427547e-06,4.30273577895626e-06,3.57032596853823e-06,0,0.00739475231371525,8.50180373723691e-08,4.48941214557008e-05,5.11017812729486e-08,1.47240751429648e-07,0.00109187827424579,9.47579325227821e-07,0,NaN,NaN,NaN,NaN,,,0.001,10
6,scan,2,GNN,state,zero,1,1,100,1,1,1e-05,1e-07,budget,0,5.80756503764033,7.2105261,500001,84690,NaN,NaN,NaN,NaN,NaN,NaN,NaN,NaN,NaN,0.00739475231371525,0.000139408930301965,0.000134983832197253,0.000159351938869423,7.94959311774615e-05,0.0111488622696913,1.19772839735077e-06,1,1,100,0,-0.00101,Compare:Calls,达到 500000 次函数调用上限。,0.001,11
7,scan,2,VFCR-ZNN,state,cosine,1,1,NaN,0.5,1,1e-05,1e-07,complete,1,10,0.3030364,8574,3575,Inf,Inf,0.0378166938586975,0.0378056683473515,0.142734390191038,0.142504313990654,0.101640246178649,0.0641556707810278,0.00934564557319706,0.00739475231371525,0.0529947868676141,0.0505418097605469,0.0505586832262097,0.0665050257929012,0.0189451137338664,6.07806532109951e-06,0,NaN,NaN,NaN,NaN,,,0.001,19
8,scan,2,GNN,state,cosine,1,1,100,1,1,1e-05,1e-07,complete,1,10,4.8081923,364774,64109,Inf,Inf,0.0077640430763695,0.00769294785671957,0.128365866941779,0.12651875308012,0.0523916146946752,0.0346151525259812,0.0025156064827081,0.00739475231371525,6.01405587037543e-05,0.000102575665642783,5.99081147707192e-05,4.24148636277598e-05,0.0399008247218019,3.05422872770578e-06,1,1,102.645751311065,0,-0.00101,,,0.001,20
9,scan,2,VFCR-ZNN,state,zero,1,1,NaN,0.5,1,1e-05,1e-07,complete,1,10,0.3814811,10375,3144,Inf,1.565,0.000492494046331725,2.32514103979663e-06,0.00739462574953099,8.81053376006745e-06,1.07525220684809e-05,8.80401208247505e-06,0,0.00739475231371525,7.79232823397252e-07,4.52123440146595e-05,7.42475123431405e-07,9.59802936280564e-07,0.00108677318547106,1.55578838878512e-06,0,NaN,NaN,NaN,NaN,,,0.01,10
10,scan,2,GNN,state,zero,1,1,100,1,1,1e-05,1e-07,complete,1,10,0.2996094,20330,4639,Inf,Inf,0.0304782520973907,0.0304022511457382,0.28136511850985,0.279514047019919,0.184974851356266,0.112217686821543,0.00562902069483728,0.00739475231371525,0.000653855324964783,0.000636073553290445,0.000592747618606782,0.000409246521526325,0.00329687037404754,1.82202704380892e-05,1,1,100,0,-0.00101,,,0.01,11
11,scan,2,VFCR-ZNN,state,cosine,1,1,NaN,0.5,1,1e-05,1e-07,complete,1,10,0.246937,6993,3121,Inf,Inf,0.0376766507590327,0.0376651097737346,0.142429863860372,0.142199898547993,0.101689101190524,0.0640950602057049,0.00943204242491569,0.00739475231371525,0.0531040004148657,0.0505884143581286,0.0506053682027521,0.0671081452602439,0.0174702260494857,6.07806532109951e-06,0,NaN,NaN,NaN,NaN,,,0.01,19
12,scan,2,GNN,state,cosine,1,1,100,1,1,1e-05,1e-07,complete,1,10,0.2740814,18419,4216,Inf,Inf,0.0304686044095701,0.0303919013892922,0.279399188492926,0.277548077642998,0.186622927825324,0.112867847635343,0.00563958968968681,0.00739475231371525,0.000601256759335913,0.000640793633630582,0.000599489763559248,0.000424105745531915,0.00304343755255973,1.80393779704053e-05,1,1,102.645751311065,0,-0.00101,,,0.01,20
13,scan,2,VFCR-ZNN,state,zero,1,1,NaN,0.5,1,1e-05,1e-07,complete,1,10,0.2867329,8276,3006,Inf,2.155,0.000492720965756458,5.714676887965e-06,0.00739897325051627,1.82638751116025e-05,1.93805635838302e-05,1.49703312833926e-05,0,0.00739475231371525,4.4963212045555e-06,4.66177249734073e-05,1.70951840508016e-06,7.8928223305777e-06,0.00108638532467636,1.55737228491049e-06,0,NaN,NaN,NaN,NaN,,,0.1,10
14,scan,2,GNN,state,zero,1,1,100,1,1,1e-05,1e-07,complete,1,10,0.1741365,11772,3287,Inf,Inf,0.0876519229460439,0.0875728472724413,0.459357294943477,0.45892093138367,0.476344733030015,0.261432823090924,0.00732451080941043,0.00739475231371525,0.00654762854787256,0.00605631970872042,0.00601292926883611,0.00410797325173929,0.00148323353042916,1.81829763293861e-05,1,1,100,0,-0.00101,,,0.1,11
15,scan,2,VFCR-ZNN,state,cosine,1,1,NaN,0.5,1,1e-05,1e-07,complete,1,10,0.2257954,5702,2614,Inf,Inf,0.0454306205470143,0.0454301919758513,0.122252763947501,0.122038143953929,0.111488295687242,0.0694666055384991,0.018343058256219,0.00739475231371525,0.0708727356705286,0.0616290749471022,0.061650218742681,0.103197830264196,0.0176710163188022,6.07806539877048e-06,0,NaN,NaN,NaN,NaN,,,0.1,19
16,scan,2,GNN,state,cosine,1,1,100,1,1,1e-05,1e-07,complete,1,10,0.1806259,11999,3323,Inf,Inf,0.088497843192226,0.088418412435718,0.471619765098569,0.471183323379558,0.479096267553065,0.262273482658302,0.00766694954550617,0.00739475231371525,0.00599921345705037,0.00607878118913808,0.00603746328143257,0.00423735405268908,0.0017178497232092,1.80172998549109e-05,1,1,102.645751311065,0,-0.00101,,,0.1,20
17,initial,1,VFCR-ZNN,none,zero,1,1,NaN,0.5,1,1e-05,1e-07,complete,1,10,6.7368076,228045,35855,Inf,1.46,6.42552063953933e-07,6.42552063950332e-07,7.21978436608666e-06,7.21978436564331e-06,4.1240634470871e-06,1.11729539253869e-06,0,1.11022302462516e-15,4.19005696569995e-08,3.40065730909641e-08,3.40065730909641e-08,6.56563945214521e-08,0.25964184458751,4.2423017987403e-07,0,NaN,NaN,NaN,NaN,,,0.001,1
18,precision,2,VFCR-ZNN,state,zero,1,1,NaN,0.5,1,1e-07,1e-09,complete,1,10,0.6308787,16334,6492,1.575,1.46,0.000492545534512174,1.08538180066291e-08,0.00739475001906817,1.1470188696481e-07,6.44258186009713e-08,2.9545546342824e-08,0,0.00739475231371525,9.23410197173937e-10,4.4923138188649e-05,5.33653092367129e-10,1.56461100941331e-09,0.00107672994035817,6.0679005086083e-07,0,NaN,NaN,NaN,NaN,,,0.001,62
19,initial,1,GNN,none,zero,1,1,100,1,1,1e-05,1e-07,budget,0,1.77011363846099,5.2700196,500001,89058,NaN,NaN,NaN,NaN,NaN,NaN,NaN,NaN,NaN,1.11022302462516e-15,0.000156729916703753,0.000236048701612475,0.000236048701612318,0.000103543831176445,0.382245368957854,5.30686605770825e-14,1,1,100,0,-0.00101,Compare:Calls,达到 500000 次函数调用上限。,0.001,2
20,precision,2,GNN,state,zero,1,1,100,1,1,1e-07,1e-09,complete,1,10,4.6519838,348722,73967,Inf,Inf,0.0077752959478408,0.00770421988054091,0.128872072860786,0.127024946354197,0.052375391646211,0.0345891094510229,0.00256226786393343,0.00739475231371525,6.53787663896558e-05,0.000103123049764565,5.9190444182672e-05,4.09100531121952e-05,0.0163350310493274,1.55644087840301e-06,1,1,100,0,-1.01e-05,,,0.001,63
21,random,2,VFCR-ZNN,state,gaussian,1,1,NaN,0.5,1,1e-05,1e-07,complete,1,10,3.0794148,76109,37322,Inf,Inf,0.0220287481161028,0.0220246638796242,0.10338159595359,0.103781754781227,0.110640220574546,0.0424565756740621,0.0262949747508625,0.00739475231371525,0.0383437794301299,0.0324341850683953,0.0324781961603199,0.0650808687090776,0.00107413946061883,1.14533592876498e-06,0,NaN,NaN,NaN,NaN,,,0.001,37
22,random,2,GNN,state,gaussian,1,1,100,1,1,1e-05,1e-07,complete,1,10,1.8368367,86894,43961,Inf,Inf,0.00773141243811129,0.00766022077461326,0.128850041456688,0.127002898598643,0.0523692771182811,0.0345762119176174,0.00257351791098204,0.00739475231371525,3.7231778079708e-05,7.19663453427204e-05,2.86971065607437e-05,3.23047647903627e-05,0.0108986436475776,3.01922871592808e-07,1,1,104.77279185708,0,-0.00101,,,0.001,38
23,random,2,VFCR-ZNN,state,gaussian,2,1,NaN,0.5,1,1e-05,1e-07,complete,1,10,2.9106808,76594,37708,Inf,Inf,0.0194744039176209,0.0194658999956667,0.0526031934867946,0.0526519583996932,0.124279450170918,0.0493334086476512,0.0181158253294276,0.00739475231371525,0.0682137353381546,0.0509453463645178,0.0509341539593555,0.104546618351187,0.0201131652039477,2.82785048932865e-06,0,NaN,NaN,NaN,NaN,,,0.001,40
24,random,2,GNN,state,gaussian,2,1,100,1,1,1e-05,1e-07,complete,1,10,1.5386971,86507,44112,Inf,Inf,0.00780216122728843,0.00773143357438883,0.128394646995828,0.126547540724409,0.0524705894261826,0.0347481491108034,0.00233199642331372,0.00739475231371525,0.000102295287742055,0.000110977198907852,7.34258467398123e-05,6.18504425345177e-05,0.0181628840081811,3.19037975593517e-07,1,1,105.455732486552,0,-0.00101,,,0.001,41
25,random,2,VFCR-ZNN,state,gaussian,3,1,NaN,0.5,1,1e-05,1e-07,complete,1,10,2.975955,77530,38222,Inf,Inf,0.0177841351974556,0.0177450473152504,0.062183772920001,0.0614667080941834,0.102060770459835,0.0368694591033049,0.0227006777649832,0.00739475231371525,0.0516557880161144,0.0244489856077693,0.0244060117263225,0.10428824785615,0.00906605980915052,1.09688493843407e-06,0,NaN,NaN,NaN,NaN,,,0.001,43
26,random,2,GNN,state,gaussian,3,1,100,1,1,1e-05,1e-07,complete,1,10,1.547484,87712,44179,Inf,Inf,0.00793825789039896,0.00786696615579805,0.131847162002929,0.129999859707388,0.0523697362578712,0.0345829504041802,0.00257168637336935,0.00739475231371525,8.892446940873e-05,0.000136210734984008,9.15957552878601e-05,6.41286490824033e-05,0.0118367565755844,2.91939437957467e-07,1,1,104.884894774414,0,-0.00101,,,0.001,44
27,random,2,VFCR-ZNN,state,gaussian,4,1,NaN,0.5,1,1e-05,1e-07,complete,1,10,3.0687592,77996,38370,Inf,Inf,0.019728521303596,0.0197522774447218,0.0722625964445964,0.0723171277675462,0.115932782992823,0.035714174330795,0.0381601629975379,0.00739475231371525,0.0292423490514348,0.0128928989465065,0.0128628526632782,0.0467158892307508,0.00393151916056139,4.80155224202861e-06,0,NaN,NaN,NaN,NaN,,,0.001,46
28,random,2,GNN,state,gaussian,4,1,100,1,1,1e-05,1e-07,complete,1,10,1.5031332,87650,44222,Inf,Inf,0.00780152834742033,0.00773061592641045,0.128875974419648,0.127028831809304,0.0523722499410064,0.0345862288492944,0.00256467701010621,0.00739475231371525,7.36288588214635e-05,0.000131912010037562,8.6993466524805e-05,4.9755538500967e-05,0.0181746106607241,3.09457544145353e-07,1,1,104.930744879654,0,-0.00101,,,0.001,47
29,random,2,VFCR-ZNN,state,gaussian,5,1,NaN,0.5,1,1e-05,1e-07,complete,1,10,2.934923,76159,37314,Inf,Inf,0.020554987275112,0.0205675642173124,0.0824138881658543,0.0825366149860584,0.12701159196755,0.0420809104895199,0.0248114894937987,0.00739475231371525,0.0221314210033676,0.00881921079422543,0.00880666879985516,0.0361395903285674,0.00965449035911918,2.23725021442078e-06,0,NaN,NaN,NaN,NaN,,,0.001,49
30,random,2,GNN,state,gaussian,5,1,100,1,1,1e-05,1e-07,complete,1,10,1.5330919,87208,44013,Inf,Inf,0.0078523707315368,0.0077812657643182,0.131024296177071,0.129177056813446,0.0523909045095746,0.0346075032420274,0.00252568815343568,0.00739475231371525,6.60844276736343e-05,8.83341664625926e-05,4.76429812451295e-05,4.51551596578952e-05,0.0121954912828751,2.97745460287047e-07,1,1,105.235802525163,0,-0.00101,,,0.001,50
31,timing,2,VFCR-ZNN,state,zero,1,1,NaN,0.5,2,1e-05,1e-07,complete,1,10,0.4905945,14599,3573,Inf,1.46,0.000492556528575096,6.19618609486758e-07,0.00739487331104974,5.5533243427547e-06,4.30273577895626e-06,3.57032596853823e-06,0,0.00739475231371525,8.50180373723691e-08,4.48941214557008e-05,5.11017812729486e-08,1.47240751429648e-07,0.00109187827424579,9.47579325227821e-07,0,NaN,NaN,NaN,NaN,,,0.001,64
32,timing,2,GNN,state,zero,1,1,100,1,2,1e-05,1e-07,budget,0,5.80756503764033,6.1433498,500001,84690,NaN,NaN,NaN,NaN,NaN,NaN,NaN,NaN,NaN,0.00739475231371525,0.000139408930301965,0.000134983832197253,0.000159351938869423,7.94959311774615e-05,0.0111488622696913,1.19772839735077e-06,1,1,100,0,-0.00101,Compare:Calls,达到 500000 次函数调用上限。,0.001,65
33,timing,2,VFCR-ZNN,state,cosine,1,1,NaN,0.5,2,1e-05,1e-07,complete,1,10,0.2799441,8574,3575,Inf,Inf,0.0378166938586975,0.0378056683473515,0.142734390191038,0.142504313990654,0.101640246178649,0.0641556707810278,0.00934564557319706,0.00739475231371525,0.0529947868676141,0.0505418097605469,0.0505586832262097,0.0665050257929012,0.0189451137338664,6.07806532109951e-06,0,NaN,NaN,NaN,NaN,,,0.001,66
34,timing,2,GNN,state,cosine,1,1,100,1,2,1e-05,1e-07,complete,1,10,4.646903,364774,64109,Inf,Inf,0.0077640430763695,0.00769294785671957,0.128365866941779,0.12651875308012,0.0523916146946752,0.0346151525259812,0.0025156064827081,0.00739475231371525,6.01405587037543e-05,0.000102575665642783,5.99081147707192e-05,4.24148636277598e-05,0.0399008247218019,3.05422872770578e-06,1,1,102.645751311065,0,-0.00101,,,0.001,67
35,timing,2,VFCR-ZNN,state,zero,1,1,NaN,0.5,3,1e-05,1e-07,complete,1,10,0.4424099,14599,3573,Inf,1.46,0.000492556528575096,6.19618609486758e-07,0.00739487331104974,5.5533243427547e-06,4.30273577895626e-06,3.57032596853823e-06,0,0.00739475231371525,8.50180373723691e-08,4.48941214557008e-05,5.11017812729486e-08,1.47240751429648e-07,0.00109187827424579,9.47579325227821e-07,0,NaN,NaN,NaN,NaN,,,0.001,68
36,timing,2,GNN,state,zero,1,1,100,1,3,1e-05,1e-07,budget,0,5.80756503764033,6.16321,500001,84690,NaN,NaN,NaN,NaN,NaN,NaN,NaN,NaN,NaN,0.00739475231371525,0.000139408930301965,0.000134983832197253,0.000159351938869423,7.94959311774615e-05,0.0111488622696913,1.19772839735077e-06,1,1,100,0,-0.00101,Compare:Calls,达到 500000 次函数调用上限。,0.001,69
37,timing,2,VFCR-ZNN,state,cosine,1,1,NaN,0.5,3,1e-05,1e-07,complete,1,10,0.6200821,8574,3575,Inf,Inf,0.0378166938586975,0.0378056683473515,0.142734390191038,0.142504313990654,0.101640246178649,0.0641556707810278,0.00934564557319706,0.00739475231371525,0.0529947868676141,0.0505418097605469,0.0505586832262097,0.0665050257929012,0.0189451137338664,6.07806532109951e-06,0,NaN,NaN,NaN,NaN,,,0.001,70
38,timing,2,GNN,state,cosine,1,1,100,1,3,1e-05,1e-07,complete,1,10,4.8751592,364774,64109,Inf,Inf,0.0077640430763695,0.00769294785671957,0.128365866941779,0.12651875308012,0.0523916146946752,0.0346151525259812,0.0025156064827081,0.00739475231371525,6.01405587037543e-05,0.000102575665642783,5.99081147707192e-05,4.24148636277598e-05,0.0399008247218019,3.05422872770578e-06,1,1,102.645751311065,0,-0.00101,,,0.001,71
39,initial,1,VFCR-ZNN,none,zero,1,1,NaN,0.5,1,1e-05,1e-07,complete,1,10,3.0617397,99515,16713,6.36,1.57,2.40766543390425e-07,2.40766543398749e-07,1.6823526330883e-06,1.6823526330883e-06,1.35353582770867e-06,9.52366534245908e-07,0,1.11022302462516e-15,9.20738667514006e-08,5.4140234669753e-08,5.4140234669753e-08,1.52752891209427e-07,0.259608744074164,4.58476566541532e-06,0,NaN,NaN,NaN,NaN,,,0.01,1
40,precision,2,VFCR-ZNN,state,zero,1,1,NaN,0.5,1,1e-07,1e-09,complete,1,10,0.4596913,12775,6203,1.915,1.565,0.000492546434623553,3.75445527532558e-08,0.00739478076535975,1.33310774719408e-07,2.1046056421006e-07,1.18184704245294e-07,0,0.00739475231371525,9.84863091501553e-09,4.49251349202821e-05,5.10434186704666e-09,1.59473772911267e-08,0.00107339734454954,5.9574561284137e-07,0,NaN,NaN,NaN,NaN,,,0.01,62
41,initial,1,GNN,none,zero,1,1,100,1,1,1e-05,1e-07,budget,0,6.08477389594553,5.7378394,500001,87581,NaN,NaN,NaN,NaN,NaN,NaN,NaN,NaN,NaN,1.11022302462516e-15,0.00492382680485134,0.0127139078793799,0.01271390787938,0.00181372308149459,0.25972643462853,8.89954776539525e-13,1,1,100,0,-0.00101,Compare:Calls,达到 500000 次函数调用上限。,0.01,2
42,precision,2,GNN,state,zero,1,1,100,1,1,1e-07,1e-09,complete,1,10,0.387951,25285,7141,Inf,Inf,0.0304782616118745,0.0304022610125217,0.281364267570648,0.279513196077249,0.184976985265614,0.112218548295282,0.0056290329736246,0.00739475231371525,0.000653850202585795,0.000636070950043718,0.000592745050016853,0.00040924227750424,0.00315531180539197,1.81910748013162e-06,1,1,100,0,-1.01e-05,,,0.01,63
43,random,2,VFCR-ZNN,state,gaussian,1,1,NaN,0.5,1,1e-05,1e-07,complete,1,10,2.104043,49467,23964,Inf,Inf,0.0220591024868902,0.0220537188494656,0.102640604419548,0.103040727978576,0.110697992162941,0.0424666017466199,0.0260094728973383,0.00739475231371525,0.0384947242768363,0.0323282726812986,0.0323722104036577,0.0654645258528781,0.00301343170176173,1.1741749275096e-06,0,NaN,NaN,NaN,NaN,,,0.01,37
44,random,2,GNN,state,gaussian,1,1,100,1,1,1e-05,1e-07,complete,1,10,1.9811254,78816,51617,Inf,Inf,0.0303512837566985,0.0302756318077132,0.28126042918546,0.27940929799929,0.182554866871886,0.111188916715741,0.00565097668165082,0.00739475231371525,0.000372100694316648,0.000328825619241347,0.000287502890715499,0.000323042033660326,0.00321113478144357,9.54766507632598e-07,1,1,104.77279185708,0,-0.00101,,,0.01,38
45,random,2,VFCR-ZNN,state,gaussian,2,1,NaN,0.5,1,1e-05,1e-07,complete,1,10,2.0705151,49664,24083,Inf,Inf,0.0194465442267093,0.0194379118012776,0.0525935724991702,0.0526423553678085,0.124384812750873,0.049424437099728,0.0186417323033836,0.00739475231371525,0.0683071099438612,0.0510234339174111,0.0510122942793701,0.104566346124182,0.00579248078287845,3.11428382682166e-06,0,NaN,NaN,NaN,NaN,,,0.01,40
46,random,2,GNN,state,gaussian,2,1,100,1,1,1e-05,1e-07,complete,1,10,1.6080158,79150,51828,Inf,Inf,0.0304779810506625,0.0304009569521322,0.28026139892806,0.278410310271476,0.18922604855032,0.114269330807235,0.00559472724976384,0.00739475231371525,0.0010225753782593,0.000768518110497881,0.000734481859991364,0.000618343865020765,0.00287545481483352,1.00861177987355e-06,1,1,105.455732486552,0,-0.00101,,,0.01,41
47,random,2,VFCR-ZNN,state,gaussian,3,1,NaN,0.5,1,1e-05,1e-07,complete,1,10,2.0608455,49706,24173,Inf,Inf,0.0178281634875301,0.0177880279740264,0.0622517388719207,0.0615346212744604,0.102271427769411,0.0370712716534626,0.0226236385296517,0.00739475231371525,0.0517202630583464,0.0240997707186005,0.0240567661959648,0.104533999364331,0.00471061427884071,2.17235116295456e-06,0,NaN,NaN,NaN,NaN,,,0.01,43
48,random,2,GNN,state,gaussian,3,1,100,1,1,1e-05,1e-07,complete,1,10,1.6018903,78732,51588,Inf,Inf,0.0309038893742545,0.0308266770420287,0.288660095725587,0.286808941238983,0.188005451386231,0.113575650485814,0.00561730569018981,0.00739475231371525,0.000889655212912523,0.000961374977097568,0.000916883972976175,0.000641648821454327,0.00282450389910817,9.2320435918225e-07,1,1,104.884894774414,0,-0.00101,,,0.01,44
49,random,2,VFCR-ZNN,state,gaussian,4,1,NaN,0.5,1,1e-05,1e-07,complete,1,10,2.1478496,49912,24346,Inf,Inf,0.0197819400880032,0.0198053938953954,0.0727373033577519,0.072791826404349,0.116082585861272,0.0357468060270669,0.038024762848311,0.00739475231371525,0.0298798442527949,0.0143454555695289,0.0143153068572571,0.0476966355116982,0.00404885378766407,5.8541311425131e-06,0,NaN,NaN,NaN,NaN,,,0.01,46
50,random,2,GNN,state,gaussian,4,1,100,1,1,1e-05,1e-07,complete,1,10,1.6058577,79092,51835,Inf,Inf,0.0305112991202547,0.030434468576839,0.28357105130898,0.281719899763804,0.186979885591206,0.112746572187619,0.00532253521617565,0.00739475231371525,0.000736886548356328,0.000915965785950229,0.00087104863755869,0.000497930126124969,0.00302637217130349,9.78258599682036e-07,1,1,104.930744879654,0,-0.00101,,,0.01,47
51,random,2,VFCR-ZNN,state,gaussian,5,1,NaN,0.5,1,1e-05,1e-07,complete,1,10,2.0719587,49570,24095,Inf,Inf,0.0206625657018802,0.0206746092270889,0.0824550535348667,0.0825777469005243,0.127160031689697,0.0421479662029614,0.024509654147014,0.00739475231371525,0.022108546185348,0.00863510793908165,0.00862253893434322,0.0365029501722594,0.00189003482613375,2.01868314952947e-06,0,NaN,NaN,NaN,NaN,,,0.01,49
52,random,2,GNN,state,gaussian,5,1,100,1,1,1e-05,1e-07,complete,1,10,1.6240046,78910,51569,Inf,Inf,0.0305965394461309,0.0305211148097154,0.286473349461833,0.284622271942638,0.180674173070686,0.110666674499539,0.00547648581215143,0.00739475231371525,0.000660434909661585,0.000514327414233472,0.000476752566121547,0.000451431261486678,0.00278934064333121,9.41615942551266e-07,1,1,105.235802525163,0,-0.00101,,,0.01,50
53,timing,2,VFCR-ZNN,state,zero,1,1,NaN,0.5,2,1e-05,1e-07,complete,1,10,0.3445973,10375,3144,Inf,1.565,0.000492494046331725,2.32514103979663e-06,0.00739462574953099,8.81053376006745e-06,1.07525220684809e-05,8.80401208247505e-06,0,0.00739475231371525,7.79232823397252e-07,4.52123440146595e-05,7.42475123431405e-07,9.59802936280564e-07,0.00108677318547106,1.55578838878512e-06,0,NaN,NaN,NaN,NaN,,,0.01,64
54,timing,2,GNN,state,zero,1,1,100,1,2,1e-05,1e-07,complete,1,10,0.2968055,20330,4639,Inf,Inf,0.0304782520973907,0.0304022511457382,0.28136511850985,0.279514047019919,0.184974851356266,0.112217686821543,0.00562902069483728,0.00739475231371525,0.000653855324964783,0.000636073553290445,0.000592747618606782,0.000409246521526325,0.00329687037404754,1.82202704380892e-05,1,1,100,0,-0.00101,,,0.01,65
55,timing,2,VFCR-ZNN,state,cosine,1,1,NaN,0.5,2,1e-05,1e-07,complete,1,10,0.2612981,6993,3121,Inf,Inf,0.0376766507590327,0.0376651097737346,0.142429863860372,0.142199898547993,0.101689101190524,0.0640950602057049,0.00943204242491569,0.00739475231371525,0.0531040004148657,0.0505884143581286,0.0506053682027521,0.0671081452602439,0.0174702260494857,6.07806532109951e-06,0,NaN,NaN,NaN,NaN,,,0.01,66
56,timing,2,GNN,state,cosine,1,1,100,1,2,1e-05,1e-07,complete,1,10,0.2995358,18419,4216,Inf,Inf,0.0304686044095701,0.0303919013892922,0.279399188492926,0.277548077642998,0.186622927825324,0.112867847635343,0.00563958968968681,0.00739475231371525,0.000601256759335913,0.000640793633630582,0.000599489763559248,0.000424105745531915,0.00304343755255973,1.80393779704053e-05,1,1,102.645751311065,0,-0.00101,,,0.01,67
57,timing,2,VFCR-ZNN,state,zero,1,1,NaN,0.5,3,1e-05,1e-07,complete,1,10,0.3743181,10375,3144,Inf,1.565,0.000492494046331725,2.32514103979663e-06,0.00739462574953099,8.81053376006745e-06,1.07525220684809e-05,8.80401208247505e-06,0,0.00739475231371525,7.79232823397252e-07,4.52123440146595e-05,7.42475123431405e-07,9.59802936280564e-07,0.00108677318547106,1.55578838878512e-06,0,NaN,NaN,NaN,NaN,,,0.01,68
58,timing,2,GNN,state,zero,1,1,100,1,3,1e-05,1e-07,complete,1,10,0.31319,20330,4639,Inf,Inf,0.0304782520973907,0.0304022511457382,0.28136511850985,0.279514047019919,0.184974851356266,0.112217686821543,0.00562902069483728,0.00739475231371525,0.000653855324964783,0.000636073553290445,0.000592747618606782,0.000409246521526325,0.00329687037404754,1.82202704380892e-05,1,1,100,0,-0.00101,,,0.01,69
59,timing,2,VFCR-ZNN,state,cosine,1,1,NaN,0.5,3,1e-05,1e-07,complete,1,10,0.2431446,6993,3121,Inf,Inf,0.0376766507590327,0.0376651097737346,0.142429863860372,0.142199898547993,0.101689101190524,0.0640950602057049,0.00943204242491569,0.00739475231371525,0.0531040004148657,0.0505884143581286,0.0506053682027521,0.0671081452602439,0.0174702260494857,6.07806532109951e-06,0,NaN,NaN,NaN,NaN,,,0.01,70
60,timing,2,GNN,state,cosine,1,1,100,1,3,1e-05,1e-07,complete,1,10,0.2920951,18419,4216,Inf,Inf,0.0304686044095701,0.0303919013892922,0.279399188492926,0.277548077642998,0.186622927825324,0.112867847635343,0.00563958968968681,0.00739475231371525,0.000601256759335913,0.000640793633630582,0.000599489763559248,0.000424105745531915,0.00304343755255973,1.80393779704053e-05,1,1,102.645751311065,0,-0.00101,,,0.01,71
