group,run,xd,gpeak,metricerror,trajectory,residual
extra,1,1.51122402277556e-13,2.86562550950681e-10,0,0,0
extra,2,2.44933688034252e-11,1.30450666469945e-08,0,0,0
extra,3,2.05016954611803e-05,0.00630268517058295,0,0,0
extra,4,2.05021306919661e-05,0.00630308835876549,0,0,0
extra,5,2.05016832129941e-05,0.00630269820708043,0,0,0
extra,6,2.05021985367391e-05,0.00630410142393779,0,0,0
extra,7,9.11161529628688e-07,0.0959846560445627,0,0,0
extra,8,2.87044660507009e-12,1.58988252307654e-09,0,0,0
joint,1,2.0567720185843e-05,0.378431487259775,0,0,0
joint,2,2.05682484061318e-05,0.378466992539834,0,0,0
