delta,t,order,h,timeerror,velocityerror,sigma,speed
0.0001,3.4611091472136,1,0.0001,0.000666663126900101,0.316874405919033,0.00107224095337557,4735.70832110067
0.0001,3.4611091472136,1,1e-05,6.66764217893384e-05,0.0316974077996825,0.00107224095337557,4735.70832110067
0.0001,3.4611091472136,1,1e-06,6.66833345946398e-06,0.00317062886925238,0.00107224095337557,4735.70832110067
0.0001,3.4611091472136,2,0.0001,3.49704814899651e-07,0.00022103147783212,0.00107224095337557,4735.70832110067
0.0001,3.4611091472136,2,1e-05,3.56191291074038e-09,2.22651117904635e-06,0.00107224095337557,4735.70832110067
0.0001,3.4611091472136,2,1e-06,4.17796323426956e-09,1.95563211549517e-06,0.00107224095337557,4735.70832110067
0.0001,9.74429445439319,1,0.0001,0.00066666310858961,0.316874383772389,0.00107224095337452,4735.70832110526
0.0001,9.74429445439319,1,1e-05,6.66762293882308e-05,0.0316971943526451,0.00107224095337452,4735.70832110526
0.0001,9.74429445439319,1,1e-06,6.66409967250441e-06,0.00316629811229338,0.00107224095337452,4735.70832110526
0.0001,9.74429445439319,2,0.0001,3.49628926989566e-07,0.000220998626987217,0.00107224095337452,4735.70832110526
0.0001,9.74429445439319,2,1e-05,3.05918929570027e-09,2.01226795929702e-06,0.00107224095337452,4735.70832110526
0.0001,9.74429445439319,2,1e-06,1.39083833284621e-08,7.65782849159384e-06,0.00107224095337452,4735.70832110526
1e-05,3.4611091472136,1,0.0001,0.000669234008471934,3.10432610877258,0.000109637902410989,46272.612825723
1e-05,3.4611091472136,1,1e-05,6.69335694292019e-05,0.310530141560019,0.000109637902410989,46272.612825723
1e-05,3.4611091472136,1,1e-06,6.69409745325694e-06,0.0310610481675822,0.000109637902410989,46272.612825723
1e-05,3.4611091472136,2,0.0001,3.49477991577319e-07,0.00216054196220731,0.000109637902410989,46272.612825723
1e-05,3.4611091472136,2,1e-05,3.60613730278331e-09,2.19938039626305e-05,0.000109637902410989,46272.612825723
1e-05,3.4611091472136,2,1e-06,4.32462395101684e-09,1.77376034845482e-05,0.000109637902410989,46272.612825723
1e-05,9.74429445439319,1,0.0001,0.000669233990908221,3.1043258863111,0.00010963790239355,46272.6128331567
1e-05,9.74429445439319,1,1e-05,6.69333670402962e-05,0.310527991481673,0.00010963790239355,46272.6128331567
1e-05,9.74429445439319,1,1e-06,6.68983561200034e-06,0.0310187886286507,0.00010963790239355,46272.6128331567
1e-05,9.74429445439319,2,0.0001,3.49398162968197e-07,0.0021602007566111,0.00010963790239355,46272.6128331567
1e-05,9.74429445439319,2,1e-05,3.06868374324604e-09,1.97353703508821e-05,0.00010963790239355,46272.6128331567
1e-05,9.74429445439319,2,1e-06,1.4159376419323e-08,7.60895886888579e-05,0.00010963790239355,46272.6128331567
1e-06,3.4611091472136,1,0.0001,0.000695062953710299,17.8269317237921,1.90950201259637e-05,265661.430463485
1e-06,3.4611091472136,1,1e-05,6.9516851443782e-05,1.78325298278748,1.90950201259637e-05,265661.430463485
1e-06,3.4611091472136,1,1e-06,6.95264711196176e-06,0.178375795101868,1.90950201259637e-05,265661.430463485
1e-06,3.4611091472136,2,0.0001,3.4648879215007e-07,0.0124046534276949,1.90950201259637e-05,265661.430463485
1e-06,3.4611091472136,2,1e-05,3.55013431074713e-09,0.000125701468810625,1.90950201259637e-05,265661.430463485
1e-06,3.4611091472136,2,1e-06,4.38009940443689e-09,0.000112346179533224,1.90950201259637e-05,265661.430463485
1e-06,9.74429445439319,1,0.0001,0.000695062925667083,17.8269305439012,1.9095019971006e-05,265661.432618256
1e-06,9.74429445439319,1,1e-05,6.95165678307992e-05,1.78324065315956,1.9095019971006e-05,265661.432618256
1e-06,9.74429445439319,1,1e-06,6.94789586747012e-06,0.178133204943705,1.9095019971006e-05,265661.432618256
1e-06,9.74429445439319,2,0.0001,3.46410558474351e-07,0.012402609457278,1.9095019971006e-05,265661.432618256
1e-06,9.74429445439319,2,1e-05,3.05063643617545e-09,0.000112944974471279,1.9095019971006e-05,265661.432618256
1e-06,9.74429445439319,2,1e-06,1.37832757425044e-08,0.000428331115414399,1.9095019971006e-05,265661.432618256
