file,sha256
bd_audit.m,bc18df6eb4a58de6406da12fbee27f0df218d2ed762181509f0d979613051dcb
bd_bias.m,46cd25d962e91d30c6c3dafc63f2ba22dca612b00e8663137f5576c81e60c6a9
bd_config.m,ddd10eda24b7a1916591fea9da499117482b6780fd04553f70527f9b35fa309a
bd_extra.m,195731aa059e097eaee9c248a1f27c93d6cce52bbe1bc273ab0e0cd905fd4e53
bd_figures.m,a0510a108f21fb6d4aada0455c3b22d719bb3cd609b2d0ff6b9957cf31bc476d
bd_hash.m,77d105c332cf785720a36756ff57cf6277498693131c51236cc77d21b573c21a
bd_joint.m,caf4b75d3ea8f91f8851a6d8449df862ec2f06b846cf52ff6335e0aa46c7c329
bd_metrics.m,263bc586f68ffb22f05ff50924df38f86c9f038857288b8d7c3be3e22a027acf
bd_noise.m,e821534e0aee6ae4677de78eea7e8648631d4f7a853e1d7500d8ac90979a64d2
bd_other.m,65d7278c2fa237f3b95fee721c4d0deded3eb05ea7a255d1133b159d05ced20e
bd_peak.m,e825ab5c2690710d99b1f6c3be2815fcc75dba91832008a3f0d5aa4443aacc1d
bd_polish.m,87aeccd3c8cbf813909f4f45b122afa7d59280c34a7171c762b768b77126d21e
bd_probe.m,182dc077b8eac3efa10ea6e72b15952f2069cbf0751f59e14cff236edddf190d
bd_report.m,6b319e467fae5f240c0d8ef9974bf41c7602782c0357b4ff1c220b21fcecea63
bd_run.m,0a2d5b593fb7f06d305f812dbffb1488d5582cd49ee4b7d6ee77a3c2331eda80
bd_setup.m,7123887334e3bebfb5fa996bed1120978ce9eb43c8d8576534c7977d9db2a356
bd_sources.m,c2912b5beb4c74dcb3ec837ecb7ce0d6a4afde83adbb98359b9c2b7481b083b2
bd_study.m,3cca619e838935f7be6580856ea323efb5794e8c4c29fcf5307d24cde1d02f95
bd_system.m,0ca97790a2754ac60d1bb4966590ce2ca8a2b1df0a842803a4703eb65336c39c
bd_verify.m,27ab6bbd6eb783c397cfd9ad674a6c91c31a4b046906990acb9bd253b5abb091
m8a_bdf2_system.m,f4717061233331500b8ac23a6de7c5f2906dcba30614fe1ff0560899a701e321
C:\Users\anzai\Documents\znn_new\experiments\gnn_predictor_20261006\pp_parts.m,a3d9cf52f08c9c4616189e0df9a89bdd033568f4261f52a5ced66f504fd0e9c8
C:\Users\anzai\Documents\znn_new\experiments\gnn_predictor_20261006\pp_reference.m,d3a489bc5b29e59f1ce819d0dc2b9e728e71b17187a8d76ed35dad00a06b8a9b
C:\Users\anzai\Documents\znn_new\experiments\gnn_predictor_20261006\pp_config.m,590f451431c962160e7651a0c87829675dbac50cb2da1bc4b87c4a8f75188d66
C:\Users\anzai\Documents\znn_new\experiments\gnn_m8_20261007\pn_config.m,4a45354ef11b9e30c439a40c71d500cbb14568fce0c3618ea51704891da0f16e
C:\Users\anzai\Documents\znn_new\experiments\gnn_v2_20261002\fsmooth.m,38947bc1544ce2f32215bd3d62f5820ef362167e1b7d068377c9408986baba8c
C:\Users\anzai\Documents\znn_new\example2_problem.m,4f9da2e6a74662e83777faae274d2a69efa5ca4fa94e6cbb414649ffa20f7b60
C:\Users\anzai\Documents\znn_new\my_system.m,b9094910b732bfc4e96a92d57d5ada8d20afecd4efad20aba16c3728dcce619f
