run,deval,xd,x,g,gpeak,rmsechange,peakchange,xdp,gpeakp
1,0,2.96603399124192e-09,0.000506440306572193,9.85665595016741e-09,1.60101080348877e-06,5.66065283613693e-06,1.44530015400157e-06,2.96603396981905e-09,1.60101092882554e-06
2,0,1.71271662926461e-11,0.000506440971826709,4.84948176011488e-11,1.10719261493749e-08,1.68109153952933e-06,1.17770787937399e-05,1.71271608763836e-11,1.10717336752718e-08
3,0,2.40076335942368e-13,0.000506440971529478,1.00029514282673e-12,1.30653881631302e-10,0.00165698392438207,0,2.40072462253479e-13,1.3068990640187e-10
4,0,4.43055230830011e-13,0.000506440971536624,1.68546506228053e-12,3.84037564916178e-10,0.00236022339371145,0.000892048330800366,4.4306201586757e-13,3.84120980636803e-10
5,0,5.69587471381263e-07,0.000506335353217758,1.04191216871919e-06,6.3647086537912e-05,9.74509282936076e-07,3.45428639469958e-07,5.69587471380041e-07,6.36470867144404e-05
6,0,3.01570414690547e-11,0.000506440975620271,9.20056315675679e-11,1.7596243901928e-08,7.05349222307472e-06,0,3.015703603623e-11,1.7596255658153e-08
7,0,1.93665137613184e-11,0.00050644097209991,5.549028474853e-11,5.18319854221607e-09,1.54265705077927e-05,1.34605982582414e-07,1.93665101791343e-11,5.18311718990876e-09
8,0,2.81293384535044e-13,8.56967726621341e-05,9.16419427565881e-12,5.34449019417318e-09,0.000235179680516451,0.00215273543918126,2.8128923223124e-13,5.34467458860191e-09
9,0,3.2538877815365e-11,8.56967754318034e-05,2.09409178350379e-10,1.75782158524521e-07,5.13959195275193e-05,0.000126856796306418,3.25388713580388e-11,1.75781373462862e-07
10,0,2.36011027188236e-11,8.56967729470563e-05,8.9709317082252e-11,6.1955640755753e-08,6.47932332483725e-05,0.000157873070671499,2.36010998934811e-11,6.19554626603246e-08
11,0,3.00826659881625e-13,1.46611131235162e-05,7.59907084473029e-11,5.64594005933641e-08,0.00104760427460759,0.0401371488380591,3.00824922582825e-13,5.64691507186846e-08
12,0,3.54787335878171e-11,1.46611149188066e-05,6.32902144120626e-10,1.76661510636796e-06,4.20070444513421e-05,0.00722121228769357,3.54787292125824e-11,1.76661484588425e-06
13,0,2.59646922342545e-11,1.46611132471471e-05,2.16130081040019e-10,5.51994332006329e-07,6.21523226418397e-06,0.00772460748274995,2.59646904073669e-11,5.51994071526122e-07
14,0,2.05046187796906e-05,0.000506456308154142,5.18937104382649e-05,0.00630594519195983,1.5309246024775e-05,0,2.05046187796905e-05,0.00630594519193903
15,0,2.05013691543982e-05,0.000506456847047891,5.18816729164938e-05,0.00630269820708043,1.53186737181787e-05,0,2.05013691543982e-05,0.00630269820705964
16,0,2.05144239367885e-05,0.000506464064305021,0.000347054990731788,0.0924045897963586,1.45142566867484e-05,5.51925381842011e-07,2.05144239367885e-05,0.0924045897963181
17,0,2.05018845852047e-05,0.000506456977171736,5.18847824147709e-05,0.00630410142393779,1.53130667343016e-05,0,2.05018845852047e-05,0.00630410142391699
18,0,1.68145075314824e-05,0.000506647166093702,3.91964784999172e-05,0.00372034726741915,1.26158454583081e-06,0,1.68145075314838e-05,0.00372034726743971
19,0,1.68118064070301e-05,0.000506647722157533,3.91918579501115e-05,0.00372057801473287,1.26114220344586e-06,0,1.68118064070315e-05,0.00372057801475344
20,0,1.68395025680565e-05,0.000506655346010178,0.000372239989891739,0.0981371324391811,1.73466835651226e-06,4.48689701393334e-07,1.68395025680579e-05,0.098137132439077
21,0,1.68122672621152e-05,0.000506647848028648,3.91910787307564e-05,0.0037191716882431,1.27277704453643e-06,0,1.68122672621166e-05,0.00371917168826366
22,0,2.08320575586405e-05,0.000506633498470389,4.44120234279632e-05,0.002224336585008,1.20360536515207e-06,1.39111138541814e-06,2.08320575586408e-05,0.0022243365848869
23,0,2.08290526690161e-05,0.000506634048457322,4.44057697976225e-05,0.00222557975900354,1.20353874444312e-06,1.56992337441153e-06,2.08290526690164e-05,0.00222557975888245
24,0,2.08510337844312e-05,0.000506641643036562,0.000368290381749119,0.0971525821456772,2.2932129946085e-06,3.80999587656916e-07,2.08510337844315e-05,0.0971525821455732
25,0,2.08294957270418e-05,0.000506634196203488,4.4406146994606e-05,0.00222441359705712,1.20085930710445e-06,1.43877538194559e-06,2.08294957270421e-05,0.00222441359693603
26,0,2.05012403747806e-07,0.000506437012047239,5.18818100326122e-07,6.30357603911634e-05,1.50685691567842e-05,0,2.05012403747781e-07,6.30357605828178e-05
27,0,9.32360378944054e-07,0.000506444530894567,0.00036022839369984,0.0959488446045709,3.76658927569995e-06,0,9.32360378944884e-07,0.0959488446045613
28,0,2.05083101632721e-07,0.000506437387443579,5.21168886261395e-07,6.45680983292322e-05,1.52141195981503e-05,0,2.05083101632685e-07,6.45680985208859e-05
29,0,2.05016570599134e-05,0.000506456869484299,5.18817327677372e-05,0.00630226666729572,1.53098513890892e-05,0,2.05016570599134e-05,0.00630226666727493
30,0,2.05147120186197e-05,0.000506464086102044,0.000347057899825433,0.0924051635256012,1.45119157783924e-05,5.49352600076602e-07,2.05147120186197e-05,0.0924051635255606
31,0,2.0544296815248e-05,0.000506459048651954,5.20074481552599e-05,0.00632696972240773,1.52871689780287e-05,0,2.0544296815248e-05,0.00632696972238694
32,0,2.06488513355989e-05,0.00050646420527058,5.22503259274838e-05,0.00634224480920657,1.5179027499812e-05,0,2.06488513355988e-05,0.00634224480918578
33,0,2.06616876445166e-05,0.000506471403282002,0.000346878314240352,0.0923570685889993,1.43838478342539e-05,7.02790211803972e-07,2.06616876445166e-05,0.0923570685889587
34,0,2.38918896652087e-05,0.000506624450129632,6.25073221446783e-05,0.00866281743386218,1.39293440400978e-05,0,2.38918896652086e-05,0.00866281743407798
35,0,1.74128957554505e-05,0.000504792054268919,6.51629796162919e-05,0.0110399375743451,1.38020579709686e-06,3.98475454188585e-07,1.74128957554391e-05,0.0110399375745386
36,0,1.74108083046457e-05,0.000504798695327751,0.000335182774644934,0.0895989730746339,1.46363372288683e-06,0,1.74108083046344e-05,0.0895989730746513
37,0,1.74129402894045e-05,0.000504792220767053,6.51729387395335e-05,0.0110414005920762,1.36682081330886e-06,3.89594066785293e-07,1.74129402893931e-05,0.0110414005922697
