group,label,model,order,delta,h,noise,amp,seed,rtol,atol,complete,status,last,calls,parts,seconds,xd,x,g,gpeak,residual,respeak,obs,prediction,predpeak,speed,bias,reason
zero,M8a-FD1 d1e-04 h1e-05 o1 zero A0e+00 seed1,M8a-FD1,1,0.0001,1e-05,zero,0,1,1e-11,1e-13,1,complete,10,38245,76392,8.7338231,2.96605078102569e-09,0.00050643720294653,9.85316166577662e-09,1.60100848955096e-06,4.54173859328503e-09,9.13426729879842e-09,4.54173859328503e-09,0.000219121360757519,0.051891877809834,4735.70843505994,0.000506437867976544,
zero,M8a-BDF2 d1e-04 h1e-04 o2 zero A0e+00 seed1,M8a-BDF2,2,0.0001,0.0001,zero,0,1,1e-11,1e-13,1,complete,10,38506,115141,10.1708577,1.71271950850288e-11,0.000506437868281813,4.84190689242703e-11,1.10717957559639e-08,1.64243634030051e-11,2.87364507964136e-11,1.64243634030051e-11,1.18224378785125e-06,0.000359858737490855,4735.7083225046,0.000506437867976544,
zero,M8a-BDF2 d1e-04 h1e-05 o2 zero A0e+00 seed1,M8a-BDF2,2,0.0001,1e-05,zero,0,1,1e-11,1e-13,1,complete,10,37795,113104,9.8446942,2.3967919137525e-13,0.000506437867984786,9.91854240325126e-13,1.30653881631302e-10,2.66738632931354e-13,1.65919751396169e-12,2.66738632931354e-13,1.17400594833566e-08,3.47671317526834e-06,4735.70832238982,0.000506437867976544,
zero,M8a-BDF2 d1e-04 h1e-06 o2 zero A0e+00 seed1,M8a-BDF2,2,0.0001,1e-06,zero,0,1,1e-11,1e-13,1,complete,10,39429,118036,6.3953742,4.4410341409719e-13,0.000506437867991821,1.68151480299901e-12,3.83695290173044e-10,5.00928606850736e-13,1.91415182643296e-12,5.00928606850736e-13,3.99672905110802e-08,1.43821029213979e-05,4735.70832069683,0.000506437867976544,
zero,VFCR-FD d1e-04 h1e-05 o1 zero A0e+00 seed1,VFCR-FD,1,0.0001,1e-05,zero,0,1,1e-11,1e-13,1,complete,10,41758,83402,6.0730429,5.69588026450082e-07,0.000506332227650743,1.0416730039294e-06,6.3647064552393e-05,8.41119458544272e-07,2.31304822204069e-06,8.41119458544272e-07,0.00378988286544064,1.08571595845734,4735.79125274307,0.000506437867976544,
zero,VFCR-FD d1e-04 h1e-05 o2 zero A0e+00 seed1,VFCR-FD,2,0.0001,1e-05,zero,0,1,1e-11,1e-13,1,complete,10,41377,123818,6.5959658,3.01572541830126e-11,0.000506437872074997,9.19170191522808e-11,1.7596243901928e-08,3.24707857328249e-11,9.57347806230872e-11,3.24707857328249e-11,1.08614873613093e-06,0.000290301333467686,4735.70831964466,0.000506437867976544,
zero,VFCR-S d1e-04 h1e-05 o2 zero A0e+00 seed1,VFCR-S,2,0.0001,1e-05,zero,0,1,1e-11,1e-13,1,complete,10,41727,41727,6.5805129,1.93668125248173e-11,0.000506437868554068,5.54554054073662e-11,5.18319784452663e-09,2.28768144947388e-11,8.59460444605686e-11,2.28768144947388e-11,3.23527972111074e-07,8.64160476577261e-05,4735.70832208639,0.000506437867976544,
delta,M8a-BDF2 d1e-05 h1e-05 o2 zero A0e+00 seed1,M8a-BDF2,2,1e-05,1e-05,zero,0,1,1e-11,1e-13,1,complete,10,40431,121016,7.6503108,2.81359554585202e-13,8.59621190934151e-05,8.96679036977916e-12,5.3330096353337e-09,3.14021257202072e-13,1.9224486334825e-12,3.14021257202072e-13,9.58333172618424e-07,0.000881591954651622,46631.0134838185,8.596211908853e-05,
delta,VFCR-FD d1e-05 h1e-05 o2 zero A0e+00 seed1,VFCR-FD,2,1e-05,1e-05,zero,0,1,1e-11,1e-13,1,complete,10,44733,133886,9.6024894,3.25405502668679e-11,8.59621218413004e-05,2.08871176430292e-10,1.75759862191484e-07,3.42699516500799e-11,9.04522631869298e-11,3.42699516500799e-11,3.48433293298237e-05,0.029388745418353,46631.0142903146,8.596211908853e-05,
delta,VFCR-S d1e-05 h1e-05 o2 zero A0e+00 seed1,VFCR-S,2,1e-05,1e-05,zero,0,1,1e-11,1e-13,1,complete,10,45344,45344,7.9415387,2.36026320096647e-11,8.59621193730922e-05,8.92880327287674e-11,6.19458611724343e-08,2.74567793982659e-11,8.55389570910325e-11,2.74567793982659e-11,1.23113267492178e-05,0.0103403906784031,46631.0137833775,8.596211908853e-05,
delta,M8a-BDF2 d1e-06 h1e-05 o2 zero A0e+00 seed1,M8a-BDF2,2,1e-06,1e-05,zero,0,1,1e-11,1e-13,1,complete,10,42072,125938,6.8530181,3.01142137672315e-13,1.49274513880408e-05,7.70130861683272e-11,5.42807269757023e-08,3.39351025570628e-13,3.91870894345855e-12,3.39351025570628e-13,3.72122970560486e-05,0.104016079582363,461338.229978035,1.4927451383018e-05,
delta,VFCR-FD d1e-06 h1e-05 o2 zero A0e+00 seed1,VFCR-FD,2,1e-06,1e-05,zero,0,1,1e-11,1e-13,1,complete,10,46189,138254,13.4154408,3.54802240071642e-11,1.49274531404189e-05,6.32861636842818e-10,1.75394946493974e-06,3.67697578776233e-11,9.3071519935958e-11,3.67697578776233e-11,0.0011108432132569,2.90769580224087,461339.082761705,1.4927451383018e-05,
delta,VFCR-S d1e-06 h1e-05 o2 zero A0e+00 seed1,VFCR-S,2,1e-06,1e-05,zero,0,1,1e-11,1e-13,1,complete,10,47180,47180,9.9045753,2.59645308586646e-11,1.4927451481053e-05,2.16340688721938e-10,5.47763077241098e-07,2.96525478063527e-11,8.41075025975199e-11,2.96525478063527e-11,0.000346020944177968,0.909831620393709,461338.470755057,1.4927451383018e-05,
noise,M8a-FD1 d1e-04 h1e-05 o1 colored A1e-05 seed1,M8a-FD1,1,0.0001,1e-05,colored,1e-05,1,1e-08,1e-10,1,complete,10,70096,140150,16.4650939,2.05049326947499e-05,0.000506450404093906,5.18159425663807e-05,0.00630594519195983,2.67933267004492e-05,4.34840936071537e-05,7.11047637827008e-09,0.393333036646388,105.358796856295,4736.48017195373,0.000506437867976544,
noise,M8a-BDF2 d1e-04 h1e-05 o2 colored A1e-05 seed1,M8a-BDF2,2,0.0001,1e-05,colored,1e-05,1,1e-08,1e-10,1,complete,10,70076,210105,19.2896092,2.05016832129941e-05,0.000506450943429533,5.18039001176166e-05,0.00630269820708043,2.67891168249934e-05,4.347477229798e-05,6.83123775511569e-11,0.393130372000541,105.352953613216,4736.48042328371,0.000506437867976544,
noise,M8-reg d1e-04 h1e-05 o2 colored A1e-05 seed1,M8-reg,2,0.0001,1e-05,colored,1e-05,1,1e-08,1e-10,1,complete,10,70147,210318,21.6362408,2.0514721692725e-05,0.000506458143979267,0.000347045228626288,0.0924045387959483,2.68046512288993e-05,0.000188483195662507,9.62957500600241e-07,6.47747669920802,2229.39002384968,2731.8849018883,0.000506437867976544,
noise,VFCR-FD d1e-04 h1e-05 o2 colored A1e-05 seed1,VFCR-FD,2,0.0001,1e-05,colored,1e-05,1,1e-08,1e-10,1,complete,10,71751,215085,23.9531922,2.05021985367391e-05,0.000506451073929886,5.18069826381374e-05,0.00630410142393779,2.67897941218484e-05,4.34757705301785e-05,1.16610650180476e-09,0.393216638745925,105.376347673419,4736.48051492079,0.000506437867976544,
noise,M8a-FD1 d1e-04 h1e-05 o1 colored A1e-05 seed2,M8a-FD1,1,0.0001,1e-05,colored,1e-05,2,1e-08,1e-10,1,complete,10,68334,136626,15.1056431,1.6814528744432e-05,0.000506646500327154,3.91952943382727e-05,0.00372034726741915,2.40363123060289e-05,4.79162667468022e-05,6.70342204936101e-09,0.229145551744387,63.9064918827256,4741.57587006396,0.000506437867976544,
noise,M8a-BDF2 d1e-04 h1e-05 o2 colored A1e-05 seed2,M8a-BDF2,2,0.0001,1e-05,colored,1e-05,2,1e-08,1e-10,1,complete,10,68463,205266,19.5804582,1.68118276091354e-05,0.000506647056458115,3.91906803392911e-05,0.00372057801473287,2.40324561138968e-05,4.79033392588289e-05,7.27452390274076e-11,0.229155784073956,63.9053984657042,4741.57397906119,0.000506437867976544,
noise,M8-reg d1e-04 h1e-05 o2 colored A1e-05 seed2,M8-reg,2,0.0001,1e-05,colored,1e-05,2,1e-08,1e-10,1,complete,10,68279,204714,19.6230398,1.68395317790594e-05,0.000506654661024031,0.0003722408013906,0.0981370884060802,2.4052853473518e-05,0.000200240907114466,9.63729564205952e-07,6.61789088735747,2235.49900583508,2733.19087932744,0.000506437867976544,
noise,VFCR-FD d1e-04 h1e-05 o2 colored A1e-05 seed2,VFCR-FD,2,0.0001,1e-05,colored,1e-05,2,1e-08,1e-10,1,complete,10,71361,213915,24.4852378,1.68122886604103e-05,0.000506647182230107,3.91899037345803e-05,0.0037191716882431,2.40331127975275e-05,4.79043613050641e-05,1.21215169578583e-09,0.229069486885825,63.8818340859813,4741.5744316578,0.000506437867976544,
noise,M8a-FD1 d1e-04 h1e-05 o1 colored A1e-05 seed3,M8a-FD1,1,0.0001,1e-05,colored,1e-05,3,1e-08,1e-10,1,complete,10,74069,148096,16.6688933,2.08320324850944e-05,0.000506628742340742,4.43385632817793e-05,0.00222433349071235,2.56056393181975e-05,5.02583615143769e-05,6.66893063614588e-09,0.143637577107133,40.9483164544481,4744.32705890816,0.000506437867976544,
noise,M8a-BDF2 d1e-04 h1e-05 o2 colored A1e-05 seed3,M8a-BDF2,2,0.0001,1e-05,colored,1e-05,3,1e-08,1e-10,1,complete,10,74101,222180,21.5151951,2.08290276004743e-05,0.000506629292982829,4.43323126357765e-05,0.00222557626501934,2.56018484442983e-05,5.02448131118586e-05,5.69962453464409e-11,0.143696565596262,40.9472127878167,4744.32491539019,0.000506437867976544,
noise,M8-reg d1e-04 h1e-05 o2 colored A1e-05 seed3,M8-reg,2,0.0001,1e-05,colored,1e-05,3,1e-08,1e-10,1,complete,10,74109,222204,18.1871514,2.08509859686792e-05,0.000506636870713558,0.000368283300058028,0.0971525451305976,2.56202876791555e-05,0.000198050523512682,9.63082652838194e-07,6.58919915774549,2231.99159797859,2735.37442273009,0.000506437867976544,
noise,VFCR-FD d1e-04 h1e-05 o2 colored A1e-05 seed3,VFCR-FD,2,0.0001,1e-05,colored,1e-05,3,1e-08,1e-10,1,complete,10,75658,226809,15.3655372,2.08294707137781e-05,0.000506629440721034,4.4332663965182e-05,0.0022244103966302,2.56024228269246e-05,5.0246885654192e-05,1.07812878250518e-09,0.143628075333485,40.9277726598845,4744.32532994284,0.000506437867976544,
amplitude,M8a-BDF2 d1e-04 h1e-05 o2 colored A1e-07 seed1,M8a-BDF2,2,0.0001,1e-05,colored,1e-07,1,1e-08,1e-10,1,complete,10,37492,112353,7.1433808,2.05015493037941e-07,0.000506433880714362,5.18051693779933e-07,6.30357603911634e-05,2.67888128204239e-07,4.34768957284924e-07,2.9025082099934e-11,0.00393175872674865,1.05354823795566,4735.71696296894,0.000506437867976544,
amplitude,M8-reg d1e-04 h1e-05 o2 colored A1e-07 seed1,M8-reg,2,0.0001,1e-05,colored,1e-07,1,1e-08,1e-10,1,complete,10,37190,111447,8.5644943,9.32363890775886e-07,0.000506441380501429,0.000360229412669852,0.0959488446045709,9.98780241993358e-07,0.000194645612736465,9.62676216461332e-07,6.56547594266101,2233.98986703858,2731.16523814731,0.000506437867976544,
amplitude,VFCR-FD d1e-04 h1e-05 o2 colored A1e-07 seed1,VFCR-FD,2,0.0001,1e-05,colored,1e-07,1,1e-08,1e-10,1,complete,10,43896,131523,11.7804076,2.05086221839028e-07,0.000506434256046486,5.203726871508e-07,6.45680983292322e-05,2.67998753128003e-07,4.35193906027792e-07,8.32402582132916e-10,0.00402580728722205,1.07909678503723,4735.71700515581,0.000506437867976544,
step,M8a-BDF2 d1e-04 h1e-04 o2 colored A1e-05 seed1,M8a-BDF2,2,0.0001,0.0001,colored,1e-05,1,1e-08,1e-10,1,complete,10,70111,210137,20.25422,2.05019709420417e-05,0.000506450966417829,5.18039588982278e-05,0.00630226666729572,2.67894905731954e-05,4.34751289992608e-05,4.13106910514916e-09,0.393116775771389,105.352786498865,4736.48003993356,0.000506437867976544,
step,M8-reg d1e-04 h1e-04 o2 colored A1e-05 seed1,M8-reg,2,0.0001,0.0001,colored,1e-05,1,1e-08,1e-10,1,complete,10,70145,210239,20.1605334,2.05150097307131e-05,0.000506458166318296,0.000347048137879119,0.0924051127626122,2.68050250225429e-05,0.000188485144608804,9.62978115928705e-07,6.47750179345133,2229.39560036683,2731.88220932118,0.000506437867976544,
step,VFCR-FD d1e-04 h1e-04 o2 colored A1e-05 seed1,VFCR-FD,2,0.0001,0.0001,colored,1e-05,1,1e-08,1e-10,1,complete,10,71764,215080,24.3419473,2.05446108841862e-05,0.000506453137696674,5.19294755557897e-05,0.00632696972240773,2.68452156129042e-05,4.35591589975112e-05,7.3359777335316e-08,0.394641326883601,105.760211970043,4736.47378809646,0.000506437867976544,
step,M8a-BDF2 d1e-04 h1e-03 o2 colored A1e-05 seed1,M8a-BDF2,2,0.0001,0.001,colored,1e-05,1,1e-08,1e-10,1,complete,10,70383,210863,21.5727927,2.06491647698388e-05,0.000506458303387138,5.2171925680104e-05,0.00634224480920657,2.6982938420543e-05,4.37275712798181e-05,3.75359620113726e-07,0.396703762962136,105.495711830999,4736.42651163984,0.000506437867976544,
step,M8-reg d1e-04 h1e-03 o2 colored A1e-05 seed1,M8-reg,2,0.0001,0.001,colored,1e-05,1,1e-08,1e-10,1,complete,10,70407,210935,20.5474294,2.06619848433625e-05,0.000506465484703386,0.000346868376253551,0.0923570036814011,2.69983447135721e-05,0.000188423114170066,1.03284311206276e-06,6.47556520782764,2228.99020790449,2731.98040022548,0.000506437867976544,
step,VFCR-FD d1e-04 h1e-03 o2 colored A1e-05 seed1,VFCR-FD,2,0.0001,0.001,colored,1e-05,1,1e-08,1e-10,1,complete,10,74439,223025,24.512845,2.38922224681953e-05,0.00050661753216813,6.24177767494432e-05,0.00866281743386218,3.12132401329475e-05,5.02455801951458e-05,6.71907136231801e-06,0.53956655795389,144.420643351362,4736.4833491225,0.000506437867976544,
constant,M8a-BDF2 d1e-04 h1e-05 o2 constant A1e-05 seed1,M8a-BDF2,2,0.0001,1e-05,constant,1e-05,1,1e-08,1e-10,1,complete,10,12105,36192,3.938632,1.74129197888633e-05,0.000504789632439491,6.51568024450329e-05,0.0110399331752027,2.6457514527364e-05,2.64580342623434e-05,1.74685219303092e-10,0.68148413475564,183.801037258813,4734.57146999957,0.000506437867976544,
constant,M8-reg d1e-04 h1e-05 o2 constant A1e-05 seed1,M8-reg,2,0.0001,1e-05,constant,1e-05,1,1e-08,1e-10,1,complete,10,12199,36474,3.5687422,1.74108337877292e-05,0.000504796255353017,0.000335182775108284,0.0895989730746339,2.64714187192458e-05,0.000184275504154663,9.62092384631313e-07,6.40942698580182,2225.17675784601,2731.20652063556,0.000506437867976544,
constant,VFCR-FD d1e-04 h1e-05 o2 constant A1e-05 seed1,VFCR-FD,2,0.0001,1e-05,constant,1e-05,1,1e-08,1e-10,1,complete,10,16174,48354,5.0822502,1.74129640898063e-05,0.000504789798703655,6.51667531380793e-05,0.0110413962904137,2.64575482121285e-05,2.64732153855946e-05,5.967187048554e-09,0.681574763102851,183.825281908626,4734.57206950557,0.000506437867976544,
