origin,group,label,rtol,atol,delta,calls,seconds,xd,x,g,gpeak,residual,file
old,precision,M3,1e-09,1e-11,0.0001,15285,1.6561992,0.000454672639610325,0.000676028380970741,0.00746945133461404,0.483759225623956,0.0186938256582935,experiments/gnn_predictor_20261006/data/run_05.mat
old,precision,M5,1e-09,1e-11,0.0001,15860,2.2061874,9.22964331348346e-07,0.000506444740808148,0.000364220842232634,0.0968315465845459,0.000196378040663662,experiments/gnn_predictor_20261006/data/run_06.mat
old,precision,M6 k0.05,1e-09,1e-11,0.0001,19100,2.2583082,1.20362710861393e-05,0.000506704668491694,5.65043698855703e-05,0.0143891274987511,1.67865259577897e-05,experiments/gnn_predictor_20261006/data/run_07.mat
old,precision,M6 k0.01,1e-09,1e-11,0.0001,16727,2.8140745,2.40654366960839e-06,0.000506467674512436,9.97182691028273e-06,0.00240517503689009,3.04275513238575e-06,experiments/gnn_predictor_20261006/extra/run_01.mat
old,precision,M7,1e-09,1e-11,0.0001,18811,2.6828164,1.65658562204896e-05,0.00050640690149487,4.99667320276997e-05,0.0119278948065053,1.75479486735544e-05,experiments/gnn_predictor_20261006/data/run_08.mat
old,precision,VFCR-S,1e-09,1e-11,0.0001,20514,4.4391285,8.55213934648582e-10,0.000506437888722306,2.53268982318114e-09,2.26724599951194e-07,4.0887650484524e-09,experiments/gnn_predictor_20261006/vfcr/run_02.mat
new,precision,M8,1e-09,1e-11,0.0001,15786,5.6455867,2.9462381753622e-09,0.000506437208021903,2.84590233475979e-08,9.79761700487122e-06,1.31508885509614e-08,experiments/gnn_m8_20261007/data/run_03.mat
new,precision,M8a,1e-09,1e-11,0.0001,16644,4.5692388,2.96604227597174e-09,0.000506437202921356,9.86418771493136e-09,1.60290154749253e-06,9.13422023402616e-09,experiments/gnn_m8_20261007/data/run_04.mat
new,ablation,M8a fixed,1e-09,1e-11,0.0001,15742,2.7789807,2.94750904238246e-09,0.000506437207251779,1.05870123696251e-08,2.02312502285426e-06,9.12811665859176e-09,experiments/gnn_m8_20261007/data/run_05.mat
new,ablation,M8 lp1e-9,1e-09,1e-11,0.0001,15806,3.4758472,3.02010621511284e-09,0.000506437214880831,3.29059115414672e-07,0.000115145145145362,1.4905191798055e-07,experiments/gnn_m8_20261007/data/run_06.mat
new,ablation,M8 lp1e-8,1e-09,1e-11,0.0001,15755,3.7153396,7.96330510233815e-09,0.000506437283312958,3.33752210347443e-06,0.00116369271892351,1.50725900340717e-06,experiments/gnn_m8_20261007/data/run_07.mat
new,ablation,M8 h1e-6,1e-09,1e-11,0.0001,15197,3.9592936,3.02215711488844e-10,0.000506437802684665,3.29126731834819e-08,1.15189067991487e-05,1.49103943730876e-08,experiments/gnn_m8_20261007/data/run_08.mat
new,ablation,M8a h1e-6,1e-09,1e-11,0.0001,16698,4.0929507,2.96768444435782e-10,0.000506437801481228,9.96526849571284e-10,1.61905478134134e-07,9.13959756204923e-10,experiments/gnn_m8_20261007/data/run_09.mat
