group,label,model,rtol,atol,h,correct,complete,calls,parts,seconds,xd,x,g,residual,residualrmse,xdpeak,gpeak,prediction,predictionpeak,oraclepeak,speed,feedback,sigma,lcmin,lcmax,lpmin,lpmax,balance,condition,equality,inequality,tc4,tc6
main,M8,M8,1e-07,1e-09,1e-05,fixed,1,7882,15764,3.2600899,3.30809931972798e-09,0.000506437212490206,2.87012579468183e-08,1.32973404533525e-08,4.91373795673534e-09,1.88259867537644e-08,9.74097196221848e-06,0.000905359287842911,0.402155898289457,0.38017728525808,4735.40971552219,199.996935280467,0.00107224099519485,1e-06,1e-06,1e-10,1e-10,0.000441628640258619,0.000284445118673326,1.03102641979547e-08,0,0.0095,0.0095
main,M8a,M8A,1e-07,1e-09,1e-05,adaptive,1,8851,17702,2.673022,3.40654649838344e-09,0.000506437202946344,1.11166382311346e-08,1.34314785664062e-08,4.97744331160761e-09,1.33564611276571e-08,1.6971777340313e-06,0.000222868408428941,0.0529052772308991,0.0316972104103902,4735.70651519806,199.996926661721,0.0010722409115372,1.14970057237413e-08,0.00253454117016975,0,0,6.42320967727858e-13,0.000284445113993664,1.24438533921634e-08,0,0.0095,0.0095
precision,M8,M8,1e-09,1e-11,1e-05,fixed,1,15786,31572,5.6455867,2.9462381753622e-09,0.000506437208021903,2.84590233475979e-08,1.31508885509614e-08,4.52950210055695e-09,1.8535143927095e-08,9.79761700487122e-06,0.00090705785889439,0.402892300407624,0.38017728525808,4735.41134562544,199.996935280467,0.00107224099384946,1e-06,1e-06,1e-10,1e-10,0.000441628643208729,0.000284445117816257,7.8585796758901e-09,0,0.0095,0.0095
precision,M8a,M8A,1e-09,1e-11,1e-05,adaptive,1,16644,33288,4.5692388,2.96604227597174e-09,0.000506437202921356,9.86418771493136e-09,9.13422023402616e-09,4.54203065642293e-09,1.30973876278226e-08,1.60290154749253e-06,0.000219190566853757,0.0519106237403756,0.0316972104103902,4735.70839700467,199.996926661721,0.00107224090991587,1.14970056889721e-08,0.00253454117014239,0,0,8.53198846030205e-13,0.000284445113187884,3.02573832655639e-09,0,0.0095,0.0095
ablation,M8a fixed,M8A,1e-09,1e-11,1e-05,fixed,1,15742,31484,2.7789807,2.94750904238246e-09,0.000506437207251779,1.05870123696251e-08,9.12811665859176e-09,4.52935237338536e-09,1.29945746222224e-08,2.02312502285426e-06,0.000225144487257283,0.055643282842617,0.0316972104103902,4735.71868628077,199.996935280467,0.0010722409064506,1e-06,1e-06,0,0,6.78313560196151e-13,0.000284445113026316,3.000567683209e-09,0,0.0095,0.0095
ablation,M8 lp1e-9,M8,1e-09,1e-11,1e-05,fixed,1,15806,31612,3.4758472,3.02010621511284e-09,0.000506437214880831,3.29059115414672e-07,1.4905191798055e-07,4.56261552141127e-09,2.31482944411426e-07,0.000115145145145362,0.0100272446306356,4.41701930645591,4.08382589331877,4732.64638135391,199.996935280467,0.00107224206939851,1e-06,1e-06,1e-09,1e-09,0.00441282659500671,0.000284445237641005,1.04195524763817e-07,0,0.0095,0.0095
ablation,M8 lp1e-8,M8,1e-09,1e-11,1e-05,fixed,1,15755,31510,3.7153396,7.96330510233815e-09,0.000506437283312958,3.33752210347443e-06,1.50725900340717e-06,7.23073166756989e-09,2.35097267005004e-06,0.00116369271892351,0.100818019329757,44.1877094928889,40.8041431848838,4705.09790955378,199.996935280467,0.00107228093172083,1e-06,1e-06,1e-08,1e-08,0.0437829673334552,0.000284453897747454,1.0648552329906e-06,0,0.0095,9.74436145439319
ablation,M8 h1e-6,M8,1e-09,1e-11,1e-06,fixed,1,15197,30394,3.9592936,3.02215711488844e-10,0.000506437802684665,3.29126731834819e-08,1.49103943730876e-08,4.56917576993139e-10,2.31612470222918e-08,1.15189067991487e-05,0.00100327159315967,0.442074163292797,0.40870551882585,4735.40198832721,199.996935280467,0.00107224103726275,1e-06,1e-06,1e-10,1e-10,0.000441625953984014,0.000284445124914794,1.04227645403299e-08,0,0.0095,0.0095
ablation,M8a h1e-6,M8A,1e-09,1e-11,1e-06,adaptive,1,16698,33396,4.0929507,2.96768444435782e-10,0.000506437801481228,9.96526849571284e-10,9.13959756204923e-10,4.54732056552515e-10,1.30856531152596e-09,1.61905478134134e-07,2.19733608571549e-05,0.00520501078697354,0.00316645132576751,4735.70829324805,199.996926661721,0.00107224094902639,1.14970065276902e-08,0.00253454117013522,0,0,6.70356744228939e-13,0.00028444511982626,3.14606785067895e-10,0,0.0095,0.0095
