model,rtol,atol,calls,interpolation,metric,weighted,xd,x,g,gpeak,residual
M8,1e-07,1e-09,7882,0,0,1.0842021724855e-19,3.30809931972798e-09,0.000506437212490206,2.87012579468183e-08,9.74097196221848e-06,1.32973404533525e-08
M8a,1e-07,1e-09,8851,0,0,3.30872245021211e-24,3.40654649838344e-09,0.000506437202946344,1.11166382311346e-08,1.6971777340313e-06,1.34314785664062e-08
M8,1e-09,1e-11,15786,0,0,5.42101086242752e-19,2.9462381753622e-09,0.000506437208021904,2.84590233475979e-08,9.79761700487122e-06,1.31508885509614e-08
M8a,1e-09,1e-11,16644,0,0,1.0842021724855e-19,2.96604227597174e-09,0.000506437202921356,9.86418771493136e-09,1.60290154749253e-06,9.13422023402616e-09
M8a fixed,1e-09,1e-11,15742,0,0,4.33680868994202e-19,2.94750904238246e-09,0.00050643720725178,1.05870123696251e-08,2.02312502285426e-06,9.12811665859176e-09
M8 lp1e-9,1e-09,1e-11,15806,0,0,1.0842021724855e-19,3.02010621511284e-09,0.000506437214880831,3.29059115414672e-07,0.000115145145145362,1.4905191798055e-07
M8 lp1e-8,1e-09,1e-11,15755,0,0,2.16840434497101e-19,7.96330510233815e-09,0.000506437283312959,3.33752210347443e-06,0.00116369271892351,1.50725900340717e-06
M8 h1e-6,1e-09,1e-11,15197,0,0,5.42101086242752e-19,3.02215711488844e-10,0.000506437802684666,3.29126731834819e-08,1.15189067991487e-05,1.49103943730876e-08
M8a h1e-6,1e-09,1e-11,16698,0,0,4.33680868994202e-19,2.96768444435782e-10,0.000506437801481229,9.96526849571284e-10,1.61905478134134e-07,9.13959756204923e-10
