model,rtol,xd,x,g,gpeak,residual,xdrelative,xrelative,grelative,peakrelative,residualrelative
M8,1e-07,3.30877079447578e-09,0.000506440315747023,2.87053384975985e-08,9.74097196221848e-06,1.35007852191931e-08,0.000202979016920725,6.12762399764579e-06,0.000142173238115326,0,0.0152996583455401
M8a,1e-07,3.40614753783343e-09,0.000506440309583222,1.11127548393423e-08,1.6971777340313e-06,1.34314785664062e-08,0.000117115838636098,6.13429831050619e-06,0.000349331489577245,0,0
M8,1e-09,2.94620809731847e-09,0.000506440311848689,2.84602549588556e-08,9.79809440850573e-06,1.31508885509614e-08,1.02089654469188e-05,6.12874949954611e-06,4.32766522831409e-05,4.87265050539432e-05,0
M8a,1e-09,2.96601536086108e-09,0.000506440306750015,9.86750232016739e-09,1.60290154749253e-06,9.13422023402616e-09,9.07441909290957e-06,6.12875325936233e-06,0.000336024144290221,0,0
M8a fixed,1e-09,2.9474993833548e-09,0.000506440311093276,1.05902041416282e-08,2.02335001281461e-06,9.12818395125473e-09,3.27701375190522e-06,6.12877855666996e-06,0.0003014799540929,0.000111209123416704,7.37202048180789e-06
M8 lp1e-9,1e-09,3.02006134901077e-09,0.000506440318713456,3.29059309358712e-07,0.000115145145145362,1.49060416052785e-07,1.48558027019025e-05,6.12876094711766e-06,5.89389658856902e-07,0,5.70141756629403e-05
M8 lp1e-8,1e-09,7.96316962898081e-09,0.000506440387349025,3.33752232757242e-06,0.00116369271892351,1.50730424166831e-06,1.70122022948417e-05,6.12916183061927e-06,6.71450210631875e-08,0,3.0013594900183e-05
M8 h1e-6,1e-09,3.02197682933424e-10,0.000506440906424597,3.2912687383405e-08,1.15189067991487e-05,1.49109763029692e-08,5.96545935047452e-05,6.12857080366606e-06,4.31442412488985e-07,0,3.90284701421068e-05
M8a h1e-6,1e-09,2.96759577745979e-10,0.000506440905249668,9.96756441699574e-10,1.61905478134134e-07,9.14000743217662e-10,2.98774683421552e-05,6.12862711011169e-06,0.000230392315459994,0,4.48455333629354e-05
