model,rtol,densexd,coarsexd,denseg,coarseg,densegpeak,coarsegpeak,denseresidual,coarseresidual
M8,1e-07,3.30809931972798e-09,3.29348032747371e-09,2.87012579468183e-08,9.14625082862476e-09,9.74097196221848e-06,6.49017345695142e-08,1.32973404533525e-08,1.23142628946055e-08
M8a,1e-07,3.40654649838344e-09,3.38517536204801e-09,1.11166382311346e-08,9.36821796290367e-09,1.6971777340313e-06,6.73735782755838e-08,1.34314785664062e-08,1.31554206099771e-08
M8,1e-09,2.9462381753622e-09,2.93791445585133e-09,2.84590233475979e-08,7.89930296941443e-09,9.79761700487122e-06,6.84086421768703e-08,1.31508885509614e-08,9.12805815072557e-09
M8a,1e-09,2.96604227597174e-09,2.95789386607394e-09,9.86418771493136e-09,7.97632731154739e-09,1.60290154749253e-06,6.96379303866925e-08,9.13422023402616e-09,9.1341062334894e-09
M8a fixed,1e-09,2.94750904238246e-09,2.93947948419745e-09,1.05870123696251e-08,7.91254173857976e-09,2.02312502285426e-06,6.90150625527761e-08,9.12811665859176e-09,9.12811665859176e-09
M8 lp1e-9,1e-09,3.02010621511284e-09,2.92631265855465e-09,3.29059115414672e-07,7.79424065609133e-09,0.000115145145145362,6.26502184736292e-08,1.4905191798055e-07,9.12767324785594e-09
M8 lp1e-8,1e-09,7.96330510233815e-09,2.83852362111991e-09,3.33752210347443e-06,7.06465432485483e-09,0.00116369271892351,3.4139704160443e-08,1.50725900340717e-06,9.12312102459658e-09
M8 h1e-6,1e-09,3.02215711488844e-10,2.92926789747088e-10,3.29126731834819e-08,7.88242133812854e-10,1.15189067991487e-05,6.22755148862994e-09,1.49103943730876e-08,9.12336319983812e-10
M8a h1e-6,1e-09,2.96768444435782e-10,2.96021006046643e-10,9.96526849571284e-10,8.05852990759959e-10,1.61905478134134e-07,6.91640688618558e-09,9.13959756204923e-10,9.13303515944764e-10
