id,source,group,model,noise,seed,status,oldstatus,same,complete,oldcomplete,seconds,oldseconds,calls,oldcalls,callsdiff,trajectory,samples,rmse,oldrmse,rmsediff,rmsed,oldrmsed,rmseddiff,residual,oldresidual,residualdiff,equality,oldequality,equalitydiff,inequality,oldinequality,inequalitydiff,full,oldfull,fulldiff
1,1,scan,M1,zero,1,complete,complete,1,1,1,1.0645317,0.3406914,26514,26514,0,0,14007,483.369198140974,483.369198140974,5.6843418860808e-14,483.369244653906,483.369244653906,2.8421709430404e-13,3786.03545701814,3786.03545701814,3.63797880709171e-12,929.457593937765,929.457593937765,1.13686837721616e-13,710.554908728105,710.554908728105,4.54747350886464e-13,1608.14327930274,1608.14327930274,3.18323145620525e-12
2,2,scan,VFCR,zero,1,budget,budget,1,0,0,21.0762455,19.3309968,500001,500001,0,0,13664,NaN,NaN,NaN,NaN,NaN,NaN,NaN,NaN,NaN,NaN,NaN,NaN,NaN,NaN,NaN,NaN,NaN,NaN
3,3,scan,VFCR-S,zero,1,complete,complete,1,1,1,0.6091723,0.7537783,10375,10375,0,0,28014,0.000492494046331725,0.000492494046331725,4.33680868994202e-19,2.32514103979663e-06,2.32514103979663e-06,8.470329472543e-22,1.07525220684809e-05,1.07525220684809e-05,6.7762635780344e-21,8.80401208247505e-06,8.80401208247505e-06,5.0821976835258e-21,0,0,0,6.53172824411754e-06,6.53172824411754e-06,1.6940658945086e-21
4,4,scan,M2,zero,1,budget,budget,1,0,0,9.9218418,10.151437,500001,500001,0,0,8134,NaN,NaN,NaN,NaN,NaN,NaN,NaN,NaN,NaN,NaN,NaN,NaN,NaN,NaN,NaN,NaN,NaN,NaN
5,5,scan,M3,zero,1,complete,complete,1,1,1,0.2659573,0.220514,5868,5868,0,0,14007,0.00139251404435592,0.00139251404435592,2.81892564846231e-18,0.00130586421325483,0.00130586421325483,2.60208521396521e-18,0.0428079651491974,0.0428079651491974,0,0.0392483053436303,0.0392483053436303,2.77555756156289e-17,0,0,0,0.0173579757900667,0.0173579757900667,3.46944695195361e-17
6,6,scan,M3,zero,1,complete,complete,1,1,1,0.2188696,0.2899731,5880,5880,0,0,14007,0.00113115540137709,0.00113115540137709,2.38524477946811e-18,0.00102228189362274,0.00102228189362274,4.33680868994202e-18,0.0326450578293753,0.0326450578293753,1.38777878078145e-17,0.0298568316139469,0.0298568316139469,2.08166817117217e-17,0.0016868322181629,0.0016868322181629,3.68628738645072e-18,0.0173200093912741,0.0173200093912741,4.5102810375397e-17
7,7,scan,M3,zero,1,complete,complete,1,1,1,0.3109405,0.2660334,7653,7653,0,0,14007,0.000858127229474801,0.000858127229474801,3.25260651745651e-19,0.000699105871329737,0.000699105871329737,1.0842021724855e-19,0.026050071402783,0.026050071402783,3.46944695195361e-18,0.0180443151189982,0.0180443151189982,2.08166817117217e-17,0.00310199181423476,0.00310199181423476,1.30104260698261e-18,0.0180036279170773,0.0180036279170773,2.77555756156289e-17
8,8,scan,M2,zero,1,budget,budget,1,0,0,10.7284346,9.5255783,500001,500001,0,0,6083,NaN,NaN,NaN,NaN,NaN,NaN,NaN,NaN,NaN,NaN,NaN,NaN,NaN,NaN,NaN,NaN,NaN,NaN
9,9,scan,M3,zero,1,complete,complete,1,1,1,0.191662,0.182004,5400,5400,0,0,14007,0.000519904510837594,0.000519904510837594,3.25260651745651e-19,0.000169807046486461,0.000169807046486461,1.89735380184963e-19,0.00559675489057676,0.00559675489057676,0,0.00520068401525897,0.00520068401525897,1.73472347597681e-18,0,0,0,0.0126673170850329,0.0126673170850329,3.12250225675825e-17
10,10,scan,M3,zero,1,complete,complete,1,1,1,0.1745254,0.166235,5503,5503,0,0,14007,0.000506040568586262,0.000506040568586262,2.16840434497101e-19,0.0001206081091567,0.0001206081091567,1.49077798716757e-19,0.00402484280136817,0.00402484280136817,1.73472347597681e-18,0.00357690755619489,0.00357690755619489,3.90312782094782e-18,0,0,0,0.0126812884632727,0.0126812884632727,2.77555756156289e-17
11,11,scan,M3,zero,1,complete,complete,1,1,1,0.2618109,0.2038872,7517,7517,0,0,14007,0.000506926863955992,0.000506926863955992,0,0.000110195129159945,0.000110195129159945,4.74338450462408e-19,0.00382774447673893,0.00382774447673893,2.16840434497101e-18,0.00273131670984583,0.00273131670984583,2.60208521396521e-18,0,0,0,0.0144609909268924,0.0144609909268924,6.93889390390723e-18
12,12,scan,M4,zero,1,complete,complete,1,1,1,0.2917688,0.2902243,6857,6857,0,0,14007,0.000667864355321079,0.000667864355321079,2.16840434497101e-19,0.000466470465119762,0.000466470465119762,5.42101086242752e-20,0.0279318323640047,0.0279318323640047,3.12250225675825e-17,0.000405978433339449,0.000405978433339449,5.42101086242752e-20,0.0132063014667618,0.0132063014667618,2.77555756156289e-17,0.0130748514332611,0.0130748514332611,1.73472347597681e-17
13,13,scan,M4,zero,1,complete,complete,1,1,1,0.2763824,0.1974893,5801,5801,0,0,14007,0.000540000305724564,0.000540000305724564,3.25260651745651e-19,0.000237246852351078,0.000237246852351078,8.13151629364128e-20,0.0165872369655761,0.0165872369655761,3.46944695195361e-18,0.00104402024694306,0.00104402024694306,4.11996825544492e-18,0.00605830710160893,0.00605830710160893,1.73472347597681e-18,0.0101723097307581,0.0101723097307581,5.20417042793042e-18
14,14,scan,M4,zero,1,complete,complete,1,1,1,0.2793842,0.2841574,5983,5983,0,0,14007,0.00050986595427186,0.00050986595427186,4.33680868994202e-19,0.00014003550733884,0.00014003550733884,4.33680868994202e-19,0.0114613341836745,0.0114613341836745,1.73472347597681e-17,0.00261965168507661,0.00261965168507661,3.03576608295941e-18,0,0,0,0.0130855843775852,0.0130855843775852,2.77555756156289e-17
15,15,scan,M4,zero,1,complete,complete,1,1,1,0.3010426,0.2607377,6070,6070,0,0,14007,0.000503470448333087,0.000503470448333087,2.16840434497101e-19,0.000113367722357853,0.000113367722357853,3.3881317890172e-19,0.00931585647575992,0.00931585647575992,1.73472347597681e-18,0.00254334424096525,0.00254334424096525,8.67361737988404e-19,0,0,0,0.0102108138310221,0.0102108138310221,4.16333634234434e-17
16,16,scan,M4,zero,1,complete,complete,1,1,1,0.3552035,0.2939352,8254,8254,0,0,14007,0.000525118224273034,0.000525118224273034,2.16840434497101e-19,0.000173574076459863,0.000173574076459863,4.60785923306339e-19,0.0038860863080834,0.0038860863080834,0,0.00280356840246165,0.00280356840246165,3.46944695195361e-18,0,0,0,0.0150469063132584,0.0150469063132584,1.04083408558608e-17
17,17,scan,M4,zero,1,complete,complete,1,1,1,0.3507091,0.359785,8711,8711,0,0,14007,0.000510658185263841,0.000510658185263841,3.25260651745651e-19,0.000129434997533701,0.000129434997533701,4.87890977618477e-19,0.0037947651623784,0.0037947651623784,8.67361737988404e-19,0.00271757035849007,0.00271757035849007,3.46944695195361e-18,0,0,0,0.0140553587251136,0.0140553587251136,3.81639164714898e-17
18,18,scan,M2,zero,1,complete,complete,1,1,1,0.5331817,0.477975,20330,20330,0,0,14007,0.0304782520973907,0.0304782520973907,6.93889390390723e-18,0.0304022511457382,0.0304022511457382,3.81639164714898e-17,0.184974851356266,0.184974851356266,1.11022302462516e-16,0.112217686821543,0.112217686821543,2.35922392732846e-16,0.00562902069483728,0.00562902069483728,3.46944695195361e-18,0.257786443534407,0.257786443534407,4.44089209850063e-16
19,19,scan,M3,zero,1,complete,complete,1,1,1,0.2098896,0.1847245,5198,5198,0,0,14007,0.00160135596258992,0.00160135596258992,2.16840434497101e-19,0.0015280412684877,0.0015280412684877,4.55364912443912e-18,0.0432778370836515,0.0432778370836515,2.08166817117217e-17,0.0397924253454867,0.0397924253454867,4.16333634234434e-17,0,0,0,0.018497686237222,0.018497686237222,1.04083408558608e-17
20,20,scan,M3,zero,1,complete,complete,1,1,1,0.2231378,0.189545,5284,5284,0,0,14007,0.00137959774559519,0.00137959774559519,2.60208521396521e-18,0.00129361056616717,0.00129361056616717,1.95156391047391e-18,0.0331360879048355,0.0331360879048355,1.38777878078145e-17,0.0303289935481093,0.0303289935481093,4.85722573273506e-17,0.00176814153243754,0.00176814153243754,6.50521303491303e-19,0.0185049463880653,0.0185049463880653,2.08166817117217e-17
21,21,scan,M3,zero,1,complete,complete,1,1,1,0.2234877,0.1866881,6613,6613,0,0,14007,0.0020122669959566,0.0020122669959566,4.77048955893622e-18,0.0019146388013156,0.0019146388013156,1.51788304147971e-18,0.0283255841230562,0.0283255841230562,3.46944695195361e-18,0.0198120289150177,0.0198120289150177,4.5102810375397e-17,0.00303662075974276,0.00303662075974276,1.30104260698261e-18,0.0251891593650677,0.0251891593650677,2.42861286636753e-17
22,22,scan,M2,zero,1,complete,complete,1,1,1,0.4961236,0.4617144,20971,20971,0,0,14007,0.0200357821352154,0.0200357821352154,3.81639164714898e-17,0.0199699015893523,0.0199699015893523,2.42861286636753e-17,0.126356166945249,0.126356166945249,3.05311331771918e-16,0.0779139042062216,0.0779139042062216,2.77555756156289e-17,0.00440534163276296,0.00440534163276296,0,0.159208617649892,0.159208617649892,5.55111512312578e-17
23,23,scan,M3,zero,1,complete,complete,1,1,1,0.1918451,0.1484929,4941,4941,0,0,14007,0.000628100944596276,0.000628100944596276,1.0842021724855e-19,0.000396502395957246,0.000396502395957246,4.87890977618477e-19,0.00563666949379172,0.00563666949379172,8.67361737988404e-19,0.00524365442588048,0.00524365442588048,4.33680868994202e-18,0,0,0,0.0131954999158802,0.0131954999158802,1.38777878078145e-17
24,24,scan,M3,zero,1,complete,complete,1,1,1,0.1754001,0.1781959,5148,5148,0,0,14007,0.000618362971528045,0.000618362971528045,1.0842021724855e-19,0.000380440717145048,0.000380440717145048,2.71050543121376e-19,0.0041730819072031,0.0041730819072031,8.67361737988404e-19,0.00377767097021731,0.00377767097021731,3.90312782094782e-18,0,0,0,0.0133106302246537,0.0133106302246537,4.5102810375397e-17
25,25,scan,M3,zero,1,complete,complete,1,1,1,0.2335792,0.2384075,6875,6875,0,0,14007,0.00102760850579572,0.00102760850579572,3.68628738645072e-18,0.000893923384654952,0.000893923384654952,3.25260651745651e-19,0.0257593486319841,0.0257593486319841,2.42861286636753e-17,0.0170626813106061,0.0170626813106061,3.46944695195361e-17,0.00314060608231315,0.00314060608231315,3.46944695195361e-18,0.0179270820287308,0.0179270820287308,3.46944695195361e-17
26,26,scan,M4,zero,1,complete,complete,1,1,1,0.2316452,0.214811,5352,5352,0,0,14007,0.0012452099301942,0.0012452099301942,3.25260651745651e-18,0.00115363440067584,0.00115363440067584,1.0842021724855e-18,0.0246378537130465,0.0246378537130465,6.93889390390723e-18,0.00135652015450616,0.00135652015450616,2.16840434497101e-18,0.010649614443663,0.010649614443663,3.12250225675825e-17,0.0138501663415281,0.0138501663415281,1.04083408558608e-17
27,27,scan,M4,zero,1,complete,complete,1,1,1,0.2278,0.2315133,4902,4902,0,0,14007,0.000902878299257552,0.000902878299257552,3.25260651745651e-19,0.000767630200840284,0.000767630200840284,1.0842021724855e-19,0.0176665314294581,0.0176665314294581,2.42861286636753e-17,0.00142740940224195,0.00142740940224195,2.60208521396521e-18,0.00713461926943948,0.00713461926943948,8.67361737988404e-19,0.0108821939996164,0.0108821939996164,4.5102810375397e-17
28,28,scan,M4,zero,1,complete,complete,1,1,1,0.2530548,0.2656239,5324,5324,0,0,14007,0.00119609252447403,0.00119609252447403,4.98732999343332e-18,0.0010957914003088,0.0010957914003088,3.90312782094782e-18,0.0110638475176737,0.0110638475176737,3.98986399474666e-17,0.00312768161611476,0.00312768161611476,3.46944695195361e-18,0,0,0,0.0139894791135169,0.0139894791135169,4.5102810375397e-17
29,29,scan,M4,zero,1,complete,complete,1,1,1,0.2377438,0.2088022,5273,5273,0,0,14007,0.000872916610190848,0.000872916610190848,2.16840434497101e-19,0.000727516872925112,0.000727516872925112,4.33680868994202e-19,0.00710808245934957,0.00710808245934957,4.33680868994202e-18,0.00291545134829929,0.00291545134829929,1.73472347597681e-18,0,0,0,0.0113251277262364,0.0113251277262364,1.56125112837913e-17
30,30,scan,M4,zero,1,complete,complete,1,1,1,0.3285904,0.3234303,6862,6862,0,0,14007,0.00167511246743011,0.00167511246743011,2.16840434497101e-19,0.00159504176791275,0.00159504176791275,2.81892564846231e-18,0.0278567475902,0.0278567475902,2.42861286636753e-17,0.0191898351650386,0.0191898351650386,1.73472347597681e-17,0.00343179835431306,0.00343179835431306,4.77048955893622e-18,0.0201013002364083,0.0201013002364083,1.73472347597681e-17
31,31,scan,M4,zero,1,complete,complete,1,1,1,0.2806858,0.3011245,7038,7038,0,0,14007,0.00109078578054592,0.00109078578054592,4.33680868994202e-18,0.000965134485392865,0.000965134485392865,1.0842021724855e-19,0.019152901563603,0.019152901563603,2.42861286636753e-17,0.00455810894177133,0.00455810894177133,2.60208521396521e-18,0.000280916018135624,0.000280916018135624,5.42101086242752e-20,0.0174927633720894,0.0174927633720894,1.38777878078145e-17
32,32,scan,M2,zero,1,complete,complete,1,1,1,0.5835873,0.4801016,20312,20312,0,0,14007,0.0239955210167112,0.0239955210167112,3.46944695195361e-18,0.023927242354823,0.023927242354823,4.85722573273506e-17,0.148061179935554,0.148061179935554,3.33066907387547e-16,0.0908927403573878,0.0908927403573878,1.38777878078145e-17,0.00516920110445507,0.00516920110445507,1.73472347597681e-18,0.197448841897951,0.197448841897951,3.88578058618805e-16
33,33,scan,M3,zero,1,complete,complete,1,1,1,0.2330406,0.1927162,5146,5146,0,0,14007,0.000706559738136764,0.000706559738136764,2.16840434497101e-19,0.000512189971966129,0.000512189971966129,2.16840434497101e-19,0.00583208600789958,0.00583208600789958,3.46944695195361e-18,0.0054378876095853,0.0054378876095853,8.67361737988404e-19,0,0,0,0.014989295659385,0.014989295659385,2.08166817117217e-17
34,34,scan,M2,zero,1,complete,complete,1,1,1,0.9588508,0.7843676,33447,33447,0,0,14007,0.0155861179528668,0.0155861179528668,2.25514051876985e-17,0.0155218219811979,0.0155218219811979,1.73472347597681e-18,0.0923752552580045,0.0923752552580045,2.77555756156289e-17,0.059484276631404,0.059484276631404,1.38777878078145e-17,0.00289290036556666,0.00289290036556666,3.90312782094782e-18,0.118147218044578,0.118147218044578,3.19189119579733e-16
35,35,scan,M3,zero,1,complete,complete,1,1,1,0.2968336,0.1798954,4922,4922,0,0,14007,0.000567139669029878,0.000567139669029878,3.25260651745651e-19,0.000288688297796359,0.000288688297796359,1.62630325872826e-19,0.00541255609871557,0.00541255609871557,2.60208521396521e-18,0.00501808999184861,0.00501808999184861,3.46944695195361e-18,0,0,0,0.0101361658762217,0.0101361658762217,4.16333634234434e-17
36,36,main,M2,zero,1,complete,complete,1,1,1,0.6333811,0.7662414,20971,20971,0,0,14007,0.0200357821352154,0.0200357821352154,3.81639164714898e-17,0.0199699015893523,0.0199699015893523,2.42861286636753e-17,0.126356166945249,0.126356166945249,3.05311331771918e-16,0.0779139042062216,0.0779139042062216,2.77555756156289e-17,0.00440534163276296,0.00440534163276296,0,0.159208617649892,0.159208617649892,5.55111512312578e-17
37,37,main,M3,zero,1,complete,complete,1,1,1,0.1697349,0.2824099,4941,4941,0,0,14007,0.000628100944596276,0.000628100944596276,1.0842021724855e-19,0.000396502395957246,0.000396502395957246,4.87890977618477e-19,0.00563666949379172,0.00563666949379172,8.67361737988404e-19,0.00524365442588048,0.00524365442588048,4.33680868994202e-18,0,0,0,0.0131954999158802,0.0131954999158802,1.38777878078145e-17
38,38,main,M4,zero,1,complete,complete,1,1,1,0.2408026,0.2665154,4902,4902,0,0,14007,0.000902878299257552,0.000902878299257552,3.25260651745651e-19,0.000767630200840284,0.000767630200840284,1.0842021724855e-19,0.0176665314294581,0.0176665314294581,2.42861286636753e-17,0.00142740940224195,0.00142740940224195,2.60208521396521e-18,0.00713461926943948,0.00713461926943948,8.67361737988404e-19,0.0108821939996164,0.0108821939996164,4.5102810375397e-17
39,40,main,VFCR-S,zero,1,complete,complete,1,1,1,0.5941349,0.5750695,10375,10375,0,0,28014,0.000492494046331725,0.000492494046331725,4.33680868994202e-19,2.32514103979663e-06,2.32514103979663e-06,8.470329472543e-22,1.07525220684809e-05,1.07525220684809e-05,6.7762635780344e-21,8.80401208247505e-06,8.80401208247505e-06,5.0821976835258e-21,0,0,0,6.53172824411754e-06,6.53172824411754e-06,1.6940658945086e-21
40,41,main,M2,constant,1,complete,complete,1,1,1,0.6528387,0.5553221,23418,23418,0,0,14007,0.0196859817699824,0.0196859817699824,3.12250225675825e-17,0.0196197389649975,0.0196197389649975,4.5102810375397e-17,0.124673465394368,0.124673465394368,2.63677968348475e-16,0.0770339029642628,0.0770339029642628,2.77555756156289e-17,0.00417647018448064,0.00417647018448064,8.67361737988404e-19,0.156624535606403,0.156624535606403,2.4980018054066e-16
41,42,main,M3,constant,1,complete,complete,1,1,1,0.2267831,0.1732546,5091,5091,0,0,14007,0.000651234097801729,0.000651234097801729,2.16840434497101e-19,0.000439932567319989,0.000439932567319989,3.79470760369927e-19,0.00716279273800876,0.00716279273800876,3.46944695195361e-18,0.00631510732747731,0.00631510732747731,8.67361737988404e-19,0.00127404236410644,0.00127404236410644,2.38524477946811e-18,0.013172828406359,0.013172828406359,2.60208521396521e-17
42,43,main,M4,constant,1,complete,complete,1,1,1,0.2910368,0.2576208,5121,5121,0,0,14007,0.000940121320235466,0.000940121320235466,2.16840434497101e-19,0.000817774115440556,0.000817774115440556,2.16840434497101e-19,0.0159742160590495,0.0159742160590495,3.46944695195361e-18,0.00160280756452513,0.00160280756452513,2.81892564846231e-18,0.00706089170880042,0.00706089170880042,8.67361737988404e-19,0.0108557956966647,0.0108557956966647,3.29597460435593e-17
43,45,main,VFCR-S,constant,1,complete,complete,1,1,1,0.5419215,0.4289552,6685,6685,0,0,28014,0.158168068570267,0.158168068570267,3.88578058618805e-16,0.158243507633386,0.158243507633386,1.66533453693773e-16,0.332541821160531,0.332541821160531,5.55111512312578e-17,0.19053141509208,0.19053141509208,2.77555756156289e-16,0.242940629771785,0.242940629771785,1.11022302462516e-16,0.287287245109238,0.287287245109238,5.55111512312578e-17
44,46,main,M2,linear,1,complete,complete,1,1,1,0.6025857,0.5698655,23186,23186,0,0,14007,0.0198980527116183,0.0198980527116183,3.12250225675825e-17,0.0198320549662361,0.0198320549662361,1.73472347597681e-17,0.125906860932563,0.125906860932563,1.66533453693773e-16,0.0776483735783975,0.0776483735783975,1.38777878078145e-17,0.004348877756712,0.004348877756712,0,0.158286598164838,0.158286598164838,1.66533453693773e-16
45,47,main,M3,linear,1,complete,complete,1,1,1,0.1895543,0.1823046,4849,4849,0,0,14007,0.00063401702177873,0.00063401702177873,1.0842021724855e-19,0.00040850141935376,0.00040850141935376,3.25260651745651e-19,0.00615844065120176,0.00615844065120176,1.73472347597681e-18,0.00576355337535484,0.00576355337535484,5.20417042793042e-18,0.000512902686208294,0.000512902686208294,1.0842021724855e-19,0.0131831211176492,0.0131831211176492,1.73472347597681e-18
46,48,main,M4,linear,1,complete,complete,1,1,1,0.303818,0.2425998,5747,5747,0,0,14007,0.000906669627140701,0.000906669627140701,2.16840434497101e-19,0.000774114802743396,0.000774114802743396,2.16840434497101e-19,0.0167911258139908,0.0167911258139908,2.77555756156289e-17,0.00151281472523812,0.00151281472523812,8.67361737988404e-19,0.00709779603925509,0.00709779603925509,8.67361737988404e-19,0.0108668202008716,0.0108668202008716,1.56125112837913e-17
47,50,main,VFCR-S,linear,1,complete,complete,1,1,1,0.5547213,0.4277655,7598,7598,0,0,28014,0.0362555601714147,0.0362555601714147,2.77555756156289e-17,0.0363157912281974,0.0363157912281974,3.46944695195361e-17,0.107384473110004,0.107384473110004,3.88578058618805e-16,0.0612637200808619,0.0612637200808619,6.93889390390723e-18,0.0914190650016815,0.0914190650016815,1.38777878078145e-17,0.0589301611222808,0.0589301611222808,4.16333634234434e-17
48,51,main,M2,cosine,1,complete,complete,1,1,1,0.5414658,0.4636593,20627,20627,0,0,14007,0.0200030227156191,0.0200030227156191,2.77555756156289e-17,0.019937072471964,0.019937072471964,3.81639164714898e-17,0.125614510850489,0.125614510850489,4.71844785465692e-16,0.0774883078742417,0.0774883078742417,4.16333634234434e-17,0.00435218206098242,0.00435218206098242,3.46944695195361e-18,0.158482379331481,0.158482379331481,4.16333634234434e-16
49,52,main,M3,cosine,1,complete,complete,1,1,1,0.191881,0.19047,4884,4884,0,0,14007,0.000627304650443435,0.000627304650443435,1.0842021724855e-19,0.000394222554785097,0.000394222554785097,3.25260651745651e-19,0.00562252368703204,0.00562252368703204,0,0.00474179387399187,0.00474179387399187,2.60208521396521e-18,0,0,0,0.0132088692463203,0.0132088692463203,1.38777878078145e-17
50,53,main,M4,cosine,1,complete,complete,1,1,1,0.2071871,0.2154779,5119,5119,0,0,14007,0.000911327618451172,0.000911327618451172,4.33680868994202e-19,0.000777282462205033,0.000777282462205033,2.16840434497101e-19,0.0185979373015894,0.0185979373015894,4.5102810375397e-17,0.0013443404230794,0.0013443404230794,4.33680868994202e-18,0.00717138301692843,0.00717138301692843,4.33680868994202e-18,0.0108994483823793,0.0108994483823793,1.21430643318376e-17
51,55,main,VFCR-S,cosine,1,complete,complete,1,1,1,0.4620779,0.3910909,6993,6993,0,0,28014,0.0376766507590327,0.0376766507590327,4.85722573273506e-17,0.0376651097737346,0.0376651097737346,4.85722573273506e-17,0.101689101190524,0.101689101190524,1.94289029309402e-16,0.0640950602057049,0.0640950602057049,2.77555756156289e-17,0.00943204242491569,0.00943204242491569,1.73472347597681e-18,0.0683988282628202,0.0683988282628202,4.16333634234434e-17
52,56,main,M2,gamma,1,complete,complete,1,1,1,2.8399989,2.8741916,80522,80522,0,0,14007,0.0201297727306149,0.0201297727306149,3.46944695195361e-17,0.0200650125879303,0.0200650125879303,1.73472347597681e-17,0.127750093458908,0.127750093458908,4.71844785465692e-16,0.0788596115916445,0.0788596115916445,4.16333634234434e-17,0.00440031646433092,0.00440031646433092,2.60208521396521e-18,0.161192995564948,0.161192995564948,8.32667268468867e-17
53,57,main,M3,gamma,1,complete,complete,1,1,1,2.6635149,2.5661642,54719,54719,0,0,14007,0.00063580467916062,0.00063580467916062,4.33680868994202e-19,0.000419090982615886,0.000419090982615886,2.71050543121376e-19,0.00646044128714127,0.00646044128714127,2.60208521396521e-18,0.00589301685560106,0.00589301685560106,3.46944695195361e-18,0.000806626281179446,0.000806626281179446,4.33680868994202e-19,0.0132283829585321,0.0132283829585321,1.04083408558608e-17
54,58,main,M4,gamma,1,complete,complete,1,1,1,3.0442985,2.9016822,55964,55964,0,0,14007,0.000913680999316696,0.000913680999316696,1.0842021724855e-19,0.000790154191030396,0.000790154191030396,2.16840434497101e-19,0.0157059504646414,0.0157059504646414,2.08166817117217e-17,0.00151493624952526,0.00151493624952526,3.90312782094782e-18,0.00731645809117065,0.00731645809117065,2.60208521396521e-18,0.0109060108589833,0.0109060108589833,2.25514051876985e-17
55,60,main,VFCR-S,gamma,1,complete,complete,1,1,1,3.5079829,3.4784909,46181,46181,0,0,28014,0.0596313091640826,0.0596313091640826,4.16333634234434e-17,0.0596955421603624,0.0596955421603624,0,0.200270783855275,0.200270783855275,4.16333634234434e-16,0.104508963313542,0.104508963313542,3.46944695195361e-16,0.106133604779913,0.106133604779913,2.91433543964104e-16,0.11103169864861,0.11103169864861,2.77555756156289e-17
56,61,main,M2,gamma,2,complete,complete,1,1,1,2.8670733,2.4552087,80481,80481,0,0,14007,0.0199239022917434,0.0199239022917434,2.42861286636753e-17,0.0198580727769892,0.0198580727769892,1.38777878078145e-17,0.126370983568939,0.126370983568939,2.77555756156289e-17,0.0779016042169036,0.0779016042169036,1.38777878078145e-17,0.0042071445742744,0.0042071445742744,1.73472347597681e-18,0.158681082878698,0.158681082878698,8.32667268468867e-17
57,62,main,M3,gamma,2,complete,complete,1,1,1,2.4573372,2.2505834,54731,54731,0,0,14007,0.000632085008824389,0.000632085008824389,3.25260651745651e-19,0.000409553980870822,0.000409553980870822,1.0842021724855e-19,0.00681080110149475,0.00681080110149475,1.73472347597681e-18,0.00521166403861817,0.00521166403861817,8.67361737988404e-19,3.61252895342279e-05,3.61252895342279e-05,1.35525271560688e-20,0.0132132428222978,0.0132132428222978,1.73472347597681e-18
58,63,main,M4,gamma,2,complete,complete,1,1,1,3.0651032,3.0027249,56031,56031,0,0,14007,0.00091561736586061,0.00091561736586061,3.25260651745651e-19,0.000788646908656236,0.000788646908656236,2.16840434497101e-19,0.016265808993827,0.016265808993827,4.85722573273506e-17,0.00148601505418156,0.00148601505418156,4.77048955893622e-18,0.00673139635035036,0.00673139635035036,8.67361737988404e-19,0.0108898794577077,0.0108898794577077,4.85722573273506e-17
59,65,main,VFCR-S,gamma,2,complete,complete,1,1,1,3.5115599,3.3250954,45777,45777,0,0,28014,0.0604599246023651,0.0604599246023651,2.77555756156289e-17,0.0605402467689521,0.0605402467689521,6.93889390390723e-18,0.258544375120323,0.258544375120323,4.44089209850063e-16,0.117917880255859,0.117917880255859,1.94289029309402e-16,0.0885035596742976,0.0885035596742976,2.77555756156289e-17,0.107941416933764,0.107941416933764,2.4980018054066e-16
60,66,main,M2,gamma,3,complete,complete,1,1,1,2.4939464,2.5479821,80138,80138,0,0,14007,0.0198019501409791,0.0198019501409791,2.77555756156289e-17,0.0197352291201938,0.0197352291201938,6.93889390390723e-18,0.124482199339259,0.124482199339259,2.63677968348475e-16,0.0768722066278631,0.0768722066278631,0,0.00429416457119047,0.00429416457119047,2.60208521396521e-18,0.156932980408271,0.156932980408271,3.33066907387547e-16
61,67,main,M3,gamma,3,complete,complete,1,1,1,2.1370603,2.495017,54410,54410,0,0,14007,0.000645688136348039,0.000645688136348039,1.0842021724855e-19,0.000424673449642654,0.000424673449642654,1.62630325872826e-19,0.00747950962930552,0.00747950962930552,2.60208521396521e-18,0.00634723300623885,0.00634723300623885,8.67361737988404e-19,0.00101340182857768,0.00101340182857768,4.11996825544492e-18,0.0132061090603479,0.0132061090603479,2.08166817117217e-17
62,68,main,M4,gamma,3,complete,complete,1,1,1,2.6160748,2.9947603,55611,55611,0,0,14007,0.000920828841560688,0.000920828841560688,2.16840434497101e-19,0.000788763640566099,0.000788763640566099,2.16840434497101e-19,0.0182716370214228,0.0182716370214228,4.85722573273506e-17,0.00163413212400765,0.00163413212400765,2.16840434497101e-18,0.00672208787054029,0.00672208787054029,4.33680868994202e-18,0.0108865402058815,0.0108865402058815,4.5102810375397e-17
63,70,main,VFCR-S,gamma,3,complete,complete,1,1,1,3.1129841,3.2257569,45745,45745,0,0,28014,0.058325400014173,0.058325400014173,4.85722573273506e-17,0.0583967266844845,0.0583967266844845,6.93889390390723e-18,0.217330562441532,0.217330562441532,4.44089209850063e-16,0.117608529139741,0.117608529139741,4.02455846426619e-16,0.096726842848309,0.096726842848309,1.38777878078145e-17,0.10439389161274,0.10439389161274,4.16333634234434e-16
64,71,main,M2,gamma,4,complete,complete,1,1,1,2.3993229,2.6003513,80800,80800,0,0,14007,0.0197588025053651,0.0197588025053651,4.85722573273506e-17,0.0196929378784435,0.0196929378784435,3.46944695195361e-18,0.126235686923175,0.126235686923175,5.55111512312578e-17,0.0778998223261407,0.0778998223261407,2.77555756156289e-17,0.00439953505388324,0.00439953505388324,8.67361737988404e-19,0.157728431743377,0.157728431743377,2.22044604925031e-16
65,72,main,M3,gamma,4,complete,complete,1,1,1,2.4482649,2.4235771,54743,54743,0,0,14007,0.000639885949724376,0.000639885949724376,4.33680868994202e-19,0.000418567252115889,0.000418567252115889,5.42101086242752e-20,0.00694558324538012,0.00694558324538012,3.46944695195361e-18,0.00592761242651751,0.00592761242651751,4.33680868994202e-18,0.000427596979241107,0.000427596979241107,1.62630325872826e-19,0.0131303968933797,0.0131303968933797,3.12250225675825e-17
66,73,main,M4,gamma,4,complete,complete,1,1,1,2.7214718,3.2515114,56007,56007,0,0,14007,0.000916281652802123,0.000916281652802123,0,0.000786961355386681,0.000786961355386681,1.0842021724855e-19,0.0169045799491387,0.0169045799491387,3.46944695195361e-17,0.00162240125667235,0.00162240125667235,4.33680868994202e-18,0.00626574409244762,0.00626574409244762,2.60208521396521e-18,0.0108187171341628,0.0108187171341628,4.85722573273506e-17
67,75,main,VFCR-S,gamma,4,complete,complete,1,1,1,2.7423948,3.3733739,45849,45849,0,0,28014,0.0654180845967224,0.0654180845967224,1.38777878078145e-17,0.0654719786215181,0.0654719786215181,1.38777878078145e-17,0.221935916282636,0.221935916282636,8.32667268468867e-17,0.115012892247124,0.115012892247124,2.77555756156289e-17,0.159063910679277,0.159063910679277,2.77555756156289e-16,0.126765764112583,0.126765764112583,3.60822483003176e-16
68,76,main,M2,gamma,5,complete,complete,1,1,1,2.2525527,2.4560978,79906,79906,0,0,14007,0.0200974082494937,0.0200974082494937,2.77555756156289e-17,0.0200321431017897,0.0200321431017897,3.46944695195361e-17,0.12660862913604,0.12660862913604,4.16333634234434e-16,0.0778627454923193,0.0778627454923193,1.38777878078145e-17,0.00439337911216509,0.00439337911216509,4.33680868994202e-18,0.159628112294888,0.159628112294888,4.16333634234434e-16
69,77,main,M3,gamma,5,complete,complete,1,1,1,2.1039634,2.157715,54266,54266,0,0,14007,0.000631578778165497,0.000631578778165497,4.33680868994202e-19,0.00040865742595097,0.00040865742595097,1.0842021724855e-19,0.00622175457178558,0.00622175457178558,3.46944695195361e-18,0.00540404455866117,0.00540404455866117,0,8.124589437708e-05,8.124589437708e-05,4.06575814682064e-20,0.0131961330381271,0.0131961330381271,2.42861286636753e-17
70,78,main,M4,gamma,5,complete,complete,1,1,1,2.679843,2.9793144,55590,55590,0,0,14007,0.000910741478431998,0.000910741478431998,3.25260651745651e-19,0.00078365270588814,0.00078365270588814,3.25260651745651e-19,0.0171818869906728,0.0171818869906728,3.46944695195361e-18,0.00150867533326715,0.00150867533326715,8.67361737988404e-19,0.00664809660667021,0.00664809660667021,3.46944695195361e-18,0.0108790942779079,0.0108790942779079,2.08166817117217e-17
71,80,main,VFCR-S,gamma,5,complete,complete,1,1,1,2.8512174,3.0265002,45773,45773,0,0,28014,0.0619369116508087,0.0619369116508087,4.16333634234434e-17,0.0620330713993104,0.0620330713993104,2.08166817117217e-17,0.183472975880641,0.183472975880641,1.11022302462516e-16,0.127822228587986,0.127822228587986,3.60822483003176e-16,0.10224522194838,0.10224522194838,4.02455846426619e-16,0.103650001209405,0.103650001209405,3.19189119579733e-16
72,81,main,M2,gaussian,1,complete,complete,1,1,1,2.2141395,2.5974716,80849,80849,0,0,14007,0.0199521911201549,0.0199521911201549,4.16333634234434e-17,0.0198862838741643,0.0198862838741643,4.5102810375397e-17,0.126668900565121,0.126668900565121,2.77555756156289e-17,0.0780205534027647,0.0780205534027647,0,0.00435318763046944,0.00435318763046944,5.20417042793042e-18,0.159011767069575,0.159011767069575,1.94289029309402e-16
73,82,main,M3,gaussian,1,complete,complete,1,1,1,2.2317416,2.3516589,54690,54690,0,0,14007,0.000627211816952374,0.000627211816952374,5.42101086242752e-19,0.000400110945397856,0.000400110945397856,2.71050543121376e-19,0.00522995664602934,0.00522995664602934,8.67361737988404e-19,0.00468681379394376,0.00468681379394376,4.33680868994202e-18,0.000377403158300815,0.000377403158300815,2.71050543121376e-19,0.0131808685720946,0.0131808685720946,3.12250225675825e-17
74,83,main,M4,gaussian,1,complete,complete,1,1,1,2.6588747,2.7192383,56048,56048,0,0,14007,0.000915606847725126,0.000915606847725126,2.16840434497101e-19,0.000786319835017724,0.000786319835017724,3.25260651745651e-19,0.0156305361116285,0.0156305361116285,4.16333634234434e-17,0.00127910219051508,0.00127910219051508,2.16840434497101e-19,0.00795066256352661,0.00795066256352661,1.73472347597681e-18,0.0108666951964548,0.0108666951964548,1.73472347597681e-18
75,85,main,VFCR-S,gaussian,1,complete,complete,1,1,1,3.4775741,3.2556586,49467,49467,0,0,28014,0.0220591024868902,0.0220591024868902,4.5102810375397e-17,0.0220537188494656,0.0220537188494656,2.42861286636753e-17,0.110697992162941,0.110697992162941,3.33066907387547e-16,0.0424666017466199,0.0424666017466199,2.77555756156289e-17,0.0260094728973383,0.0260094728973383,4.85722573273506e-17,0.0368874067937092,0.0368874067937092,2.77555756156289e-17
76,86,main,M2,gaussian,2,complete,complete,1,1,1,2.7418718,2.4237632,81242,81242,0,0,14007,0.0200596979728946,0.0200596979728946,6.93889390390723e-18,0.0199944042060694,0.0199944042060694,3.81639164714898e-17,0.125217940942223,0.125217940942223,4.16333634234434e-16,0.0773132291602656,0.0773132291602656,1.38777878078145e-17,0.00435915780465312,0.00435915780465312,4.33680868994202e-18,0.158804939361899,0.158804939361899,1.66533453693773e-16
77,87,main,M3,gaussian,2,complete,complete,1,1,1,2.2348251,2.3396595,54957,54957,0,0,14007,0.000649138566533965,0.000649138566533965,3.25260651745651e-19,0.000431546141247265,0.000431546141247265,3.79470760369927e-19,0.00796367447279159,0.00796367447279159,1.73472347597681e-18,0.00726437551805614,0.00726437551805614,3.46944695195361e-18,0.00181518821614679,0.00181518821614679,2.16840434497101e-19,0.0132286260431743,0.0132286260431743,1.90819582357449e-17
78,88,main,M4,gaussian,2,complete,complete,1,1,1,2.5936679,3.0429254,56282,56282,0,0,14007,0.000911211798732816,0.000911211798732816,2.16840434497101e-19,0.000780085075964465,0.000780085075964465,3.25260651745651e-19,0.0163044720628873,0.0163044720628873,6.93889390390723e-18,0.00168319685090512,0.00168319685090512,1.95156391047391e-18,0.00735967915999014,0.00735967915999014,0,0.0109154727958077,0.0109154727958077,4.5102810375397e-17
79,90,main,VFCR-S,gaussian,2,complete,complete,1,1,1,3.1401087,3.1441702,49664,49664,0,0,28014,0.0194465442267093,0.0194465442267093,3.12250225675825e-17,0.0194379118012776,0.0194379118012776,2.08166817117217e-17,0.124384812750873,0.124384812750873,1.38777878078145e-17,0.049424437099728,0.049424437099728,4.85722573273506e-17,0.0186417323033836,0.0186417323033836,1.73472347597681e-17,0.0350937741058361,0.0350937741058361,1.38777878078145e-17
80,91,main,M2,gaussian,3,complete,complete,1,1,1,2.2862535,2.5051131,81037,81037,0,0,14007,0.0203167800349903,0.0203167800349903,2.77555756156289e-17,0.02025065788898,0.02025065788898,1.73472347597681e-17,0.12553029429038,0.12553029429038,1.11022302462516e-16,0.0775460408581441,0.0775460408581441,0,0.00455651807451951,0.00455651807451951,8.67361737988404e-19,0.160518566907778,0.160518566907778,8.32667268468867e-17
81,92,main,M3,gaussian,3,complete,complete,1,1,1,2.0936848,2.4157823,54728,54728,0,0,14007,0.00063948073918256,0.00063948073918256,0,0.000408321151281609,0.000408321151281609,4.87890977618477e-19,0.00637588680223173,0.00637588680223173,4.33680868994202e-18,0.00599855931062843,0.00599855931062843,3.46944695195361e-18,0.000574735515526559,0.000574735515526559,2.16840434497101e-19,0.0131819349411058,0.0131819349411058,2.08166817117217e-17
82,93,main,M4,gaussian,3,complete,complete,1,1,1,2.691106,2.8536296,56077,56077,0,0,14007,0.000909844946250426,0.000909844946250426,1.0842021724855e-19,0.000769211019842257,0.000769211019842257,3.25260651745651e-19,0.018028473822361,0.018028473822361,4.16333634234434e-17,0.00153824165359318,0.00153824165359318,4.77048955893622e-18,0.00707186491109146,0.00707186491109146,3.46944695195361e-18,0.0108700536479062,0.0108700536479062,2.60208521396521e-17
83,95,main,VFCR-S,gaussian,3,complete,complete,1,1,1,3.6510836,3.2104212,49706,49706,0,0,28014,0.0178281634875301,0.0178281634875301,3.46944695195361e-17,0.0177880279740264,0.0177880279740264,4.5102810375397e-17,0.102271427769411,0.102271427769411,9.71445146547012e-17,0.0370712716534626,0.0370712716534626,4.85722573273506e-17,0.0226236385296517,0.0226236385296517,4.16333634234434e-17,0.0367897862636711,0.0367897862636711,1.38777878078145e-17
84,96,main,M2,gaussian,4,complete,complete,1,1,1,2.6003815,2.3702751,81367,81367,0,0,14007,0.0200940842259483,0.0200940842259483,3.46944695195361e-17,0.0200282027202005,0.0200282027202005,3.46944695195361e-17,0.124738285837903,0.124738285837903,2.08166817117217e-16,0.0772182677986082,0.0772182677986082,1.38777878078145e-17,0.00475605082161756,0.00475605082161756,3.46944695195361e-18,0.157989995674406,0.157989995674406,3.60822483003176e-16
85,97,main,M3,gaussian,4,complete,complete,1,1,1,2.098013,2.2944507,54934,54934,0,0,14007,0.000632671640734109,0.000632671640734109,0,0.000399851856886805,0.000399851856886805,0,0.00539638466549827,0.00539638466549827,3.46944695195361e-18,0.00507329628700826,0.00507329628700826,4.33680868994202e-18,7.95406051978809e-05,7.95406051978809e-05,4.06575814682064e-20,0.0132385786850458,0.0132385786850458,2.77555756156289e-17
86,98,main,M4,gaussian,4,complete,complete,1,1,1,2.5583764,3.1137955,56303,56303,0,0,14007,0.000917680206621114,0.000917680206621114,0,0.00078136212597929,0.00078136212597929,2.16840434497101e-19,0.0171545754686409,0.0171545754686409,1.38777878078145e-17,0.00138095042783759,0.00138095042783759,6.50521303491303e-19,0.00733496501576703,0.00733496501576703,4.33680868994202e-18,0.0109233950101069,0.0109233950101069,3.29597460435593e-17
87,100,main,VFCR-S,gaussian,4,complete,complete,1,1,1,3.9386207,3.0727276,49912,49912,0,0,28014,0.0197819400880032,0.0197819400880032,3.46944695195361e-18,0.0198053938953954,0.0198053938953954,3.12250225675825e-17,0.116082585861272,0.116082585861272,1.11022302462516e-16,0.0357468060270669,0.0357468060270669,2.08166817117217e-17,0.038024762848311,0.038024762848311,2.08166817117217e-17,0.0389007943479529,0.0389007943479529,6.93889390390723e-18
88,101,main,M2,gaussian,5,complete,complete,1,1,1,2.9650403,2.5467596,80939,80939,0,0,14007,0.0201667293654678,0.0201667293654678,1.73472347597681e-17,0.0201001628664925,0.0201001628664925,2.77555756156289e-17,0.126466004349922,0.126466004349922,2.77555756156289e-16,0.0781136021944482,0.0781136021944482,1.38777878078145e-17,0.00413986009468537,0.00413986009468537,4.33680868994202e-18,0.160499621257017,0.160499621257017,3.60822483003176e-16
89,102,main,M3,gaussian,5,complete,complete,1,1,1,2.5060713,2.4768863,54634,54634,0,0,14007,0.000632889626541513,0.000632889626541513,4.33680868994202e-19,0.000406586830551791,0.000406586830551791,1.0842021724855e-19,0.00661196999229491,0.00661196999229491,2.60208521396521e-18,0.0057107976195796,0.0057107976195796,8.67361737988404e-19,0.000331714106701408,0.000331714106701408,4.33680868994202e-19,0.0132136804840137,0.0132136804840137,0
90,103,main,M4,gaussian,5,complete,complete,1,1,1,2.6930883,2.8492687,55976,55976,0,0,14007,0.000907544931857574,0.000907544931857574,3.25260651745651e-19,0.000775498647228981,0.000775498647228981,2.16840434497101e-19,0.0189599626843212,0.0189599626843212,2.08166817117217e-17,0.00148788233726305,0.00148788233726305,3.25260651745651e-18,0.00719250464874777,0.00719250464874777,3.46944695195361e-18,0.0108982816273438,0.0108982816273438,0
91,105,main,VFCR-S,gaussian,5,complete,complete,1,1,1,2.9542352,3.2142242,49570,49570,0,0,28014,0.0206625657018802,0.0206625657018802,4.85722573273506e-17,0.0206746092270889,0.0206746092270889,4.5102810375397e-17,0.127160031689697,0.127160031689697,1.11022302462516e-16,0.0421479662029614,0.0421479662029614,4.85722573273506e-17,0.024509654147014,0.024509654147014,3.46944695195361e-18,0.0364680826706171,0.0364680826706171,1.38777878078145e-17
92,106,main,M2,harmonic,1,complete,complete,1,1,1,0.4747945,0.5187789,21674,21674,0,0,14007,0.0198816920988267,0.0198816920988267,4.85722573273506e-17,0.0198155316752272,0.0198155316752272,3.81639164714898e-17,0.12572223240395,0.12572223240395,4.44089209850063e-16,0.0775605214235846,0.0775605214235846,0,0.00429638473753435,0.00429638473753435,3.46944695195361e-18,0.158068088623319,0.158068088623319,2.4980018054066e-16
93,107,main,M3,harmonic,1,complete,complete,1,1,1,0.1511245,0.1731606,4951,4951,0,0,14007,0.000632951338801183,0.000632951338801183,3.25260651745651e-19,0.000405164864281642,0.000405164864281642,3.79470760369927e-19,0.00614522589620028,0.00614522589620028,8.67361737988404e-19,0.00575441286874834,0.00575441286874834,2.60208521396521e-18,0.000500200146992258,0.000500200146992258,1.0842021724855e-19,0.013183187091652,0.013183187091652,4.33680868994202e-17
94,108,main,M4,harmonic,1,complete,complete,1,1,1,0.2256361,0.2275167,5047,5047,0,0,14007,0.000902489498157798,0.000902489498157798,3.25260651745651e-19,0.000767422514451528,0.000767422514451528,3.25260651745651e-19,0.0168044958754477,0.0168044958754477,3.81639164714898e-17,0.00151117482834895,0.00151117482834895,1.0842021724855e-18,0.00709810285843537,0.00709810285843537,3.46944695195361e-18,0.0108666456440365,0.0108666456440365,3.64291929955129e-17
95,110,main,VFCR-S,harmonic,1,complete,complete,1,1,1,0.7399011,0.8144,13684,13684,0,0,28014,0.0296676431071267,0.0296676431071267,3.46944695195361e-18,0.0296702938888993,0.0296702938888993,2.08166817117217e-17,0.125308106135128,0.125308106135128,2.77555756156289e-16,0.0431596672459993,0.0431596672459993,1.38777878078145e-17,0.0339952526697409,0.0339952526697409,6.93889390390723e-18,0.0584057872349948,0.0584057872349948,6.93889390390723e-18
96,131,precision,M2,zero,1,complete,complete,1,1,1,0.7151419,0.6911058,28128,28128,0,0,14007,0.020035621404094,0.020035621404094,1.38777878078145e-17,0.0199697415099083,0.0199697415099083,3.12250225675825e-17,0.126358036194585,0.126358036194585,0,0.0779147278453849,0.0779147278453849,1.38777878078145e-17,0.00440535500720163,0.00440535500720163,1.73472347597681e-18,0.159209015901795,0.159209015901795,4.9960036108132e-16
97,132,precision,M3,zero,1,complete,complete,1,1,1,0.3415029,0.2968703,8659,8659,0,0,14007,0.000628097864598263,0.000628097864598263,1.0842021724855e-19,0.000396492886477473,0.000396492886477473,3.25260651745651e-19,0.00563670411449074,0.00563670411449074,3.46944695195361e-18,0.00524368704577438,0.00524368704577438,8.67361737988404e-19,0,0,0,0.0131954410097465,0.0131954410097465,3.64291929955129e-17
98,133,precision,M4,zero,1,complete,complete,1,1,1,0.401649,0.3684648,8590,8590,0,0,14007,0.000902875297518236,0.000902875297518236,1.0842021724855e-19,0.000767626969381992,0.000767626969381992,1.0842021724855e-19,0.0176663612268869,0.0176663612268869,3.12250225675825e-17,0.00142746303043872,0.00142746303043872,4.77048955893622e-18,0.0071343609274479,0.0071343609274479,2.60208521396521e-18,0.0108821388127443,0.0108821388127443,4.5102810375397e-17
99,135,precision,VFCR-S,zero,1,complete,complete,1,1,1,0.7854504,0.6274216,12775,12775,0,0,28014,0.000492546434623553,0.000492546434623553,3.25260651745651e-19,3.75445527532558e-08,3.75445527532558e-08,3.97046694025453e-23,2.1046056421006e-07,2.1046056421006e-07,1.58818677610181e-22,1.18184704245294e-07,1.18184704245294e-07,3.70576914423756e-22,0,0,0,1.15562268454403e-07,1.15562268454403e-07,3.04402465419514e-22
