id,group,model,example,variant,l,noise,seed,scale,repeat,gamma,rates,eps,smooth,lambda,rtol,atol,status,complete,last,seconds,calls,tc6,tc4,rmse,rmsed,full,peak,peakd,residual,equality,inequality,motion,rate,margin,lastresidual,identifier,reason,reused,source
1,scan,M1,2,finite,7,zero,1,1,1,100,100,0,0,0,1e-05,1e-07,complete,1,10,1.0645317,26514,Inf,Inf,483.369198140974,483.369244653906,1608.14327930274,933.988312315464,933.988301729374,3786.03545701814,929.457593937765,710.554908728105,0,100,2137.68373681985,1449.13487683031,,,0,1
2,scan,VFCR,2,finite,7,zero,1,1,1,100,100,0,0,0,1e-05,1e-07,budget,0,4.87922136165176,21.0762455,500001,NaN,NaN,NaN,NaN,NaN,NaN,NaN,NaN,NaN,NaN,NaN,NaN,NaN,1.08287125727706e-08,Compare:Calls,达到 500000 次函数调用上限。,0,2
3,scan,VFCR-S,2,finite,7,zero,1,1,1,100,100,0.01,1,0,1e-05,1e-07,complete,1,10,0.6091723,10375,Inf,1.565,0.000492494046331725,2.32514103979663e-06,6.53172824411754e-06,0.00739462574953099,8.81053376006745e-06,1.07525220684809e-05,8.80401208247505e-06,0,NaN,NaN,NaN,7.79232823397252e-07,,,0,3
4,scan,M2,2,finite,7,zero,1,1,1,100,100,0.001,1,0,1e-05,1e-07,budget,0,5.80756503764033,9.9218418,500001,NaN,NaN,NaN,NaN,NaN,NaN,NaN,NaN,NaN,NaN,1,100,-0.00101,0.000139408930301965,Compare:Calls,达到 500000 次函数调用上限。,0,4
5,scan,M3,2,finite,7,zero,1,1,1,100,100,0.001,1,1e-06,1e-05,1e-07,complete,1,10,0.2659573,5868,Inf,Inf,0.00139251404435592,0.00130586421325483,0.0173579757900667,0.0406112199333103,0.0407522761709545,0.0428079651491974,0.0392483053436303,0,1,100,-0.00101,4.56826422560857e-05,,,0,5
6,scan,M3,2,finite,7,zero,1,1,1,100,100,0.001,1,0.0001,1e-05,1e-07,complete,1,10,0.2188696,5880,Inf,Inf,0.00113115540137709,0.00102228189362274,0.0173200093912741,0.0314902816402366,0.0316648335343173,0.0326450578293753,0.0298568316139469,0.0016868322181629,1,100,-0.00101,4.56865875933292e-05,,,0,6
7,scan,M3,2,finite,7,zero,1,1,1,100,100,0.001,1,0.01,1e-05,1e-07,complete,1,10,0.3109405,7653,Inf,Inf,0.000858127229474801,0.000699105871329737,0.0180036279170773,0.0198245298755534,0.0200525708932471,0.026050071402783,0.0180443151189982,0.00310199181423476,1,100,-0.00101,4.60521418478152e-05,,,0,7
8,scan,M2,2,finite,7,zero,1,1,1,200,200,0.001,1,0,1e-05,1e-07,budget,0,4.34163321531168,10.7284346,500001,NaN,NaN,NaN,NaN,NaN,NaN,NaN,NaN,NaN,NaN,1,200,-0.00101,0.000104798980927341,Compare:Calls,达到 500000 次函数调用上限。,0,8
9,scan,M3,2,finite,7,zero,1,1,1,200,200,0.001,1,1e-06,1e-05,1e-07,complete,1,10,0.191662,5400,Inf,Inf,0.000519904510837594,0.000169807046486461,0.0126673170850329,0.00735077315057401,0.00525055287697348,0.00559675489057676,0.00520068401525897,0,1,200,-0.00101,2.28269978252603e-05,,,0,9
10,scan,M3,2,finite,7,zero,1,1,1,200,200,0.001,1,0.0001,1e-05,1e-07,complete,1,10,0.1745254,5503,Inf,Inf,0.000506040568586262,0.0001206081091567,0.0126812884632727,0.00735074642016547,0.00364108620116629,0.00402484280136817,0.00357690755619489,0,1,200,-0.00101,2.28274045908703e-05,,,0,10
11,scan,M3,2,finite,7,zero,1,1,1,200,200,0.001,1,0.01,1e-05,1e-07,complete,1,10,0.2618109,7517,Inf,Inf,0.000506926863955992,0.000110195129159945,0.0144609909268924,0.00734816483587013,0.00273576242844473,0.00382774447673893,0.00273131670984583,0,1,200,-0.00101,2.30104942039535e-05,,,0,11
12,scan,M4,2,finite,7,zero,1,1,1,200,[66.6666666666667 133.333333333333 133.333333333333],0.001,1,1e-06,1e-05,1e-07,complete,1,10,0.2917688,6857,Inf,Inf,0.000667864355321079,0.000466470465119762,0.0130748514332611,0.0139084323275191,0.0143504387819609,0.0279318323640047,0.000405978433339449,0.0132063014667618,1,200,-0.00101,6.07363828264976e-05,,,0,12
13,scan,M4,2,finite,7,zero,1,1,1,300,[100 200 200],0.001,1,1e-06,1e-05,1e-07,complete,1,10,0.2763824,5801,Inf,Inf,0.000540000305724564,0.000237246852351078,0.0101723097307581,0.00730661879843044,0.00715236962332722,0.0165872369655761,0.00104402024694306,0.00605830710160893,1,300,-0.00101,4.0468749773315e-05,,,0,13
14,scan,M4,2,finite,7,zero,1,1,1,200,[66.6666666666667 133.333333333333 133.333333333333],0.001,1,0.0001,1e-05,1e-07,complete,1,10,0.2793842,5983,Inf,Inf,0.00050986595427186,0.00014003550733884,0.0130855843775852,0.00726186255401388,0.00277622309317942,0.0114613341836745,0.00261965168507661,0,1,200,-0.00101,6.07471943608249e-05,,,0,14
15,scan,M4,2,finite,7,zero,1,1,1,300,[100 200 200],0.001,1,0.0001,1e-05,1e-07,complete,1,10,0.3010426,6070,Inf,Inf,0.000503470448333087,0.000113367722357853,0.0102108138310221,0.00730653660248169,0.00276763905240489,0.00931585647575992,0.00254334424096525,0,1,300,-0.00101,4.04697129233832e-05,,,0,15
16,scan,M4,2,finite,7,zero,1,1,1,200,[66.6666666666667 133.333333333333 133.333333333333],0.001,1,0.01,1e-05,1e-07,complete,1,10,0.3552035,8254,Inf,Inf,0.000525118224273034,0.000173574076459863,0.0150469063132584,0.00725409655765053,0.00280524452452395,0.0038860863080834,0.00280356840246165,0,1,200,-0.00101,6.11556041771157e-05,,,0,16
17,scan,M4,2,finite,7,zero,1,1,1,300,[100 200 200],0.001,1,0.01,1e-05,1e-07,complete,1,10,0.3507091,8711,Inf,Inf,0.000510658185263841,0.000129434997533701,0.0140553587251136,0.00730141753200406,0.00273299842016939,0.0037947651623784,0.00271757035849007,0,1,300,-0.00101,4.07466161396502e-05,,,0,17
18,scan,M2,2,finite,7,zero,1,1,1,100,100,0.01,1,0,1e-05,1e-07,complete,1,10,0.5331817,20330,Inf,Inf,0.0304782520973907,0.0304022511457382,0.257786443534407,0.28136511850985,0.279514047019919,0.184974851356266,0.112217686821543,0.00562902069483728,1,100,-0.00101,0.000653855324964783,,,0,18
19,scan,M3,2,finite,7,zero,1,1,1,100,100,0.01,1,1e-06,1e-05,1e-07,complete,1,10,0.2098896,5198,Inf,Inf,0.00160135596258992,0.0015280412684877,0.018497686237222,0.0411692323017641,0.0413100077049492,0.0432778370836515,0.0397924253454867,0,1,100,-0.00101,0.000457003329925813,,,0,19
20,scan,M3,2,finite,7,zero,1,1,1,100,100,0.01,1,0.0001,1e-05,1e-07,complete,1,10,0.2231378,5284,Inf,Inf,0.00137959774559519,0.00129361056616717,0.0185049463880653,0.0320063400796363,0.0321816754088625,0.0331360879048355,0.0303289935481093,0.00176814153243754,1,100,-0.00101,0.00045703872598879,,,0,20
21,scan,M3,2,finite,7,zero,1,1,1,100,100,0.01,1,0.01,1e-05,1e-07,complete,1,10,0.2234877,6613,Inf,Inf,0.0020122669959566,0.0019146388013156,0.0251891593650677,0.0314617228396282,0.0307398037371525,0.0283255841230562,0.0198120289150177,0.00303662075974276,1,100,-0.00101,0.000460692480753568,,,0,21
22,scan,M2,2,finite,7,zero,1,1,1,200,200,0.01,1,0,1e-05,1e-07,complete,1,10,0.4961236,20971,Inf,Inf,0.0200357821352154,0.0199699015893523,0.159208617649892,0.238862329944994,0.237011803782592,0.126356166945249,0.0779139042062216,0.00440534163276296,1,200,-0.00101,0.00032670424665572,,,0,22
23,scan,M3,2,finite,7,zero,1,1,1,200,200,0.01,1,1e-06,1e-05,1e-07,complete,1,10,0.1918451,4941,Inf,Inf,0.000628100944596276,0.000396502395957246,0.0131954999158802,0.00695838239371881,0.00528045681597704,0.00563666949379172,0.00524365442588048,0,1,200,-0.00101,0.000228312073665415,,,0,23
24,scan,M3,2,finite,7,zero,1,1,1,200,200,0.01,1,0.0001,1e-05,1e-07,complete,1,10,0.1754001,5148,Inf,Inf,0.000618362971528045,0.000380440717145048,0.0133106302246537,0.00695812455596035,0.00381889605493262,0.0041730819072031,0.00377767097021731,0,1,200,-0.00101,0.000228326172328779,,,0,24
25,scan,M3,2,finite,7,zero,1,1,1,200,200,0.01,1,0.01,1e-05,1e-07,complete,1,10,0.2335792,6875,Inf,Inf,0.00102760850579572,0.000893923384654952,0.0179270820287308,0.0188361785398413,0.0190695289676171,0.0257593486319841,0.0170626813106061,0.00314060608231315,1,200,-0.00101,0.000230151087643147,,,0,25
26,scan,M4,2,finite,7,zero,1,1,1,200,[66.6666666666667 133.333333333333 133.333333333333],0.01,1,1e-06,1e-05,1e-07,complete,1,10,0.2316452,5352,Inf,Inf,0.0012452099301942,0.00115363440067584,0.0138501663415281,0.0115976473694834,0.0120369123794734,0.0246378537130465,0.00135652015450616,0.010649614443663,1,200,-0.00101,0.000607832777630729,,,0,26
27,scan,M4,2,finite,7,zero,1,1,1,300,[100 200 200],0.01,1,1e-06,1e-05,1e-07,complete,1,10,0.2278,4902,Inf,Inf,0.000902878299257552,0.000767630200840284,0.0108821939996164,0.0079995072238179,0.00843496878263632,0.0176665314294581,0.00142740940224195,0.00713461926943948,1,300,-0.00101,0.000404883929267623,,,0,27
28,scan,M4,2,finite,7,zero,1,1,1,200,[66.6666666666667 133.333333333333 133.333333333333],0.01,1,0.0001,1e-05,1e-07,complete,1,10,0.2530548,5324,Inf,Inf,0.00119609252447403,0.0010957914003088,0.0139894791135169,0.00790810800049854,0.00360693279085742,0.0110638475176737,0.00312768161611476,0,1,200,-0.00101,0.000607870599237488,,,0,28
29,scan,M4,2,finite,7,zero,1,1,1,300,[100 200 200],0.01,1,0.0001,1e-05,1e-07,complete,1,10,0.2377438,5273,Inf,Inf,0.000872916610190848,0.000727516872925112,0.0113251277262364,0.00691562158821328,0.00306770784410289,0.00710808245934957,0.00291545134829929,0,1,300,-0.00101,0.00040489540182263,,,0,29
30,scan,M4,2,finite,7,zero,1,1,1,200,[66.6666666666667 133.333333333333 133.333333333333],0.01,1,0.01,1e-05,1e-07,complete,1,10,0.3285904,6862,Inf,Inf,0.00167511246743011,0.00159504176791275,0.0201013002364083,0.0211405389872545,0.0213710765663262,0.0278567475902,0.0191898351650386,0.00343179835431306,1,200,-0.00101,0.000612007734162967,,,0,30
31,scan,M4,2,finite,7,zero,1,1,1,300,[100 200 200],0.01,1,0.01,1e-05,1e-07,complete,1,10,0.2806858,7038,Inf,Inf,0.00109078578054592,0.000965134485392865,0.0174927633720894,0.0131841227151606,0.0124624554272563,0.019152901563603,0.00455810894177133,0.000280916018135624,1,300,-0.00101,0.000407678124945291,,,0,31
32,scan,M2,2,finite,7,zero,1,1,1,150,150,0.01,1,1e-06,1e-05,1e-07,complete,1,10,0.5835873,20312,Inf,Inf,0.0239955210167112,0.023927242354823,0.197448841897951,0.257530076164111,0.255679283560351,0.148061179935554,0.0908927403573878,0.00516920110445507,1,150,-0.00101,0.000435680697111054,,,0,32
33,scan,M3,2,finite,7,zero,1,1,1,150,150,0.01,1,1e-06,1e-05,1e-07,complete,1,10,0.2330406,5146,Inf,Inf,0.000706559738136764,0.000512189971966129,0.014989295659385,0.00681402531827545,0.00543876270946426,0.00583208600789958,0.0054378876095853,0,1,150,-0.00101,0.000304469923685295,,,0,33
34,scan,M2,2,finite,7,zero,1,1,1,300,300,0.01,1,1e-06,1e-05,1e-07,complete,1,10,0.9588508,33447,Inf,Inf,0.0155861179528668,0.0155218219811979,0.118147218044578,0.210473382378404,0.208623365523377,0.0923752552580045,0.059484276631404,0.00289290036556666,1,300,-0.00101,0.00021777133211502,,,0,34
35,scan,M3,2,finite,7,zero,1,1,1,300,300,0.01,1,1e-06,1e-05,1e-07,complete,1,10,0.2968336,4922,Inf,Inf,0.000567139669029878,0.000288688297796359,0.0101361658762217,0.00710319276391547,0.00512489178193994,0.00541255609871557,0.00501808999184861,0,1,300,-0.00101,0.000152177807603353,,,0,35
36,main,M2,2,finite,7,zero,1,1,1,200,200,0.01,1,1e-06,1e-05,1e-07,complete,1,10,0.6333811,20971,Inf,Inf,0.0200357821352154,0.0199699015893523,0.159208617649892,0.238862329944994,0.237011803782592,0.126356166945249,0.0779139042062216,0.00440534163276296,1,200,-0.00101,0.00032670424665572,,,0,36
37,main,M3,2,finite,7,zero,1,1,1,200,200,0.01,1,1e-06,1e-05,1e-07,complete,1,10,0.1697349,4941,Inf,Inf,0.000628100944596276,0.000396502395957246,0.0131954999158802,0.00695838239371881,0.00528045681597704,0.00563666949379172,0.00524365442588048,0,1,200,-0.00101,0.000228312073665415,,,0,37
38,main,M4,2,finite,7,zero,1,1,1,300,[100 200 200],0.01,1,1e-06,1e-05,1e-07,complete,1,10,0.2408026,4902,Inf,Inf,0.000902878299257552,0.000767630200840284,0.0108821939996164,0.0079995072238179,0.00843496878263632,0.0176665314294581,0.00142740940224195,0.00713461926943948,1,300,-0.00101,0.000404883929267623,,,0,38
39,main,VFCR-S,2,finite,7,zero,1,1,1,200,200,0.01,1,1e-06,1e-05,1e-07,complete,1,10,0.5941349,10375,Inf,1.565,0.000492494046331725,2.32514103979663e-06,6.53172824411754e-06,0.00739462574953099,8.81053376006745e-06,1.07525220684809e-05,8.80401208247505e-06,0,NaN,NaN,NaN,7.79232823397252e-07,,,0,40
40,main,M2,2,finite,7,constant,1,1,1,200,200,0.01,1,1e-06,1e-05,1e-07,complete,1,10,0.6528387,23418,Inf,Inf,0.0196859817699824,0.0196197389649975,0.156624535606403,0.236361589866824,0.234511029443455,0.124673465394368,0.0770339029642628,0.00417647018448064,1,205.291502622129,-0.00101,0.000509346133004136,,,0,41
41,main,M3,2,finite,7,constant,1,1,1,200,200,0.01,1,1e-06,1e-05,1e-07,complete,1,10,0.2267831,5091,Inf,Inf,0.000651234097801729,0.000439932567319989,0.013172828406359,0.00694782227671157,0.00668364113152982,0.00716279273800876,0.00631510732747731,0.00127404236410644,1,205.291502622129,-0.00101,0.00041294942832773,,,0,42
42,main,M4,2,finite,7,constant,1,1,1,300,[100 200 200],0.01,1,1e-06,1e-05,1e-07,complete,1,10,0.2910368,5121,Inf,Inf,0.000940121320235466,0.000817774115440556,0.0108557956966647,0.00800854081083814,0.00844224731843127,0.0159742160590495,0.00160280756452513,0.00706089170880042,1,305.291502622129,-0.00101,0.000595368701316189,,,0,43
43,main,VFCR-S,2,finite,7,constant,1,1,1,200,200,0.01,1,1e-06,1e-05,1e-07,complete,1,10,0.5419215,6685,Inf,Inf,0.158168068570267,0.158243507633386,0.287287245109238,0.411570883080403,0.411711848011949,0.332541821160531,0.19053141509208,0.242940629771785,NaN,NaN,NaN,0.213347590021969,,,0,45
44,main,M2,2,finite,7,linear,1,1,1,200,200,0.01,1,1e-06,1e-05,1e-07,complete,1,10,0.6025857,23186,Inf,Inf,0.0198980527116183,0.0198320549662361,0.158286598164838,0.238077618875389,0.236227082204985,0.125906860932563,0.0776483735783975,0.004348877756712,1,202.645751311065,-0.00101,0.000403810066379865,,,0,46
45,main,M3,2,finite,7,linear,1,1,1,200,200,0.01,1,1e-06,1e-05,1e-07,complete,1,10,0.1895543,4849,Inf,Inf,0.00063401702177873,0.00040850141935376,0.0131831211176492,0.00695545207243634,0.00592530774451809,0.00615844065120176,0.00576355337535484,0.000512902686208294,1,202.645751311065,-0.00101,0.000299428866438432,,,0,47
46,main,M4,2,finite,7,linear,1,1,1,300,[100 200 200],0.01,1,1e-06,1e-05,1e-07,complete,1,10,0.303818,5747,Inf,Inf,0.000906669627140701,0.000774114802743396,0.0108668202008716,0.00800247109080038,0.00843710104500224,0.0167911258139908,0.00151281472523812,0.00709779603925509,1,302.645751311065,-0.00101,0.000465239793136973,,,0,48
47,main,VFCR-S,2,finite,7,linear,1,1,1,200,200,0.01,1,1e-06,1e-05,1e-07,complete,1,10,0.5547213,7598,Inf,Inf,0.0362555601714147,0.0363157912281974,0.0589301611222808,0.144430817309282,0.144560376876423,0.107384473110004,0.0612637200808619,0.0914190650016815,NaN,NaN,NaN,0.0642288726662664,,,0,50
48,main,M2,2,finite,7,cosine,1,1,1,200,200,0.01,1,1e-06,1e-05,1e-07,complete,1,10,0.5414658,20627,Inf,Inf,0.0200030227156191,0.019937072471964,0.158482379331481,0.23761095860017,0.235760415472043,0.125614510850489,0.0774883078742417,0.00435218206098242,1,202.645751311065,-0.00101,0.000300467724363061,,,0,51
49,main,M3,2,finite,7,cosine,1,1,1,200,200,0.01,1,1e-06,1e-05,1e-07,complete,1,10,0.191881,4884,Inf,Inf,0.000627304650443435,0.000394222554785097,0.0132088692463203,0.00695536728291337,0.00474266372884783,0.00562252368703204,0.00474179387399187,0,1,202.645751311065,-0.00101,0.000232405501229376,,,0,52
50,main,M4,2,finite,7,cosine,1,1,1,300,[100 200 200],0.01,1,1e-06,1e-05,1e-07,complete,1,10,0.2071871,5119,Inf,Inf,0.000911327618451172,0.000777282462205033,0.0108994483823793,0.00799849356034172,0.00843471963445657,0.0185979373015894,0.0013443404230794,0.00717138301692843,1,302.645751311065,-0.00101,0.000431057326174885,,,0,53
51,main,VFCR-S,2,finite,7,cosine,1,1,1,200,200,0.01,1,1e-06,1e-05,1e-07,complete,1,10,0.4620779,6993,Inf,Inf,0.0376766507590327,0.0376651097737346,0.0683988282628202,0.142429863860372,0.142199898547993,0.101689101190524,0.0640950602057049,0.00943204242491569,NaN,NaN,NaN,0.0531040004148657,,,0,55
52,main,M2,2,finite,7,gamma,1,1,1,200,200,0.01,1,1e-06,1e-05,1e-07,complete,1,10,2.8399989,80522,Inf,Inf,0.0201297727306149,0.0200650125879303,0.161192995564948,0.23909860372315,0.237248068248464,0.127750093458908,0.0788596115916445,0.00440031646433092,1,211.382846493456,-0.00101,0.000343181487296805,,,0,56
53,main,M3,2,finite,7,gamma,1,1,1,200,200,0.01,1,1e-06,1e-05,1e-07,complete,1,10,2.6635149,54719,Inf,Inf,0.00063580467916062,0.000419090982615886,0.0132283829585321,0.00689076382836586,0.00621311615102137,0.00646044128714127,0.00589301685560106,0.000806626281179446,1,211.382846493456,-0.00101,0.000308649458465532,,,0,57
54,main,M4,2,finite,7,gamma,1,1,1,300,[100 200 200],0.01,1,1e-06,1e-05,1e-07,complete,1,10,3.0442985,55964,Inf,Inf,0.000913680999316696,0.000790154191030396,0.0109060108589833,0.00822766633285919,0.0086626776773895,0.0157059504646414,0.00151493624952526,0.00731645809117065,1,311.382846493456,-0.00101,0.000462275864812695,,,0,58
55,main,VFCR-S,2,finite,7,gamma,1,1,1,200,200,0.01,1,1e-06,1e-05,1e-07,complete,1,10,3.5079829,46181,Inf,Inf,0.0596313091640826,0.0596955421603624,0.11103169864861,0.148431411433066,0.148712824155559,0.200270783855275,0.104508963313542,0.106133604779913,NaN,NaN,NaN,0.0660615517173323,,,0,60
56,main,M2,2,finite,7,gamma,2,1,1,200,200,0.01,1,1e-06,1e-05,1e-07,complete,1,10,2.8670733,80481,Inf,Inf,0.0199239022917434,0.0198580727769892,0.158681082878698,0.237041118322368,0.235190631123278,0.126370983568939,0.0779016042169036,0.0042071445742744,1,209.243404329726,-0.00101,0.000401116834294155,,,0,61
57,main,M3,2,finite,7,gamma,2,1,1,200,200,0.01,1,1e-06,1e-05,1e-07,complete,1,10,2.4573372,54731,Inf,Inf,0.000632085008824389,0.000409553980870822,0.0132132428222978,0.00691088655393074,0.00536917304985123,0.00681080110149475,0.00521166403861817,3.61252895342279e-05,1,209.243404329726,-0.00101,0.000370344370978417,,,0,62
58,main,M4,2,finite,7,gamma,2,1,1,300,[100 200 200],0.01,1,1e-06,1e-05,1e-07,complete,1,10,3.0651032,56031,Inf,Inf,0.00091561736586061,0.000788646908656236,0.0108898794577077,0.00761424130199146,0.00804839015424869,0.016265808993827,0.00148601505418156,0.00673139635035036,1,309.243404329726,-0.00101,0.000568333159126991,,,0,63
59,main,VFCR-S,2,finite,7,gamma,2,1,1,200,200,0.01,1,1e-06,1e-05,1e-07,complete,1,10,3.5115599,45777,Inf,Inf,0.0604599246023651,0.0605402467689521,0.107941416933764,0.152916580350014,0.153050238445514,0.258544375120323,0.117917880255859,0.0885035596742976,NaN,NaN,NaN,0.0606982602190709,,,0,65
60,main,M2,2,finite,7,gamma,3,1,1,200,200,0.01,1,1e-06,1e-05,1e-07,complete,1,10,2.4939464,80138,Inf,Inf,0.0198019501409791,0.0197352291201938,0.156932980408271,0.236364828965497,0.234514345325618,0.124482199339259,0.0768722066278631,0.00429416457119047,1,212.691672734145,-0.00101,0.000388609239541088,,,0,66
61,main,M3,2,finite,7,gamma,3,1,1,200,200,0.01,1,1e-06,1e-05,1e-07,complete,1,10,2.1370603,54410,Inf,Inf,0.000645688136348039,0.000424673449642654,0.0132061090603479,0.00696018385123571,0.00645403278768415,0.00747950962930552,0.00634723300623885,0.00101340182857768,1,212.691672734145,-0.00101,0.000326599388968423,,,0,67
62,main,M4,2,finite,7,gamma,3,1,1,300,[100 200 200],0.01,1,1e-06,1e-05,1e-07,complete,1,10,2.6160748,55611,Inf,Inf,0.000920828841560688,0.000788763640566099,0.0108865402058815,0.00767820672215346,0.00811081115988158,0.0182716370214228,0.00163413212400765,0.00672208787054029,1,312.691672734145,-0.00101,0.000417532026497801,,,0,68
63,main,VFCR-S,2,finite,7,gamma,3,1,1,200,200,0.01,1,1e-06,1e-05,1e-07,complete,1,10,3.1129841,45745,Inf,Inf,0.058325400014173,0.0583967266844845,0.10439389161274,0.15862201669797,0.158720250206711,0.217330562441532,0.117608529139741,0.096726842848309,NaN,NaN,NaN,0.0980251532688366,,,0,70
64,main,M2,2,finite,7,gamma,4,1,1,200,200,0.01,1,1e-06,1e-05,1e-07,complete,1,10,2.3993229,80800,Inf,Inf,0.0197588025053651,0.0196929378784435,0.157728431743377,0.234986390284739,0.233135882898746,0.126235686923175,0.0778998223261407,0.00439953505388324,1,211.217872859887,-0.00101,0.000482892558046245,,,0,71
65,main,M3,2,finite,7,gamma,4,1,1,200,200,0.01,1,1e-06,1e-05,1e-07,complete,1,10,2.4482649,54743,Inf,Inf,0.000639885949724376,0.000418567252115889,0.0131303968933797,0.006958009762935,0.00595096348820868,0.00694558324538012,0.00592761242651751,0.000427596979241107,1,211.217872859887,-0.00101,0.000293580816438135,,,0,72
66,main,M4,2,finite,7,gamma,4,1,1,300,[100 200 200],0.01,1,1e-06,1e-05,1e-07,complete,1,10,2.7214718,56007,Inf,Inf,0.000916281652802123,0.000786961355386681,0.0108187171341628,0.00720755463885753,0.0076390439854583,0.0169045799491387,0.00162240125667235,0.00626574409244762,1,311.217872859887,-0.00101,0.000467331386577934,,,0,73
67,main,VFCR-S,2,finite,7,gamma,4,1,1,200,200,0.01,1,1e-06,1e-05,1e-07,complete,1,10,2.7423948,45849,Inf,Inf,0.0654180845967224,0.0654719786215181,0.126765764112583,0.194754620975143,0.195072855089641,0.221935916282636,0.115012892247124,0.159063910679277,NaN,NaN,NaN,0.0571425530632017,,,0,75
68,main,M2,2,finite,7,gamma,5,1,1,200,200,0.01,1,1e-06,1e-05,1e-07,complete,1,10,2.2525527,79906,Inf,Inf,0.0200974082494937,0.0200321431017897,0.159628112294888,0.240970771664521,0.23912013541629,0.12660862913604,0.0778627454923193,0.00439337911216509,1,209.347850429473,-0.00101,0.00044875491866214,,,0,76
69,main,M3,2,finite,7,gamma,5,1,1,200,200,0.01,1,1e-06,1e-05,1e-07,complete,1,10,2.1039634,54266,Inf,Inf,0.000631578778165497,0.00040865742595097,0.0131961330381271,0.0069322467467788,0.00543967173783881,0.00622175457178558,0.00540404455866117,8.124589437708e-05,1,209.347850429473,-0.00101,0.000251651684985146,,,0,77
70,main,M4,2,finite,7,gamma,5,1,1,300,[100 200 200],0.01,1,1e-06,1e-05,1e-07,complete,1,10,2.679843,55590,Inf,Inf,0.000910741478431998,0.00078365270588814,0.0108790942779079,0.00754013303480281,0.00797387116762808,0.0171818869906728,0.00150867533326715,0.00664809660667021,1,309.347850429473,-0.00101,0.000426619905707043,,,0,78
71,main,VFCR-S,2,finite,7,gamma,5,1,1,200,200,0.01,1,1e-06,1e-05,1e-07,complete,1,10,2.8512174,45773,Inf,Inf,0.0619369116508087,0.0620330713993104,0.103650001209405,0.149286683446228,0.150005244220485,0.183472975880641,0.127822228587986,0.10224522194838,NaN,NaN,NaN,0.0499727037575907,,,0,80
72,main,M2,2,finite,7,gaussian,1,1,1,200,200,0.01,1,1e-06,1e-05,1e-07,complete,1,10,2.2141395,80849,Inf,Inf,0.0199521911201549,0.0198862838741643,0.159011767069575,0.23831391232503,0.236463358574065,0.126668900565121,0.0780205534027647,0.00435318763046944,1,204.77279185708,-0.00101,0.000186029628482524,,,0,81
73,main,M3,2,finite,7,gaussian,1,1,1,200,200,0.01,1,1e-06,1e-05,1e-07,complete,1,10,2.2317416,54690,Inf,Inf,0.000627211816952374,0.000400110945397856,0.0131808685720946,0.00692973429201884,0.00519208147557605,0.00522995664602934,0.00468681379394376,0.000377403158300815,1,204.77279185708,-0.00101,0.000246831471161546,,,0,82
74,main,M4,2,finite,7,gaussian,1,1,1,300,[100 200 200],0.01,1,1e-06,1e-05,1e-07,complete,1,10,2.6588747,56048,Inf,Inf,0.000915606847725126,0.000786319835017724,0.0108666951964548,0.00877221904819808,0.00920990778158024,0.0156305361116285,0.00127910219051508,0.00795066256352661,1,304.77279185708,-0.00101,0.000362602586685865,,,0,83
75,main,VFCR-S,2,finite,7,gaussian,1,1,1,200,200,0.01,1,1e-06,1e-05,1e-07,complete,1,10,3.4775741,49467,Inf,Inf,0.0220591024868902,0.0220537188494656,0.0368874067937092,0.102640604419548,0.103040727978576,0.110697992162941,0.0424666017466199,0.0260094728973383,NaN,NaN,NaN,0.0384947242768363,,,0,85
76,main,M2,2,finite,7,gaussian,2,1,1,200,200,0.01,1,1e-06,1e-05,1e-07,complete,1,10,2.7418718,81242,Inf,Inf,0.0200596979728946,0.0199944042060694,0.158804939361899,0.238002054962317,0.236151524726729,0.125217940942223,0.0773132291602656,0.00435915780465312,1,205.455732486552,-0.00101,0.000510657614506221,,,0,86
77,main,M3,2,finite,7,gaussian,2,1,1,200,200,0.01,1,1e-06,1e-05,1e-07,complete,1,10,2.2348251,54957,Inf,Inf,0.000649138566533965,0.000431546141247265,0.0132286260431743,0.00727876260161431,0.0073198667135978,0.00796367447279159,0.00726437551805614,0.00181518821614679,1,205.455732486552,-0.00101,0.00028482003006732,,,0,87
78,main,M4,2,finite,7,gaussian,2,1,1,300,[100 200 200],0.01,1,1e-06,1e-05,1e-07,complete,1,10,2.5936679,56282,Inf,Inf,0.000911211798732816,0.000780085075964465,0.0109154727958077,0.00835362408368848,0.00878719554930104,0.0163044720628873,0.00168319685090512,0.00735967915999014,1,305.455732486552,-0.00101,0.000527997854412227,,,0,88
79,main,VFCR-S,2,finite,7,gaussian,2,1,1,200,200,0.01,1,1e-06,1e-05,1e-07,complete,1,10,3.1401087,49664,Inf,Inf,0.0194465442267093,0.0194379118012776,0.0350937741058361,0.0525935724991702,0.0526423553678085,0.124384812750873,0.049424437099728,0.0186417323033836,NaN,NaN,NaN,0.0683071099438612,,,0,90
80,main,M2,2,finite,7,gaussian,3,1,1,200,200,0.01,1,1e-06,1e-05,1e-07,complete,1,10,2.2862535,81037,Inf,Inf,0.0203167800349903,0.02025065788898,0.160518566907778,0.244575807498526,0.242725190819359,0.12553029429038,0.0775460408581441,0.00455651807451951,1,204.884894774414,-0.00101,0.000444017287975857,,,0,91
81,main,M3,2,finite,7,gaussian,3,1,1,200,200,0.01,1,1e-06,1e-05,1e-07,complete,1,10,2.0936848,54728,Inf,Inf,0.00063948073918256,0.000408321151281609,0.0131819349411058,0.00700461211428214,0.00605214115853834,0.00637588680223173,0.00599855931062843,0.000574735515526559,1,204.884894774414,-0.00101,0.000438784590342139,,,0,92
82,main,M4,2,finite,7,gaussian,3,1,1,300,[100 200 200],0.01,1,1e-06,1e-05,1e-07,complete,1,10,2.691106,56077,Inf,Inf,0.000909844946250426,0.000769211019842257,0.0108700536479062,0.00798820524951024,0.00842254891190741,0.018028473822361,0.00153824165359318,0.00707186491109146,1,304.884894774414,-0.00101,0.00077340075419699,,,0,93
83,main,VFCR-S,2,finite,7,gaussian,3,1,1,200,200,0.01,1,1e-06,1e-05,1e-07,complete,1,10,3.6510836,49706,Inf,Inf,0.0178281634875301,0.0177880279740264,0.0367897862636711,0.0622517388719207,0.0615346212744604,0.102271427769411,0.0370712716534626,0.0226236385296517,NaN,NaN,NaN,0.0517202630583464,,,0,95
84,main,M2,2,finite,7,gaussian,4,1,1,200,200,0.01,1,1e-06,1e-05,1e-07,complete,1,10,2.6003815,81367,Inf,Inf,0.0200940842259483,0.0200282027202005,0.157989995674406,0.240046947748843,0.238196369739734,0.124738285837903,0.0772182677986082,0.00475605082161756,1,204.930744879654,-0.00101,0.000367944522645272,,,0,96
85,main,M3,2,finite,7,gaussian,4,1,1,200,200,0.01,1,1e-06,1e-05,1e-07,complete,1,10,2.098013,54934,Inf,Inf,0.000632671640734109,0.000399851856886805,0.0132385786850458,0.00699638913737761,0.00509616008594907,0.00539638466549827,0.00507329628700826,7.95406051978809e-05,1,204.930744879654,-0.00101,0.000223411049802772,,,0,97
86,main,M4,2,finite,7,gaussian,4,1,1,300,[100 200 200],0.01,1,1e-06,1e-05,1e-07,complete,1,10,2.5583764,56303,Inf,Inf,0.000917680206621114,0.00078136212597929,0.0109233950101069,0.00818369163906227,0.00861986262342257,0.0171545754686409,0.00138095042783759,0.00733496501576703,1,304.930744879654,-0.00101,0.000375116858590384,,,0,98
87,main,VFCR-S,2,finite,7,gaussian,4,1,1,200,200,0.01,1,1e-06,1e-05,1e-07,complete,1,10,3.9386207,49912,Inf,Inf,0.0197819400880032,0.0198053938953954,0.0389007943479529,0.0727373033577519,0.072791826404349,0.116082585861272,0.0357468060270669,0.038024762848311,NaN,NaN,NaN,0.0298798442527949,,,0,100
88,main,M2,2,finite,7,gaussian,5,1,1,200,200,0.01,1,1e-06,1e-05,1e-07,complete,1,10,2.9650403,80939,Inf,Inf,0.0201667293654678,0.0201001628664925,0.160499621257017,0.24274994405198,0.240899387358407,0.126466004349922,0.0781136021944482,0.00413986009468537,1,205.235802525163,-0.00101,0.000330069483892999,,,0,101
89,main,M3,2,finite,7,gaussian,5,1,1,200,200,0.01,1,1e-06,1e-05,1e-07,complete,1,10,2.5060713,54634,Inf,Inf,0.000632889626541513,0.000406586830551791,0.0132136804840137,0.0069414022333313,0.00578411929315892,0.00661196999229491,0.0057107976195796,0.000331714106701408,1,205.235802525163,-0.00101,0.000253882752946933,,,0,102
90,main,M4,2,finite,7,gaussian,5,1,1,300,[100 200 200],0.01,1,1e-06,1e-05,1e-07,complete,1,10,2.6930883,55976,Inf,Inf,0.000907544931857574,0.000775498647228981,0.0108982816273438,0.00808761287273958,0.00852264280715881,0.0189599626843212,0.00148788233726305,0.00719250464874777,1,305.235802525163,-0.00101,0.000377207741294085,,,0,103
91,main,VFCR-S,2,finite,7,gaussian,5,1,1,200,200,0.01,1,1e-06,1e-05,1e-07,complete,1,10,2.9542352,49570,Inf,Inf,0.0206625657018802,0.0206746092270889,0.0364680826706171,0.0824550535348667,0.0825777469005243,0.127160031689697,0.0421479662029614,0.024509654147014,NaN,NaN,NaN,0.022108546185348,,,0,105
92,main,M2,2,finite,7,harmonic,1,1,1,200,200,0.01,1,1e-06,1e-05,1e-07,complete,1,10,0.4747945,21674,Inf,Inf,0.0198816920988267,0.0198155316752272,0.158068088623319,0.237783728751271,0.235933182819049,0.12572223240395,0.0775605214235846,0.00429638473753435,1,202.645751311065,-0.00101,0.000395492810390319,,,0,106
93,main,M3,2,finite,7,harmonic,1,1,1,200,200,0.01,1,1e-06,1e-05,1e-07,complete,1,10,0.1511245,4951,Inf,Inf,0.000632951338801183,0.000405164864281642,0.013183187091652,0.00695564314243019,0.00591322629224177,0.00614522589620028,0.00575441286874834,0.000500200146992258,1,202.645751311065,-0.00101,0.000290691424924645,,,0,107
94,main,M4,2,finite,7,harmonic,1,1,1,300,[100 200 200],0.01,1,1e-06,1e-05,1e-07,complete,1,10,0.2256361,5047,Inf,Inf,0.000902489498157798,0.000767422514451528,0.0108666456440365,0.00800199526044326,0.00843664086905025,0.0168044958754477,0.00151117482834895,0.00709810285843537,1,302.645751311065,-0.00101,0.000456317889125248,,,0,108
95,main,VFCR-S,2,finite,7,harmonic,1,1,1,200,200,0.01,1,1e-06,1e-05,1e-07,complete,1,10,0.7399011,13684,Inf,Inf,0.0296676431071267,0.0296702938888993,0.0584057872349948,0.0810679706853245,0.0813111922759257,0.125308106135128,0.0431596672459993,0.0339952526697409,NaN,NaN,NaN,0.0845363376098173,,,0,110
96,precision,M2,2,finite,7,zero,1,1,1,200,200,0.01,1,1e-06,1e-07,1e-09,complete,1,10,0.7151419,28128,Inf,Inf,0.020035621404094,0.0199697415099083,0.159209015901795,0.238859452279414,0.237008926174071,0.126358036194585,0.0779147278453849,0.00440535500720163,1,200,-1.01e-05,0.000326702576149465,,,0,131
97,precision,M3,2,finite,7,zero,1,1,1,200,200,0.01,1,1e-06,1e-07,1e-09,complete,1,10,0.3415029,8659,Inf,Inf,0.000628097864598263,0.000396492886477473,0.0131954410097465,0.00695835693838516,0.00528047602088762,0.00563670411449074,0.00524368704577438,0,1,200,-1.01e-05,0.000228309369537984,,,0,132
98,precision,M4,2,finite,7,zero,1,1,1,300,[100 200 200],0.01,1,1e-06,1e-07,1e-09,complete,1,10,0.401649,8590,Inf,Inf,0.000902875297518236,0.000767626969381992,0.0108821388127443,0.00799926726947938,0.0084347279218515,0.0176663612268869,0.00142746303043872,0.0071343609274479,1,300,-1.01e-05,0.000404884466738966,,,0,133
99,precision,VFCR-S,2,finite,7,zero,1,1,1,200,200,0.01,1,1e-06,1e-07,1e-09,complete,1,10,0.7854504,12775,1.915,1.565,0.000492546434623553,3.75445527532558e-08,1.15562268454403e-07,0.00739478076535975,1.33310774719408e-07,2.1046056421006e-07,1.18184704245294e-07,0,NaN,NaN,NaN,9.84863091501553e-09,,,0,135
