function,path
config,C:\Users\anzai\Documents\znn_new\experiments\gnn_v2_20261002\config.m
jobs,C:\Users\anzai\Documents\znn_new\experiments\gnn_v2_20261002\jobs.m
simulate,C:\Users\anzai\Documents\znn_new\experiments\gnn_v2_20261002\simulate.m
metrics,C:\Users\anzai\Documents\znn_new\experiments\gnn_v2_20261002\metrics.m
reference,C:\Users\anzai\Documents\znn_new\experiments\gnn_v2_20261002\reference.m
problemof,C:\Users\anzai\Documents\znn_new\experiments\gnn_v2_20261002\problemof.m
noises,C:\Users\anzai\Documents\znn_new\experiments\gnn_v2_20261002\noises.m
collect,C:\Users\anzai\Documents\znn_new\experiments\gnn_v2_20261002\collect.m
parts,C:\Users\anzai\Documents\znn_new\experiments\gnn_v2_20261002\parts.m
motion,C:\Users\anzai\Documents\znn_new\experiments\gnn_v2_20261002\motion.m
pg_system,C:\Users\anzai\Documents\znn_new\experiments\gnn_v2_20261002\pg_system.m
gsmooth,C:\Users\anzai\Documents\znn_new\experiments\gnn_v2_20261002\gsmooth.m
fsmooth,C:\Users\anzai\Documents\znn_new\experiments\gnn_v2_20261002\fsmooth.m
digest,C:\Users\anzai\Documents\znn_new\experiments\gnn_v2_20261002\digest.m
my_system,C:\Users\anzai\Documents\znn_new\my_system.m
gnn_system,C:\Users\anzai\Documents\znn_new\gnn_system.m
example1_problem,C:\Users\anzai\Documents\znn_new\example1_problem.m
example2_problem,C:\Users\anzai\Documents\znn_new\example2_problem.m
